"filename", "language", "C#", "JavaScript", "Markdown", "CSS", "JSON", "XML", "Razor", "Properties", "comment", "blank", "total"
"c:\Users\MSI SWORD 15 A12V\source\repos\SoftWhatsAppCRMDash\SoftWhatsAppCRMDash\.config\dotnet-tools.json", "JSON", 0, 0, 0, 0, 13, 0, 0, 0, 0, 0, 13
"c:\Users\MSI SWORD 15 A12V\source\repos\SoftWhatsAppCRMDash\SoftWhatsAppCRMDash\Controllers\AccountController.cs", "C#", 50, 0, 0, 0, 0, 0, 0, 0, 0, 12, 62
"c:\Users\MSI SWORD 15 A12V\source\repos\SoftWhatsAppCRMDash\SoftWhatsAppCRMDash\Controllers\CategoryController.cs", "C#", 96, 0, 0, 0, 0, 0, 0, 0, 2, 15, 113
"c:\Users\MSI SWORD 15 A12V\source\repos\SoftWhatsAppCRMDash\SoftWhatsAppCRMDash\Controllers\ClientController.cs", "C#", 34, 0, 0, 0, 0, 0, 0, 0, 1, 5, 40
"c:\Users\MSI SWORD 15 A12V\source\repos\SoftWhatsAppCRMDash\SoftWhatsAppCRMDash\Controllers\CrmController.cs", "C#", 114, 0, 0, 0, 0, 0, 0, 0, 0, 14, 128
"c:\Users\MSI SWORD 15 A12V\source\repos\SoftWhatsAppCRMDash\SoftWhatsAppCRMDash\Controllers\HomeController.cs", "C#", 27, 0, 0, 0, 0, 0, 0, 0, 0, 6, 33
"c:\Users\MSI SWORD 15 A12V\source\repos\SoftWhatsAppCRMDash\SoftWhatsAppCRMDash\Controllers\MarkController.cs", "C#", 27, 0, 0, 0, 0, 0, 0, 0, 1, 4, 32
"c:\Users\MSI SWORD 15 A12V\source\repos\SoftWhatsAppCRMDash\SoftWhatsAppCRMDash\Controllers\ProductController.cs", "C#", 71, 0, 0, 0, 0, 0, 0, 0, 3, 6, 80
"c:\Users\MSI SWORD 15 A12V\source\repos\SoftWhatsAppCRMDash\SoftWhatsAppCRMDash\Controllers\RoleController.cs", "C#", 22, 0, 0, 0, 0, 0, 0, 0, 0, 3, 25
"c:\Users\MSI SWORD 15 A12V\source\repos\SoftWhatsAppCRMDash\SoftWhatsAppCRMDash\Controllers\SaleNoteController.cs", "C#", 70, 0, 0, 0, 0, 0, 0, 0, 1, 8, 79
"c:\Users\MSI SWORD 15 A12V\source\repos\SoftWhatsAppCRMDash\SoftWhatsAppCRMDash\Controllers\UserController.cs", "C#", 27, 0, 0, 0, 0, 0, 0, 0, 0, 6, 33
"c:\Users\MSI SWORD 15 A12V\source\repos\SoftWhatsAppCRMDash\SoftWhatsAppCRMDash\Data\DbSeeder.cs", "C#", 33, 0, 0, 0, 0, 0, 0, 0, 0, 4, 37
"c:\Users\MSI SWORD 15 A12V\source\repos\SoftWhatsAppCRMDash\SoftWhatsAppCRMDash\Data\WhatsAppCrmContext.cs", "C#", 292, 0, 0, 0, 0, 0, 0, 0, 0, 72, 364
"c:\Users\MSI SWORD 15 A12V\source\repos\SoftWhatsAppCRMDash\SoftWhatsAppCRMDash\Migrations\20241230152334_AddIdentity.Designer.cs", "C#", 711, 0, 0, 0, 0, 0, 0, 0, 2, 234, 947
"c:\Users\MSI SWORD 15 A12V\source\repos\SoftWhatsAppCRMDash\SoftWhatsAppCRMDash\Migrations\20241230152334_AddIdentity.cs", "C#", 200, 0, 0, 0, 0, 0, 0, 0, 3, 27, 230
"c:\Users\MSI SWORD 15 A12V\source\repos\SoftWhatsAppCRMDash\SoftWhatsAppCRMDash\Migrations\WhatsAppCrmContextModelSnapshot.cs", "C#", 709, 0, 0, 0, 0, 0, 0, 0, 1, 234, 944
"c:\Users\MSI SWORD 15 A12V\source\repos\SoftWhatsAppCRMDash\SoftWhatsAppCRMDash\Models\Carrito.cs", "C#", 15, 0, 0, 0, 0, 0, 0, 0, 0, 11, 26
"c:\Users\MSI SWORD 15 A12V\source\repos\SoftWhatsAppCRMDash\SoftWhatsAppCRMDash\Models\Categorium.cs", "C#", 12, 0, 0, 0, 0, 0, 0, 0, 0, 8, 20
"c:\Users\MSI SWORD 15 A12V\source\repos\SoftWhatsAppCRMDash\SoftWhatsAppCRMDash\Models\Cliente.cs", "C#", 17, 0, 0, 0, 0, 0, 0, 0, 0, 12, 29
"c:\Users\MSI SWORD 15 A12V\source\repos\SoftWhatsAppCRMDash\SoftWhatsAppCRMDash\Models\Contexto.cs", "C#", 11, 0, 0, 0, 0, 0, 0, 0, 0, 7, 18
"c:\Users\MSI SWORD 15 A12V\source\repos\SoftWhatsAppCRMDash\SoftWhatsAppCRMDash\Models\EnterpriseContext.cs", "C#", 9, 0, 0, 0, 0, 0, 0, 0, 0, 5, 14
"c:\Users\MSI SWORD 15 A12V\source\repos\SoftWhatsAppCRMDash\SoftWhatsAppCRMDash\Models\Entrega.cs", "C#", 11, 0, 0, 0, 0, 0, 0, 0, 0, 7, 18
"c:\Users\MSI SWORD 15 A12V\source\repos\SoftWhatsAppCRMDash\SoftWhatsAppCRMDash\Models\ErrorViewModel.cs", "C#", 8, 0, 0, 0, 0, 0, 0, 0, 0, 2, 10
"c:\Users\MSI SWORD 15 A12V\source\repos\SoftWhatsAppCRMDash\SoftWhatsAppCRMDash\Models\Marca.cs", "C#", 9, 0, 0, 0, 0, 0, 0, 0, 0, 5, 14
"c:\Users\MSI SWORD 15 A12V\source\repos\SoftWhatsAppCRMDash\SoftWhatsAppCRMDash\Models\Migration.cs", "C#", 9, 0, 0, 0, 0, 0, 0, 0, 0, 5, 14
"c:\Users\MSI SWORD 15 A12V\source\repos\SoftWhatsAppCRMDash\SoftWhatsAppCRMDash\Models\Pedido.cs", "C#", 21, 0, 0, 0, 0, 0, 0, 0, 0, 17, 38
"c:\Users\MSI SWORD 15 A12V\source\repos\SoftWhatsAppCRMDash\SoftWhatsAppCRMDash\Models\Producto.cs", "C#", 21, 0, 0, 0, 0, 0, 0, 0, 0, 17, 38
"c:\Users\MSI SWORD 15 A12V\source\repos\SoftWhatsAppCRMDash\SoftWhatsAppCRMDash\Models\ResenaProducto.cs", "C#", 13, 0, 0, 0, 0, 0, 0, 0, 0, 9, 22
"c:\Users\MSI SWORD 15 A12V\source\repos\SoftWhatsAppCRMDash\SoftWhatsAppCRMDash\Models\SaleNote.cs", "C#", 14, 0, 0, 0, 0, 0, 0, 0, 0, 10, 24
"c:\Users\MSI SWORD 15 A12V\source\repos\SoftWhatsAppCRMDash\SoftWhatsAppCRMDash\Models\SaleNoteDetail.cs", "C#", 14, 0, 0, 0, 0, 0, 0, 0, 0, 10, 24
"c:\Users\MSI SWORD 15 A12V\source\repos\SoftWhatsAppCRMDash\SoftWhatsAppCRMDash\Models\Usuario.cs", "C#", 13, 0, 0, 0, 0, 0, 0, 0, 0, 9, 22
"c:\Users\MSI SWORD 15 A12V\source\repos\SoftWhatsAppCRMDash\SoftWhatsAppCRMDash\Program.cs", "C#", 42, 0, 0, 0, 0, 0, 0, 0, 7, 17, 66
"c:\Users\MSI SWORD 15 A12V\source\repos\SoftWhatsAppCRMDash\SoftWhatsAppCRMDash\Properties\PublishProfiles\SoftWhatsAppCRMDashBoard - Web Deploy.pubxml", "XML", 0, 0, 0, 0, 0, 28, 0, 0, 4, 0, 32
"c:\Users\MSI SWORD 15 A12V\source\repos\SoftWhatsAppCRMDash\SoftWhatsAppCRMDash\Properties\ServiceDependencies\SoftWhatsAppCRMDashBoard - Web Deploy\profile.arm.json", "JSON", 0, 0, 0, 0, 113, 0, 0, 0, 0, 0, 113
"c:\Users\MSI SWORD 15 A12V\source\repos\SoftWhatsAppCRMDash\SoftWhatsAppCRMDash\Properties\launchSettings.json", "JSON", 0, 0, 0, 0, 38, 0, 0, 0, 0, 1, 39
"c:\Users\MSI SWORD 15 A12V\source\repos\SoftWhatsAppCRMDash\SoftWhatsAppCRMDash\SoftWhatsAppCRMDash.csproj", "XML", 0, 0, 0, 0, 0, 29, 0, 0, 0, 7, 36
"c:\Users\MSI SWORD 15 A12V\source\repos\SoftWhatsAppCRMDash\SoftWhatsAppCRMDash\ViewModels\ClientCreateVM.cs", "C#", 7, 0, 0, 0, 0, 0, 0, 0, 0, 1, 8
"c:\Users\MSI SWORD 15 A12V\source\repos\SoftWhatsAppCRMDash\SoftWhatsAppCRMDash\ViewModels\ClientVM.cs", "C#", 13, 0, 0, 0, 0, 0, 0, 0, 0, 4, 17
"c:\Users\MSI SWORD 15 A12V\source\repos\SoftWhatsAppCRMDash\SoftWhatsAppCRMDash\ViewModels\LoginVM.cs", "C#", 13, 0, 0, 0, 0, 0, 0, 0, 0, 3, 16
"c:\Users\MSI SWORD 15 A12V\source\repos\SoftWhatsAppCRMDash\SoftWhatsAppCRMDash\ViewModels\ProductVM.cs", "C#", 17, 0, 0, 0, 0, 0, 0, 0, 0, 10, 27
"c:\Users\MSI SWORD 15 A12V\source\repos\SoftWhatsAppCRMDash\SoftWhatsAppCRMDash\ViewModels\RoleVM.cs", "C#", 8, 0, 0, 0, 0, 0, 0, 0, 0, 1, 9
"c:\Users\MSI SWORD 15 A12V\source\repos\SoftWhatsAppCRMDash\SoftWhatsAppCRMDash\ViewModels\SaleNoteVM.cs", "C#", 14, 0, 0, 0, 0, 0, 0, 0, 0, 4, 18
"c:\Users\MSI SWORD 15 A12V\source\repos\SoftWhatsAppCRMDash\SoftWhatsAppCRMDash\ViewModels\UserVM.cs", "C#", 9, 0, 0, 0, 0, 0, 0, 0, 0, 1, 10
"c:\Users\MSI SWORD 15 A12V\source\repos\SoftWhatsAppCRMDash\SoftWhatsAppCRMDash\Views\Account\Login.cshtml", "Razor", 0, 0, 0, 0, 0, 0, 50, 0, 0, 5, 55
"c:\Users\MSI SWORD 15 A12V\source\repos\SoftWhatsAppCRMDash\SoftWhatsAppCRMDash\Views\Category\Index.cshtml", "Razor", 0, 0, 0, 0, 0, 0, 143, 0, 2, 8, 153
"c:\Users\MSI SWORD 15 A12V\source\repos\SoftWhatsAppCRMDash\SoftWhatsAppCRMDash\Views\Client\Index.cshtml", "Razor", 0, 0, 0, 0, 0, 0, 158, 0, 2, 13, 173
"c:\Users\MSI SWORD 15 A12V\source\repos\SoftWhatsAppCRMDash\SoftWhatsAppCRMDash\Views\Crm\Client.cshtml", "Razor", 0, 0, 0, 0, 0, 0, 167, 0, 2, 13, 182
"c:\Users\MSI SWORD 15 A12V\source\repos\SoftWhatsAppCRMDash\SoftWhatsAppCRMDash\Views\Crm\Index.cshtml", "Razor", 0, 0, 0, 0, 0, 0, 26, 0, 0, 9, 35
"c:\Users\MSI SWORD 15 A12V\source\repos\SoftWhatsAppCRMDash\SoftWhatsAppCRMDash\Views\Home\Index.cshtml", "Razor", 0, 0, 0, 0, 0, 0, 10, 0, 0, 2, 12
"c:\Users\MSI SWORD 15 A12V\source\repos\SoftWhatsAppCRMDash\SoftWhatsAppCRMDash\Views\Home\Privacy.cshtml", "Razor", 0, 0, 0, 0, 0, 0, 5, 0, 0, 2, 7
"c:\Users\MSI SWORD 15 A12V\source\repos\SoftWhatsAppCRMDash\SoftWhatsAppCRMDash\Views\Mark\Index.cshtml", "Razor", 0, 0, 0, 0, 0, 0, 143, 0, 2, 7, 152
"c:\Users\MSI SWORD 15 A12V\source\repos\SoftWhatsAppCRMDash\SoftWhatsAppCRMDash\Views\Product\Index.cshtml", "Razor", 0, 0, 0, 0, 0, 0, 188, 0, 2, 18, 208
"c:\Users\MSI SWORD 15 A12V\source\repos\SoftWhatsAppCRMDash\SoftWhatsAppCRMDash\Views\Role\Index.cshtml", "Razor", 0, 0, 0, 0, 0, 0, 143, 0, 2, 7, 152
"c:\Users\MSI SWORD 15 A12V\source\repos\SoftWhatsAppCRMDash\SoftWhatsAppCRMDash\Views\SaleNote\Index.cshtml", "Razor", 0, 0, 0, 0, 0, 0, 161, 0, 2, 9, 172
"c:\Users\MSI SWORD 15 A12V\source\repos\SoftWhatsAppCRMDash\SoftWhatsAppCRMDash\Views\Shared\Error.cshtml", "Razor", 0, 0, 0, 0, 0, 0, 22, 0, 0, 4, 26
"c:\Users\MSI SWORD 15 A12V\source\repos\SoftWhatsAppCRMDash\SoftWhatsAppCRMDash\Views\Shared\_Layout.cshtml", "Razor", 0, 0, 0, 0, 0, 0, 63, 0, 0, 16, 79
"c:\Users\MSI SWORD 15 A12V\source\repos\SoftWhatsAppCRMDash\SoftWhatsAppCRMDash\Views\Shared\_Layout.cshtml.css", "CSS", 0, 0, 0, 38, 0, 0, 0, 0, 2, 9, 49
"c:\Users\MSI SWORD 15 A12V\source\repos\SoftWhatsAppCRMDash\SoftWhatsAppCRMDash\Views\Shared\_LoginLayout.cshtml", "Razor", 0, 0, 0, 0, 0, 0, 27, 0, 0, 6, 33
"c:\Users\MSI SWORD 15 A12V\source\repos\SoftWhatsAppCRMDash\SoftWhatsAppCRMDash\Views\Shared\_NavBar.cshtml", "Razor", 0, 0, 0, 0, 0, 0, 374, 0, 7, 7, 388
"c:\Users\MSI SWORD 15 A12V\source\repos\SoftWhatsAppCRMDash\SoftWhatsAppCRMDash\Views\Shared\_SideBar.cshtml", "Razor", 0, 0, 0, 0, 0, 0, 479, 0, 1, 20, 500
"c:\Users\MSI SWORD 15 A12V\source\repos\SoftWhatsAppCRMDash\SoftWhatsAppCRMDash\Views\Shared\_ValidationScriptsPartial.cshtml", "Razor", 0, 0, 0, 0, 0, 0, 2, 0, 0, 1, 3
"c:\Users\MSI SWORD 15 A12V\source\repos\SoftWhatsAppCRMDash\SoftWhatsAppCRMDash\Views\User\Index.cshtml", "Razor", 0, 0, 0, 0, 0, 0, 147, 0, 2, 7, 156
"c:\Users\MSI SWORD 15 A12V\source\repos\SoftWhatsAppCRMDash\SoftWhatsAppCRMDash\Views\_ViewImports.cshtml", "Razor", 0, 0, 0, 0, 0, 0, 4, 0, 0, 1, 5
"c:\Users\MSI SWORD 15 A12V\source\repos\SoftWhatsAppCRMDash\SoftWhatsAppCRMDash\Views\_ViewStart.cshtml", "Razor", 0, 0, 0, 0, 0, 0, 3, 0, 0, 1, 4
"c:\Users\MSI SWORD 15 A12V\source\repos\SoftWhatsAppCRMDash\SoftWhatsAppCRMDash\appsettings.Development.json", "JSON", 0, 0, 0, 0, 8, 0, 0, 0, 0, 2, 10
"c:\Users\MSI SWORD 15 A12V\source\repos\SoftWhatsAppCRMDash\SoftWhatsAppCRMDash\appsettings.json", "JSON", 0, 0, 0, 0, 9, 0, 0, 0, 0, 1, 10
"c:\Users\MSI SWORD 15 A12V\source\repos\SoftWhatsAppCRMDash\SoftWhatsAppCRMDash\bin\Debug\net8.0\SoftWhatsAppCRMDash.deps.json", "JSON", 0, 0, 0, 0, 896, 0, 0, 0, 0, 0, 896
"c:\Users\MSI SWORD 15 A12V\source\repos\SoftWhatsAppCRMDash\SoftWhatsAppCRMDash\bin\Debug\net8.0\SoftWhatsAppCRMDash.runtimeconfig.json", "JSON", 0, 0, 0, 0, 20, 0, 0, 0, 0, 0, 20
"c:\Users\MSI SWORD 15 A12V\source\repos\SoftWhatsAppCRMDash\SoftWhatsAppCRMDash\bin\Debug\net8.0\SoftWhatsAppCRMDash.staticwebassets.runtime.json", "JSON", 0, 0, 0, 0, 1, 0, 0, 0, 0, 0, 1
"c:\Users\MSI SWORD 15 A12V\source\repos\SoftWhatsAppCRMDash\SoftWhatsAppCRMDash\bin\Debug\net8.0\appsettings.Development.json", "JSON", 0, 0, 0, 0, 8, 0, 0, 0, 0, 2, 10
"c:\Users\MSI SWORD 15 A12V\source\repos\SoftWhatsAppCRMDash\SoftWhatsAppCRMDash\bin\Debug\net8.0\appsettings.json", "JSON", 0, 0, 0, 0, 9, 0, 0, 0, 0, 1, 10
"c:\Users\MSI SWORD 15 A12V\source\repos\SoftWhatsAppCRMDash\SoftWhatsAppCRMDash\bin\Debug\net8.0\libman.json", "JSON", 0, 0, 0, 0, 15, 0, 0, 0, 0, 0, 15
"c:\Users\MSI SWORD 15 A12V\source\repos\SoftWhatsAppCRMDash\SoftWhatsAppCRMDash\bin\Debug\net8.0\tailwind.extension.json", "JSON", 0, 0, 0, 0, 21, 0, 0, 0, 0, 0, 21
"c:\Users\MSI SWORD 15 A12V\source\repos\SoftWhatsAppCRMDash\SoftWhatsAppCRMDash\bin\Release\net8.0\SoftWhatsAppCRMDash.deps.json", "JSON", 0, 0, 0, 0, 896, 0, 0, 0, 0, 0, 896
"c:\Users\MSI SWORD 15 A12V\source\repos\SoftWhatsAppCRMDash\SoftWhatsAppCRMDash\bin\Release\net8.0\SoftWhatsAppCRMDash.runtimeconfig.json", "JSON", 0, 0, 0, 0, 21, 0, 0, 0, 0, 0, 21
"c:\Users\MSI SWORD 15 A12V\source\repos\SoftWhatsAppCRMDash\SoftWhatsAppCRMDash\bin\Release\net8.0\SoftWhatsAppCRMDash.staticwebassets.runtime.json", "JSON", 0, 0, 0, 0, 1, 0, 0, 0, 0, 0, 1
"c:\Users\MSI SWORD 15 A12V\source\repos\SoftWhatsAppCRMDash\SoftWhatsAppCRMDash\bin\Release\net8.0\appsettings.Development.json", "JSON", 0, 0, 0, 0, 8, 0, 0, 0, 0, 2, 10
"c:\Users\MSI SWORD 15 A12V\source\repos\SoftWhatsAppCRMDash\SoftWhatsAppCRMDash\bin\Release\net8.0\appsettings.json", "JSON", 0, 0, 0, 0, 9, 0, 0, 0, 0, 1, 10
"c:\Users\MSI SWORD 15 A12V\source\repos\SoftWhatsAppCRMDash\SoftWhatsAppCRMDash\bin\Release\net8.0\libman.json", "JSON", 0, 0, 0, 0, 15, 0, 0, 0, 0, 0, 15
"c:\Users\MSI SWORD 15 A12V\source\repos\SoftWhatsAppCRMDash\SoftWhatsAppCRMDash\bin\Release\net8.0\tailwind.extension.json", "JSON", 0, 0, 0, 0, 21, 0, 0, 0, 0, 0, 21
"c:\Users\MSI SWORD 15 A12V\source\repos\SoftWhatsAppCRMDash\SoftWhatsAppCRMDash\libman.json", "JSON", 0, 0, 0, 0, 15, 0, 0, 0, 0, 0, 15
"c:\Users\MSI SWORD 15 A12V\source\repos\SoftWhatsAppCRMDash\SoftWhatsAppCRMDash\obj\Debug\net8.0\.NETCoreApp,Version=v8.0.AssemblyAttributes.cs", "C#", 3, 0, 0, 0, 0, 0, 0, 0, 1, 1, 5
"c:\Users\MSI SWORD 15 A12V\source\repos\SoftWhatsAppCRMDash\SoftWhatsAppCRMDash\obj\Debug\net8.0\SoftWhatsAppCRMDash.AssemblyInfo.cs", "C#", 10, 0, 0, 0, 0, 0, 0, 0, 10, 5, 25
"c:\Users\MSI SWORD 15 A12V\source\repos\SoftWhatsAppCRMDash\SoftWhatsAppCRMDash\obj\Debug\net8.0\SoftWhatsAppCRMDash.GeneratedMSBuildEditorConfig.editorconfig", "Properties", 0, 0, 0, 0, 0, 0, 0, 79, 0, 21, 100
"c:\Users\MSI SWORD 15 A12V\source\repos\SoftWhatsAppCRMDash\SoftWhatsAppCRMDash\obj\Debug\net8.0\SoftWhatsAppCRMDash.GlobalUsings.g.cs", "C#", 16, 0, 0, 0, 0, 0, 0, 0, 1, 1, 18
"c:\Users\MSI SWORD 15 A12V\source\repos\SoftWhatsAppCRMDash\SoftWhatsAppCRMDash\obj\Debug\net8.0\SoftWhatsAppCRMDash.RazorAssemblyInfo.cs", "C#", 4, 0, 0, 0, 0, 0, 0, 0, 10, 5, 19
"c:\Users\MSI SWORD 15 A12V\source\repos\SoftWhatsAppCRMDash\SoftWhatsAppCRMDash\obj\Debug\net8.0\scopedcss\Views\Shared\_Layout.cshtml.rz.scp.css", "CSS", 0, 0, 0, 38, 0, 0, 0, 0, 2, 9, 49
"c:\Users\MSI SWORD 15 A12V\source\repos\SoftWhatsAppCRMDash\SoftWhatsAppCRMDash\obj\Debug\net8.0\scopedcss\bundle\SoftWhatsAppCRMDash.styles.css", "CSS", 0, 0, 0, 38, 0, 0, 0, 0, 3, 9, 50
"c:\Users\MSI SWORD 15 A12V\source\repos\SoftWhatsAppCRMDash\SoftWhatsAppCRMDash\obj\Debug\net8.0\scopedcss\projectbundle\SoftWhatsAppCRMDash.bundle.scp.css", "CSS", 0, 0, 0, 38, 0, 0, 0, 0, 3, 9, 50
"c:\Users\MSI SWORD 15 A12V\source\repos\SoftWhatsAppCRMDash\SoftWhatsAppCRMDash\obj\Debug\net8.0\staticwebassets.build.json", "JSON", 0, 0, 0, 0, 41003, 0, 0, 0, 0, 0, 41003
"c:\Users\MSI SWORD 15 A12V\source\repos\SoftWhatsAppCRMDash\SoftWhatsAppCRMDash\obj\Debug\net8.0\staticwebassets.development.json", "JSON", 0, 0, 0, 0, 1, 0, 0, 0, 0, 0, 1
"c:\Users\MSI SWORD 15 A12V\source\repos\SoftWhatsAppCRMDash\SoftWhatsAppCRMDash\obj\Debug\net8.0\staticwebassets.pack.json", "JSON", 0, 0, 0, 0, 8645, 0, 0, 0, 0, 0, 8645
"c:\Users\MSI SWORD 15 A12V\source\repos\SoftWhatsAppCRMDash\SoftWhatsAppCRMDash\obj\Debug\net8.0\staticwebassets\msbuild.SoftWhatsAppCRMDash.Microsoft.AspNetCore.StaticWebAssets.props", "XML", 0, 0, 0, 0, 0, 34500, 0, 0, 0, 0, 34500
"c:\Users\MSI SWORD 15 A12V\source\repos\SoftWhatsAppCRMDash\SoftWhatsAppCRMDash\obj\Debug\net8.0\staticwebassets\msbuild.build.SoftWhatsAppCRMDash.props", "XML", 0, 0, 0, 0, 0, 3, 0, 0, 0, 0, 3
"c:\Users\MSI SWORD 15 A12V\source\repos\SoftWhatsAppCRMDash\SoftWhatsAppCRMDash\obj\Debug\net8.0\staticwebassets\msbuild.buildMultiTargeting.SoftWhatsAppCRMDash.props", "XML", 0, 0, 0, 0, 0, 3, 0, 0, 0, 0, 3
"c:\Users\MSI SWORD 15 A12V\source\repos\SoftWhatsAppCRMDash\SoftWhatsAppCRMDash\obj\Debug\net8.0\staticwebassets\msbuild.buildTransitive.SoftWhatsAppCRMDash.props", "XML", 0, 0, 0, 0, 0, 3, 0, 0, 0, 0, 3
"c:\Users\MSI SWORD 15 A12V\source\repos\SoftWhatsAppCRMDash\SoftWhatsAppCRMDash\obj\Release\net8.0\.NETCoreApp,Version=v8.0.AssemblyAttributes.cs", "C#", 3, 0, 0, 0, 0, 0, 0, 0, 1, 1, 5
"c:\Users\MSI SWORD 15 A12V\source\repos\SoftWhatsAppCRMDash\SoftWhatsAppCRMDash\obj\Release\net8.0\PubTmp\Out\SoftWhatsAppCRMDash.deps.json", "JSON", 0, 0, 0, 0, 636, 0, 0, 0, 0, 0, 636
"c:\Users\MSI SWORD 15 A12V\source\repos\SoftWhatsAppCRMDash\SoftWhatsAppCRMDash\obj\Release\net8.0\PubTmp\Out\SoftWhatsAppCRMDash.runtimeconfig.json", "JSON", 0, 0, 0, 0, 21, 0, 0, 0, 0, 0, 21
"c:\Users\MSI SWORD 15 A12V\source\repos\SoftWhatsAppCRMDash\SoftWhatsAppCRMDash\obj\Release\net8.0\PubTmp\Out\appsettings.Development.json", "JSON", 0, 0, 0, 0, 8, 0, 0, 0, 0, 2, 10
"c:\Users\MSI SWORD 15 A12V\source\repos\SoftWhatsAppCRMDash\SoftWhatsAppCRMDash\obj\Release\net8.0\PubTmp\Out\appsettings.json", "JSON", 0, 0, 0, 0, 9, 0, 0, 0, 0, 1, 10
"c:\Users\MSI SWORD 15 A12V\source\repos\SoftWhatsAppCRMDash\SoftWhatsAppCRMDash\obj\Release\net8.0\PubTmp\Out\appsettings.production.json", "JSON", 0, 0, 0, 0, 12, 0, 0, 0, 0, 0, 12
"c:\Users\MSI SWORD 15 A12V\source\repos\SoftWhatsAppCRMDash\SoftWhatsAppCRMDash\obj\Release\net8.0\PubTmp\Out\libman.json", "JSON", 0, 0, 0, 0, 15, 0, 0, 0, 0, 0, 15
"c:\Users\MSI SWORD 15 A12V\source\repos\SoftWhatsAppCRMDash\SoftWhatsAppCRMDash\obj\Release\net8.0\PubTmp\Out\tailwind.extension.json", "JSON", 0, 0, 0, 0, 21, 0, 0, 0, 0, 0, 21
"c:\Users\MSI SWORD 15 A12V\source\repos\SoftWhatsAppCRMDash\SoftWhatsAppCRMDash\obj\Release\net8.0\PubTmp\Out\wwwroot\SoftWhatsAppCRMDash.styles.css", "CSS", 0, 0, 0, 38, 0, 0, 0, 0, 3, 9, 50
"c:\Users\MSI SWORD 15 A12V\source\repos\SoftWhatsAppCRMDash\SoftWhatsAppCRMDash\obj\Release\net8.0\PubTmp\Out\wwwroot\css\input.css", "CSS", 0, 0, 0, 3, 0, 0, 0, 0, 0, 1, 4
"c:\Users\MSI SWORD 15 A12V\source\repos\SoftWhatsAppCRMDash\SoftWhatsAppCRMDash\obj\Release\net8.0\PubTmp\Out\wwwroot\css\input.output.css", "CSS", 0, 0, 0, 1365, 0, 0, 0, 0, 167, 367, 1899
"c:\Users\MSI SWORD 15 A12V\source\repos\SoftWhatsAppCRMDash\SoftWhatsAppCRMDash\obj\Release\net8.0\PubTmp\Out\wwwroot\css\output.css", "CSS", 0, 0, 0, 1341, 0, 0, 0, 0, 167, 362, 1870
"c:\Users\MSI SWORD 15 A12V\source\repos\SoftWhatsAppCRMDash\SoftWhatsAppCRMDash\obj\Release\net8.0\PubTmp\Out\wwwroot\js\const.js", "JavaScript", 0, 2, 0, 0, 0, 0, 0, 0, 0, 0, 2
"c:\Users\MSI SWORD 15 A12V\source\repos\SoftWhatsAppCRMDash\SoftWhatsAppCRMDash\obj\Release\net8.0\PubTmp\Out\wwwroot\js\crm\crm.js", "JavaScript", 0, 57, 0, 0, 0, 0, 0, 0, 0, 9, 66
"c:\Users\MSI SWORD 15 A12V\source\repos\SoftWhatsAppCRMDash\SoftWhatsAppCRMDash\obj\Release\net8.0\PubTmp\Out\wwwroot\js\crm\index.js", "JavaScript", 0, 167, 0, 0, 0, 0, 0, 0, 2, 28, 197
"c:\Users\MSI SWORD 15 A12V\source\repos\SoftWhatsAppCRMDash\SoftWhatsAppCRMDash\obj\Release\net8.0\PubTmp\Out\wwwroot\lib\flowbite\flowbite.css", "CSS", 0, 0, 0, 8405, 0, 0, 0, 0, 122, 1029, 9556
"c:\Users\MSI SWORD 15 A12V\source\repos\SoftWhatsAppCRMDash\SoftWhatsAppCRMDash\obj\Release\net8.0\PubTmp\Out\wwwroot\lib\flowbite\flowbite.js", "JavaScript", 0, 7255, 0, 0, 0, 0, 0, 0, 635, 652, 8542
"c:\Users\MSI SWORD 15 A12V\source\repos\SoftWhatsAppCRMDash\SoftWhatsAppCRMDash\obj\Release\net8.0\PubTmp\Out\wwwroot\lib\flowbite\flowbite.min.css", "CSS", 0, 0, 0, 1, 0, 0, 0, 0, 0, 0, 1
"c:\Users\MSI SWORD 15 A12V\source\repos\SoftWhatsAppCRMDash\SoftWhatsAppCRMDash\obj\Release\net8.0\PubTmp\Out\wwwroot\lib\flowbite\flowbite.min.js", "JavaScript", 0, 1, 0, 0, 0, 0, 0, 0, 1, 0, 2
"c:\Users\MSI SWORD 15 A12V\source\repos\SoftWhatsAppCRMDash\SoftWhatsAppCRMDash\obj\Release\net8.0\PubTmp\Out\wwwroot\lib\flowbite\flowbite.phoenix.js", "JavaScript", 0, 7267, 0, 0, 0, 0, 0, 0, 634, 648, 8549
"c:\Users\MSI SWORD 15 A12V\source\repos\SoftWhatsAppCRMDash\SoftWhatsAppCRMDash\obj\Release\net8.0\PubTmp\Out\wwwroot\lib\flowbite\flowbite.phoenix.min.js", "JavaScript", 0, 1, 0, 0, 0, 0, 0, 0, 1, 0, 2
"c:\Users\MSI SWORD 15 A12V\source\repos\SoftWhatsAppCRMDash\SoftWhatsAppCRMDash\obj\Release\net8.0\PubTmp\Out\wwwroot\lib\flowbite\flowbite.turbo.js", "JavaScript", 0, 7249, 0, 0, 0, 0, 0, 0, 636, 648, 8533
"c:\Users\MSI SWORD 15 A12V\source\repos\SoftWhatsAppCRMDash\SoftWhatsAppCRMDash\obj\Release\net8.0\PubTmp\Out\wwwroot\lib\flowbite\flowbite.turbo.min.js", "JavaScript", 0, 1, 0, 0, 0, 0, 0, 0, 1, 0, 2
"c:\Users\MSI SWORD 15 A12V\source\repos\SoftWhatsAppCRMDash\SoftWhatsAppCRMDash\obj\Release\net8.0\PubTmp\Out\wwwroot\lib\highcharts\css\annotations\popup.css", "CSS", 0, 0, 0, 269, 0, 0, 0, 0, 2, 40, 311
"c:\Users\MSI SWORD 15 A12V\source\repos\SoftWhatsAppCRMDash\SoftWhatsAppCRMDash\obj\Release\net8.0\PubTmp\Out\wwwroot\lib\highcharts\css\annotations\popup.min.css", "CSS", 0, 0, 0, 1, 0, 0, 0, 0, 0, 0, 1
"c:\Users\MSI SWORD 15 A12V\source\repos\SoftWhatsAppCRMDash\SoftWhatsAppCRMDash\obj\Release\net8.0\PubTmp\Out\wwwroot\lib\highcharts\css\highcharts.css", "CSS", 0, 0, 0, 985, 0, 0, 0, 0, 73, 245, 1303
"c:\Users\MSI SWORD 15 A12V\source\repos\SoftWhatsAppCRMDash\SoftWhatsAppCRMDash\obj\Release\net8.0\PubTmp\Out\wwwroot\lib\highcharts\css\highcharts.min.css", "CSS", 0, 0, 0, 1, 0, 0, 0, 0, 0, 0, 1
"c:\Users\MSI SWORD 15 A12V\source\repos\SoftWhatsAppCRMDash\SoftWhatsAppCRMDash\obj\Release\net8.0\PubTmp\Out\wwwroot\lib\highcharts\css\stocktools\gui.css", "CSS", 0, 0, 0, 219, 0, 0, 0, 0, 22, 56, 297
"c:\Users\MSI SWORD 15 A12V\source\repos\SoftWhatsAppCRMDash\SoftWhatsAppCRMDash\obj\Release\net8.0\PubTmp\Out\wwwroot\lib\highcharts\css\stocktools\gui.min.css", "CSS", 0, 0, 0, 1, 0, 0, 0, 0, 0, 0, 1
"c:\Users\MSI SWORD 15 A12V\source\repos\SoftWhatsAppCRMDash\SoftWhatsAppCRMDash\obj\Release\net8.0\PubTmp\Out\wwwroot\lib\highcharts\css\themes\dark-unica.css", "CSS", 0, 0, 0, 103, 0, 0, 0, 0, 13, 28, 144
"c:\Users\MSI SWORD 15 A12V\source\repos\SoftWhatsAppCRMDash\SoftWhatsAppCRMDash\obj\Release\net8.0\PubTmp\Out\wwwroot\lib\highcharts\css\themes\dark-unica.min.css", "CSS", 0, 0, 0, 1, 0, 0, 0, 0, 0, 0, 1
"c:\Users\MSI SWORD 15 A12V\source\repos\SoftWhatsAppCRMDash\SoftWhatsAppCRMDash\obj\Release\net8.0\PubTmp\Out\wwwroot\lib\highcharts\css\themes\grid-light.css", "CSS", 0, 0, 0, 39, 0, 0, 0, 0, 2, 9, 50
"c:\Users\MSI SWORD 15 A12V\source\repos\SoftWhatsAppCRMDash\SoftWhatsAppCRMDash\obj\Release\net8.0\PubTmp\Out\wwwroot\lib\highcharts\css\themes\grid-light.min.css", "CSS", 0, 0, 0, 1, 0, 0, 0, 0, 0, 0, 1
"c:\Users\MSI SWORD 15 A12V\source\repos\SoftWhatsAppCRMDash\SoftWhatsAppCRMDash\obj\Release\net8.0\PubTmp\Out\wwwroot\lib\highcharts\css\themes\sand-signika.css", "CSS", 0, 0, 0, 59, 0, 0, 0, 0, 8, 16, 83
"c:\Users\MSI SWORD 15 A12V\source\repos\SoftWhatsAppCRMDash\SoftWhatsAppCRMDash\obj\Release\net8.0\PubTmp\Out\wwwroot\lib\highcharts\css\themes\sand-signika.min.css", "CSS", 0, 0, 0, 1, 0, 0, 0, 0, 0, 0, 1
"c:\Users\MSI SWORD 15 A12V\source\repos\SoftWhatsAppCRMDash\SoftWhatsAppCRMDash\obj\Release\net8.0\PubTmp\Out\wwwroot\lib\highcharts\es-modules\Accessibility\A11yI18n.js", "JavaScript", 0, 123, 0, 0, 0, 0, 0, 0, 167, 1, 291
"c:\Users\MSI SWORD 15 A12V\source\repos\SoftWhatsAppCRMDash\SoftWhatsAppCRMDash\obj\Release\net8.0\PubTmp\Out\wwwroot\lib\highcharts\es-modules\Accessibility\A11yI18n.min.js", "JavaScript", 0, 1, 0, 0, 0, 0, 0, 0, 0, 0, 1
"c:\Users\MSI SWORD 15 A12V\source\repos\SoftWhatsAppCRMDash\SoftWhatsAppCRMDash\obj\Release\net8.0\PubTmp\Out\wwwroot\lib\highcharts\es-modules\Accessibility\Accessibility.js", "JavaScript", 0, 257, 0, 0, 0, 0, 0, 0, 145, 1, 403
"c:\Users\MSI SWORD 15 A12V\source\repos\SoftWhatsAppCRMDash\SoftWhatsAppCRMDash\obj\Release\net8.0\PubTmp\Out\wwwroot\lib\highcharts\es-modules\Accessibility\Accessibility.min.js", "JavaScript", 0, 1, 0, 0, 0, 0, 0, 0, 0, 0, 1
"c:\Users\MSI SWORD 15 A12V\source\repos\SoftWhatsAppCRMDash\SoftWhatsAppCRMDash\obj\Release\net8.0\PubTmp\Out\wwwroot\lib\highcharts\es-modules\Accessibility\AccessibilityComponent.js", "JavaScript", 0, 51, 0, 0, 0, 0, 0, 0, 96, 1, 148
"c:\Users\MSI SWORD 15 A12V\source\repos\SoftWhatsAppCRMDash\SoftWhatsAppCRMDash\obj\Release\net8.0\PubTmp\Out\wwwroot\lib\highcharts\es-modules\Accessibility\AccessibilityComponent.min.js", "JavaScript", 0, 1, 0, 0, 0, 0, 0, 0, 0, 0, 1
"c:\Users\MSI SWORD 15 A12V\source\repos\SoftWhatsAppCRMDash\SoftWhatsAppCRMDash\obj\Release\net8.0\PubTmp\Out\wwwroot\lib\highcharts\es-modules\Accessibility\Components\AnnotationsA11y.js", "JavaScript", 0, 95, 0, 0, 0, 0, 0, 0, 65, 1, 161
"c:\Users\MSI SWORD 15 A12V\source\repos\SoftWhatsAppCRMDash\SoftWhatsAppCRMDash\obj\Release\net8.0\PubTmp\Out\wwwroot\lib\highcharts\es-modules\Accessibility\Components\AnnotationsA11y.min.js", "JavaScript", 0, 1, 0, 0, 0, 0, 0, 0, 0, 0, 1
"c:\Users\MSI SWORD 15 A12V\source\repos\SoftWhatsAppCRMDash\SoftWhatsAppCRMDash\obj\Release\net8.0\PubTmp\Out\wwwroot\lib\highcharts\es-modules\Accessibility\Components\ContainerComponent.js", "JavaScript", 0, 87, 0, 0, 0, 0, 0, 0, 55, 1, 143
"c:\Users\MSI SWORD 15 A12V\source\repos\SoftWhatsAppCRMDash\SoftWhatsAppCRMDash\obj\Release\net8.0\PubTmp\Out\wwwroot\lib\highcharts\es-modules\Accessibility\Components\ContainerComponent.min.js", "JavaScript", 0, 1, 0, 0, 0, 0, 0, 0, 0, 0, 1
"c:\Users\MSI SWORD 15 A12V\source\repos\SoftWhatsAppCRMDash\SoftWhatsAppCRMDash\obj\Release\net8.0\PubTmp\Out\wwwroot\lib\highcharts\es-modules\Accessibility\Components\InfoRegionsComponent.js", "JavaScript", 0, 393, 0, 0, 0, 0, 0, 0, 162, 1, 556
"c:\Users\MSI SWORD 15 A12V\source\repos\SoftWhatsAppCRMDash\SoftWhatsAppCRMDash\obj\Release\net8.0\PubTmp\Out\wwwroot\lib\highcharts\es-modules\Accessibility\Components\InfoRegionsComponent.min.js", "JavaScript", 0, 1, 0, 0, 0, 0, 0, 0, 0, 0, 1
"c:\Users\MSI SWORD 15 A12V\source\repos\SoftWhatsAppCRMDash\SoftWhatsAppCRMDash\obj\Release\net8.0\PubTmp\Out\wwwroot\lib\highcharts\es-modules\Accessibility\Components\LegendComponent.js", "JavaScript", 0, 322, 0, 0, 0, 0, 0, 0, 143, 1, 466
"c:\Users\MSI SWORD 15 A12V\source\repos\SoftWhatsAppCRMDash\SoftWhatsAppCRMDash\obj\Release\net8.0\PubTmp\Out\wwwroot\lib\highcharts\es-modules\Accessibility\Components\LegendComponent.min.js", "JavaScript", 0, 1, 0, 0, 0, 0, 0, 0, 0, 0, 1
"c:\Users\MSI SWORD 15 A12V\source\repos\SoftWhatsAppCRMDash\SoftWhatsAppCRMDash\obj\Release\net8.0\PubTmp\Out\wwwroot\lib\highcharts\es-modules\Accessibility\Components\MenuComponent.js", "JavaScript", 0, 269, 0, 0, 0, 0, 0, 0, 153, 1, 423
"c:\Users\MSI SWORD 15 A12V\source\repos\SoftWhatsAppCRMDash\SoftWhatsAppCRMDash\obj\Release\net8.0\PubTmp\Out\wwwroot\lib\highcharts\es-modules\Accessibility\Components\MenuComponent.min.js", "JavaScript", 0, 1, 0, 0, 0, 0, 0, 0, 0, 0, 1
"c:\Users\MSI SWORD 15 A12V\source\repos\SoftWhatsAppCRMDash\SoftWhatsAppCRMDash\obj\Release\net8.0\PubTmp\Out\wwwroot\lib\highcharts\es-modules\Accessibility\Components\NavigatorComponent.js", "JavaScript", 0, 162, 0, 0, 0, 0, 0, 0, 69, 1, 232
"c:\Users\MSI SWORD 15 A12V\source\repos\SoftWhatsAppCRMDash\SoftWhatsAppCRMDash\obj\Release\net8.0\PubTmp\Out\wwwroot\lib\highcharts\es-modules\Accessibility\Components\NavigatorComponent.min.js", "JavaScript", 0, 1, 0, 0, 0, 0, 0, 0, 0, 0, 1
"c:\Users\MSI SWORD 15 A12V\source\repos\SoftWhatsAppCRMDash\SoftWhatsAppCRMDash\obj\Release\net8.0\PubTmp\Out\wwwroot\lib\highcharts\es-modules\Accessibility\Components\RangeSelectorComponent.js", "JavaScript", 0, 321, 0, 0, 0, 0, 0, 0, 152, 1, 474
"c:\Users\MSI SWORD 15 A12V\source\repos\SoftWhatsAppCRMDash\SoftWhatsAppCRMDash\obj\Release\net8.0\PubTmp\Out\wwwroot\lib\highcharts\es-modules\Accessibility\Components\RangeSelectorComponent.min.js", "JavaScript", 0, 1, 0, 0, 0, 0, 0, 0, 0, 0, 1
"c:\Users\MSI SWORD 15 A12V\source\repos\SoftWhatsAppCRMDash\SoftWhatsAppCRMDash\obj\Release\net8.0\PubTmp\Out\wwwroot\lib\highcharts\es-modules\Accessibility\Components\SeriesComponent\ForcedMarkers.js", "JavaScript", 0, 152, 0, 0, 0, 0, 0, 0, 80, 1, 233
"c:\Users\MSI SWORD 15 A12V\source\repos\SoftWhatsAppCRMDash\SoftWhatsAppCRMDash\obj\Release\net8.0\PubTmp\Out\wwwroot\lib\highcharts\es-modules\Accessibility\Components\SeriesComponent\ForcedMarkers.min.js", "JavaScript", 0, 1, 0, 0, 0, 0, 0, 0, 0, 0, 1
"c:\Users\MSI SWORD 15 A12V\source\repos\SoftWhatsAppCRMDash\SoftWhatsAppCRMDash\obj\Release\net8.0\PubTmp\Out\wwwroot\lib\highcharts\es-modules\Accessibility\Components\SeriesComponent\NewDataAnnouncer.js", "JavaScript", 0, 172, 0, 0, 0, 0, 0, 0, 137, 1, 310
"c:\Users\MSI SWORD 15 A12V\source\repos\SoftWhatsAppCRMDash\SoftWhatsAppCRMDash\obj\Release\net8.0\PubTmp\Out\wwwroot\lib\highcharts\es-modules\Accessibility\Components\SeriesComponent\NewDataAnnouncer.min.js", "JavaScript", 0, 1, 0, 0, 0, 0, 0, 0, 0, 0, 1
"c:\Users\MSI SWORD 15 A12V\source\repos\SoftWhatsAppCRMDash\SoftWhatsAppCRMDash\obj\Release\net8.0\PubTmp\Out\wwwroot\lib\highcharts\es-modules\Accessibility\Components\SeriesComponent\SeriesComponent.js", "JavaScript", 0, 67, 0, 0, 0, 0, 0, 0, 63, 1, 131
"c:\Users\MSI SWORD 15 A12V\source\repos\SoftWhatsAppCRMDash\SoftWhatsAppCRMDash\obj\Release\net8.0\PubTmp\Out\wwwroot\lib\highcharts\es-modules\Accessibility\Components\SeriesComponent\SeriesComponent.min.js", "JavaScript", 0, 1, 0, 0, 0, 0, 0, 0, 0, 0, 1
"c:\Users\MSI SWORD 15 A12V\source\repos\SoftWhatsAppCRMDash\SoftWhatsAppCRMDash\obj\Release\net8.0\PubTmp\Out\wwwroot\lib\highcharts\es-modules\Accessibility\Components\SeriesComponent\SeriesDescriber.js", "JavaScript", 0, 288, 0, 0, 0, 0, 0, 0, 126, 1, 415
"c:\Users\MSI SWORD 15 A12V\source\repos\SoftWhatsAppCRMDash\SoftWhatsAppCRMDash\obj\Release\net8.0\PubTmp\Out\wwwroot\lib\highcharts\es-modules\Accessibility\Components\SeriesComponent\SeriesDescriber.min.js", "JavaScript", 0, 1, 0, 0, 0, 0, 0, 0, 0, 0, 1
"c:\Users\MSI SWORD 15 A12V\source\repos\SoftWhatsAppCRMDash\SoftWhatsAppCRMDash\obj\Release\net8.0\PubTmp\Out\wwwroot\lib\highcharts\es-modules\Accessibility\Components\SeriesComponent\SeriesKeyboardNavigation.js", "JavaScript", 0, 481, 0, 0, 0, 0, 0, 0, 239, 1, 721
"c:\Users\MSI SWORD 15 A12V\source\repos\SoftWhatsAppCRMDash\SoftWhatsAppCRMDash\obj\Release\net8.0\PubTmp\Out\wwwroot\lib\highcharts\es-modules\Accessibility\Components\SeriesComponent\SeriesKeyboardNavigation.min.js", "JavaScript", 0, 1, 0, 0, 0, 0, 0, 0, 0, 0, 1
"c:\Users\MSI SWORD 15 A12V\source\repos\SoftWhatsAppCRMDash\SoftWhatsAppCRMDash\obj\Release\net8.0\PubTmp\Out\wwwroot\lib\highcharts\es-modules\Accessibility\Components\ZoomComponent.js", "JavaScript", 0, 197, 0, 0, 0, 0, 0, 0, 117, 1, 315
"c:\Users\MSI SWORD 15 A12V\source\repos\SoftWhatsAppCRMDash\SoftWhatsAppCRMDash\obj\Release\net8.0\PubTmp\Out\wwwroot\lib\highcharts\es-modules\Accessibility\Components\ZoomComponent.min.js", "JavaScript", 0, 1, 0, 0, 0, 0, 0, 0, 0, 0, 1
"c:\Users\MSI SWORD 15 A12V\source\repos\SoftWhatsAppCRMDash\SoftWhatsAppCRMDash\obj\Release\net8.0\PubTmp\Out\wwwroot\lib\highcharts\es-modules\Accessibility\FocusBorder.js", "JavaScript", 0, 184, 0, 0, 0, 0, 0, 0, 113, 1, 298
"c:\Users\MSI SWORD 15 A12V\source\repos\SoftWhatsAppCRMDash\SoftWhatsAppCRMDash\obj\Release\net8.0\PubTmp\Out\wwwroot\lib\highcharts\es-modules\Accessibility\FocusBorder.min.js", "JavaScript", 0, 1, 0, 0, 0, 0, 0, 0, 0, 0, 1
"c:\Users\MSI SWORD 15 A12V\source\repos\SoftWhatsAppCRMDash\SoftWhatsAppCRMDash\obj\Release\net8.0\PubTmp\Out\wwwroot\lib\highcharts\es-modules\Accessibility\HighContrastMode.js", "JavaScript", 0, 57, 0, 0, 0, 0, 0, 0, 48, 1, 106
"c:\Users\MSI SWORD 15 A12V\source\repos\SoftWhatsAppCRMDash\SoftWhatsAppCRMDash\obj\Release\net8.0\PubTmp\Out\wwwroot\lib\highcharts\es-modules\Accessibility\HighContrastMode.min.js", "JavaScript", 0, 1, 0, 0, 0, 0, 0, 0, 0, 0, 1
"c:\Users\MSI SWORD 15 A12V\source\repos\SoftWhatsAppCRMDash\SoftWhatsAppCRMDash\obj\Release\net8.0\PubTmp\Out\wwwroot\lib\highcharts\es-modules\Accessibility\HighContrastTheme.js", "JavaScript", 0, 196, 0, 0, 0, 0, 0, 0, 16, 1, 213
"c:\Users\MSI SWORD 15 A12V\source\repos\SoftWhatsAppCRMDash\SoftWhatsAppCRMDash\obj\Release\net8.0\PubTmp\Out\wwwroot\lib\highcharts\es-modules\Accessibility\HighContrastTheme.min.js", "JavaScript", 0, 1, 0, 0, 0, 0, 0, 0, 0, 0, 1
"c:\Users\MSI SWORD 15 A12V\source\repos\SoftWhatsAppCRMDash\SoftWhatsAppCRMDash\obj\Release\net8.0\PubTmp\Out\wwwroot\lib\highcharts\es-modules\Accessibility\KeyboardNavigation.js", "JavaScript", 0, 281, 0, 0, 0, 0, 0, 0, 167, 1, 449
"c:\Users\MSI SWORD 15 A12V\source\repos\SoftWhatsAppCRMDash\SoftWhatsAppCRMDash\obj\Release\net8.0\PubTmp\Out\wwwroot\lib\highcharts\es-modules\Accessibility\KeyboardNavigation.min.js", "JavaScript", 0, 1, 0, 0, 0, 0, 0, 0, 0, 0, 1
"c:\Users\MSI SWORD 15 A12V\source\repos\SoftWhatsAppCRMDash\SoftWhatsAppCRMDash\obj\Release\net8.0\PubTmp\Out\wwwroot\lib\highcharts\es-modules\Accessibility\KeyboardNavigationHandler.js", "JavaScript", 0, 39, 0, 0, 0, 0, 0, 0, 87, 1, 127
"c:\Users\MSI SWORD 15 A12V\source\repos\SoftWhatsAppCRMDash\SoftWhatsAppCRMDash\obj\Release\net8.0\PubTmp\Out\wwwroot\lib\highcharts\es-modules\Accessibility\KeyboardNavigationHandler.min.js", "JavaScript", 0, 1, 0, 0, 0, 0, 0, 0, 0, 0, 1
"c:\Users\MSI SWORD 15 A12V\source\repos\SoftWhatsAppCRMDash\SoftWhatsAppCRMDash\obj\Release\net8.0\PubTmp\Out\wwwroot\lib\highcharts\es-modules\Accessibility\Options\A11yDefaults.js", "JavaScript", 0, 81, 0, 0, 0, 0, 0, 0, 877, 1, 959
"c:\Users\MSI SWORD 15 A12V\source\repos\SoftWhatsAppCRMDash\SoftWhatsAppCRMDash\obj\Release\net8.0\PubTmp\Out\wwwroot\lib\highcharts\es-modules\Accessibility\Options\A11yDefaults.min.js", "JavaScript", 0, 1, 0, 0, 0, 0, 0, 0, 0, 0, 1
"c:\Users\MSI SWORD 15 A12V\source\repos\SoftWhatsAppCRMDash\SoftWhatsAppCRMDash\obj\Release\net8.0\PubTmp\Out\wwwroot\lib\highcharts\es-modules\Accessibility\Options\DeprecatedOptions.js", "JavaScript", 0, 146, 0, 0, 0, 0, 0, 0, 119, 1, 266
"c:\Users\MSI SWORD 15 A12V\source\repos\SoftWhatsAppCRMDash\SoftWhatsAppCRMDash\obj\Release\net8.0\PubTmp\Out\wwwroot\lib\highcharts\es-modules\Accessibility\Options\DeprecatedOptions.min.js", "JavaScript", 0, 1, 0, 0, 0, 0, 0, 0, 0, 0, 1
"c:\Users\MSI SWORD 15 A12V\source\repos\SoftWhatsAppCRMDash\SoftWhatsAppCRMDash\obj\Release\net8.0\PubTmp\Out\wwwroot\lib\highcharts\es-modules\Accessibility\Options\LangDefaults.js", "JavaScript", 0, 170, 0, 0, 0, 0, 0, 0, 270, 1, 441
"c:\Users\MSI SWORD 15 A12V\source\repos\SoftWhatsAppCRMDash\SoftWhatsAppCRMDash\obj\Release\net8.0\PubTmp\Out\wwwroot\lib\highcharts\es-modules\Accessibility\Options\LangDefaults.min.js", "JavaScript", 0, 1, 0, 0, 0, 0, 0, 0, 0, 0, 1
"c:\Users\MSI SWORD 15 A12V\source\repos\SoftWhatsAppCRMDash\SoftWhatsAppCRMDash\obj\Release\net8.0\PubTmp\Out\wwwroot\lib\highcharts\es-modules\Accessibility\ProxyElement.js", "JavaScript", 0, 143, 0, 0, 0, 0, 0, 0, 77, 1, 221
"c:\Users\MSI SWORD 15 A12V\source\repos\SoftWhatsAppCRMDash\SoftWhatsAppCRMDash\obj\Release\net8.0\PubTmp\Out\wwwroot\lib\highcharts\es-modules\Accessibility\ProxyElement.min.js", "JavaScript", 0, 1, 0, 0, 0, 0, 0, 0, 0, 0, 1
"c:\Users\MSI SWORD 15 A12V\source\repos\SoftWhatsAppCRMDash\SoftWhatsAppCRMDash\obj\Release\net8.0\PubTmp\Out\wwwroot\lib\highcharts\es-modules\Accessibility\ProxyProvider.js", "JavaScript", 0, 201, 0, 0, 0, 0, 0, 0, 114, 1, 316
"c:\Users\MSI SWORD 15 A12V\source\repos\SoftWhatsAppCRMDash\SoftWhatsAppCRMDash\obj\Release\net8.0\PubTmp\Out\wwwroot\lib\highcharts\es-modules\Accessibility\ProxyProvider.min.js", "JavaScript", 0, 1, 0, 0, 0, 0, 0, 0, 0, 0, 1
"c:\Users\MSI SWORD 15 A12V\source\repos\SoftWhatsAppCRMDash\SoftWhatsAppCRMDash\obj\Release\net8.0\PubTmp\Out\wwwroot\lib\highcharts\es-modules\Accessibility\Utils\Announcer.js", "JavaScript", 0, 57, 0, 0, 0, 0, 0, 0, 33, 1, 91
"c:\Users\MSI SWORD 15 A12V\source\repos\SoftWhatsAppCRMDash\SoftWhatsAppCRMDash\obj\Release\net8.0\PubTmp\Out\wwwroot\lib\highcharts\es-modules\Accessibility\Utils\Announcer.min.js", "JavaScript", 0, 1, 0, 0, 0, 0, 0, 0, 0, 0, 1
"c:\Users\MSI SWORD 15 A12V\source\repos\SoftWhatsAppCRMDash\SoftWhatsAppCRMDash\obj\Release\net8.0\PubTmp\Out\wwwroot\lib\highcharts\es-modules\Accessibility\Utils\ChartUtilities.js", "JavaScript", 0, 194, 0, 0, 0, 0, 0, 0, 104, 1, 299
"c:\Users\MSI SWORD 15 A12V\source\repos\SoftWhatsAppCRMDash\SoftWhatsAppCRMDash\obj\Release\net8.0\PubTmp\Out\wwwroot\lib\highcharts\es-modules\Accessibility\Utils\ChartUtilities.min.js", "JavaScript", 0, 1, 0, 0, 0, 0, 0, 0, 0, 0, 1
"c:\Users\MSI SWORD 15 A12V\source\repos\SoftWhatsAppCRMDash\SoftWhatsAppCRMDash\obj\Release\net8.0\PubTmp\Out\wwwroot\lib\highcharts\es-modules\Accessibility\Utils\DOMElementProvider.js", "JavaScript", 0, 26, 0, 0, 0, 0, 0, 0, 43, 1, 70
"c:\Users\MSI SWORD 15 A12V\source\repos\SoftWhatsAppCRMDash\SoftWhatsAppCRMDash\obj\Release\net8.0\PubTmp\Out\wwwroot\lib\highcharts\es-modules\Accessibility\Utils\DOMElementProvider.min.js", "JavaScript", 0, 1, 0, 0, 0, 0, 0, 0, 0, 0, 1
"c:\Users\MSI SWORD 15 A12V\source\repos\SoftWhatsAppCRMDash\SoftWhatsAppCRMDash\obj\Release\net8.0\PubTmp\Out\wwwroot\lib\highcharts\es-modules\Accessibility\Utils\EventProvider.js", "JavaScript", 0, 28, 0, 0, 0, 0, 0, 0, 37, 1, 66
"c:\Users\MSI SWORD 15 A12V\source\repos\SoftWhatsAppCRMDash\SoftWhatsAppCRMDash\obj\Release\net8.0\PubTmp\Out\wwwroot\lib\highcharts\es-modules\Accessibility\Utils\EventProvider.min.js", "JavaScript", 0, 1, 0, 0, 0, 0, 0, 0, 0, 0, 1
"c:\Users\MSI SWORD 15 A12V\source\repos\SoftWhatsAppCRMDash\SoftWhatsAppCRMDash\obj\Release\net8.0\PubTmp\Out\wwwroot\lib\highcharts\es-modules\Accessibility\Utils\HTMLUtilities.js", "JavaScript", 0, 208, 0, 0, 0, 0, 0, 0, 111, 1, 320
"c:\Users\MSI SWORD 15 A12V\source\repos\SoftWhatsAppCRMDash\SoftWhatsAppCRMDash\obj\Release\net8.0\PubTmp\Out\wwwroot\lib\highcharts\es-modules\Accessibility\Utils\HTMLUtilities.min.js", "JavaScript", 0, 1, 0, 0, 0, 0, 0, 0, 0, 0, 1
"c:\Users\MSI SWORD 15 A12V\source\repos\SoftWhatsAppCRMDash\SoftWhatsAppCRMDash\obj\Release\net8.0\PubTmp\Out\wwwroot\lib\highcharts\es-modules\Core\Animation\AnimationUtilities.js", "JavaScript", 0, 92, 0, 0, 0, 0, 0, 0, 108, 1, 201
"c:\Users\MSI SWORD 15 A12V\source\repos\SoftWhatsAppCRMDash\SoftWhatsAppCRMDash\obj\Release\net8.0\PubTmp\Out\wwwroot\lib\highcharts\es-modules\Core\Animation\AnimationUtilities.min.js", "JavaScript", 0, 1, 0, 0, 0, 0, 0, 0, 0, 0, 1
"c:\Users\MSI SWORD 15 A12V\source\repos\SoftWhatsAppCRMDash\SoftWhatsAppCRMDash\obj\Release\net8.0\PubTmp\Out\wwwroot\lib\highcharts\es-modules\Core\Animation\Fx.js", "JavaScript", 0, 226, 0, 0, 0, 0, 0, 0, 162, 1, 389
"c:\Users\MSI SWORD 15 A12V\source\repos\SoftWhatsAppCRMDash\SoftWhatsAppCRMDash\obj\Release\net8.0\PubTmp\Out\wwwroot\lib\highcharts\es-modules\Core\Animation\Fx.min.js", "JavaScript", 0, 1, 0, 0, 0, 0, 0, 0, 0, 0, 1
"c:\Users\MSI SWORD 15 A12V\source\repos\SoftWhatsAppCRMDash\SoftWhatsAppCRMDash\obj\Release\net8.0\PubTmp\Out\wwwroot\lib\highcharts\es-modules\Core\Axis\Axis.js", "JavaScript", 0, 1874, 0, 0, 0, 0, 0, 0, 1381, 1, 3256
"c:\Users\MSI SWORD 15 A12V\source\repos\SoftWhatsAppCRMDash\SoftWhatsAppCRMDash\obj\Release\net8.0\PubTmp\Out\wwwroot\lib\highcharts\es-modules\Core\Axis\Axis.min.js", "JavaScript", 0, 1, 0, 0, 0, 0, 0, 0, 0, 0, 1
"c:\Users\MSI SWORD 15 A12V\source\repos\SoftWhatsAppCRMDash\SoftWhatsAppCRMDash\obj\Release\net8.0\PubTmp\Out\wwwroot\lib\highcharts\es-modules\Core\Axis\Axis3DComposition.js", "JavaScript", 0, 374, 0, 0, 0, 0, 0, 0, 118, 1, 493
"c:\Users\MSI SWORD 15 A12V\source\repos\SoftWhatsAppCRMDash\SoftWhatsAppCRMDash\obj\Release\net8.0\PubTmp\Out\wwwroot\lib\highcharts\es-modules\Core\Axis\Axis3DComposition.min.js", "JavaScript", 0, 1, 0, 0, 0, 0, 0, 0, 0, 0, 1
"c:\Users\MSI SWORD 15 A12V\source\repos\SoftWhatsAppCRMDash\SoftWhatsAppCRMDash\obj\Release\net8.0\PubTmp\Out\wwwroot\lib\highcharts\es-modules\Core\Axis\Axis3DDefaults.js", "JavaScript", 0, 12, 0, 0, 0, 0, 0, 0, 118, 1, 131
"c:\Users\MSI SWORD 15 A12V\source\repos\SoftWhatsAppCRMDash\SoftWhatsAppCRMDash\obj\Release\net8.0\PubTmp\Out\wwwroot\lib\highcharts\es-modules\Core\Axis\Axis3DDefaults.min.js", "JavaScript", 0, 1, 0, 0, 0, 0, 0, 0, 0, 0, 1
"c:\Users\MSI SWORD 15 A12V\source\repos\SoftWhatsAppCRMDash\SoftWhatsAppCRMDash\obj\Release\net8.0\PubTmp\Out\wwwroot\lib\highcharts\es-modules\Core\Axis\AxisDefaults.js", "JavaScript", 0, 135, 0, 0, 0, 0, 0, 0, 2915, 1, 3051
"c:\Users\MSI SWORD 15 A12V\source\repos\SoftWhatsAppCRMDash\SoftWhatsAppCRMDash\obj\Release\net8.0\PubTmp\Out\wwwroot\lib\highcharts\es-modules\Core\Axis\AxisDefaults.min.js", "JavaScript", 0, 1, 0, 0, 0, 0, 0, 0, 0, 0, 1
"c:\Users\MSI SWORD 15 A12V\source\repos\SoftWhatsAppCRMDash\SoftWhatsAppCRMDash\obj\Release\net8.0\PubTmp\Out\wwwroot\lib\highcharts\es-modules\Core\Axis\BrokenAxis.js", "JavaScript", 0, 389, 0, 0, 0, 0, 0, 0, 220, 1, 610
"c:\Users\MSI SWORD 15 A12V\source\repos\SoftWhatsAppCRMDash\SoftWhatsAppCRMDash\obj\Release\net8.0\PubTmp\Out\wwwroot\lib\highcharts\es-modules\Core\Axis\BrokenAxis.min.js", "JavaScript", 0, 1, 0, 0, 0, 0, 0, 0, 0, 0, 1
"c:\Users\MSI SWORD 15 A12V\source\repos\SoftWhatsAppCRMDash\SoftWhatsAppCRMDash\obj\Release\net8.0\PubTmp\Out\wwwroot\lib\highcharts\es-modules\Core\Axis\Color\ColorAxis.js", "JavaScript", 0, 352, 0, 0, 0, 0, 0, 0, 214, 1, 567
"c:\Users\MSI SWORD 15 A12V\source\repos\SoftWhatsAppCRMDash\SoftWhatsAppCRMDash\obj\Release\net8.0\PubTmp\Out\wwwroot\lib\highcharts\es-modules\Core\Axis\Color\ColorAxis.min.js", "JavaScript", 0, 1, 0, 0, 0, 0, 0, 0, 0, 0, 1
"c:\Users\MSI SWORD 15 A12V\source\repos\SoftWhatsAppCRMDash\SoftWhatsAppCRMDash\obj\Release\net8.0\PubTmp\Out\wwwroot\lib\highcharts\es-modules\Core\Axis\Color\ColorAxisComposition.js", "JavaScript", 0, 171, 0, 0, 0, 0, 0, 0, 94, 1, 266
"c:\Users\MSI SWORD 15 A12V\source\repos\SoftWhatsAppCRMDash\SoftWhatsAppCRMDash\obj\Release\net8.0\PubTmp\Out\wwwroot\lib\highcharts\es-modules\Core\Axis\Color\ColorAxisComposition.min.js", "JavaScript", 0, 1, 0, 0, 0, 0, 0, 0, 0, 0, 1
"c:\Users\MSI SWORD 15 A12V\source\repos\SoftWhatsAppCRMDash\SoftWhatsAppCRMDash\obj\Release\net8.0\PubTmp\Out\wwwroot\lib\highcharts\es-modules\Core\Axis\Color\ColorAxisDefaults.js", "JavaScript", 0, 29, 0, 0, 0, 0, 0, 0, 443, 1, 473
"c:\Users\MSI SWORD 15 A12V\source\repos\SoftWhatsAppCRMDash\SoftWhatsAppCRMDash\obj\Release\net8.0\PubTmp\Out\wwwroot\lib\highcharts\es-modules\Core\Axis\Color\ColorAxisDefaults.min.js", "JavaScript", 0, 1, 0, 0, 0, 0, 0, 0, 0, 0, 1
"c:\Users\MSI SWORD 15 A12V\source\repos\SoftWhatsAppCRMDash\SoftWhatsAppCRMDash\obj\Release\net8.0\PubTmp\Out\wwwroot\lib\highcharts\es-modules\Core\Axis\Color\ColorAxisLike.js", "JavaScript", 0, 97, 0, 0, 0, 0, 0, 0, 47, 1, 145
"c:\Users\MSI SWORD 15 A12V\source\repos\SoftWhatsAppCRMDash\SoftWhatsAppCRMDash\obj\Release\net8.0\PubTmp\Out\wwwroot\lib\highcharts\es-modules\Core\Axis\Color\ColorAxisLike.min.js", "JavaScript", 0, 1, 0, 0, 0, 0, 0, 0, 0, 0, 1
"c:\Users\MSI SWORD 15 A12V\source\repos\SoftWhatsAppCRMDash\SoftWhatsAppCRMDash\obj\Release\net8.0\PubTmp\Out\wwwroot\lib\highcharts\es-modules\Core\Axis\DateTimeAxis.js", "JavaScript", 0, 95, 0, 0, 0, 0, 0, 0, 93, 1, 189
"c:\Users\MSI SWORD 15 A12V\source\repos\SoftWhatsAppCRMDash\SoftWhatsAppCRMDash\obj\Release\net8.0\PubTmp\Out\wwwroot\lib\highcharts\es-modules\Core\Axis\DateTimeAxis.min.js", "JavaScript", 0, 1, 0, 0, 0, 0, 0, 0, 0, 0, 1
"c:\Users\MSI SWORD 15 A12V\source\repos\SoftWhatsAppCRMDash\SoftWhatsAppCRMDash\obj\Release\net8.0\PubTmp\Out\wwwroot\lib\highcharts\es-modules\Core\Axis\GridAxis.js", "JavaScript", 0, 682, 0, 0, 0, 0, 0, 0, 385, 1, 1068
"c:\Users\MSI SWORD 15 A12V\source\repos\SoftWhatsAppCRMDash\SoftWhatsAppCRMDash\obj\Release\net8.0\PubTmp\Out\wwwroot\lib\highcharts\es-modules\Core\Axis\GridAxis.min.js", "JavaScript", 0, 1, 0, 0, 0, 0, 0, 0, 0, 0, 1
"c:\Users\MSI SWORD 15 A12V\source\repos\SoftWhatsAppCRMDash\SoftWhatsAppCRMDash\obj\Release\net8.0\PubTmp\Out\wwwroot\lib\highcharts\es-modules\Core\Axis\LogarithmicAxis.js", "JavaScript", 0, 110, 0, 0, 0, 0, 0, 0, 78, 1, 189
"c:\Users\MSI SWORD 15 A12V\source\repos\SoftWhatsAppCRMDash\SoftWhatsAppCRMDash\obj\Release\net8.0\PubTmp\Out\wwwroot\lib\highcharts\es-modules\Core\Axis\LogarithmicAxis.min.js", "JavaScript", 0, 1, 0, 0, 0, 0, 0, 0, 0, 0, 1
"c:\Users\MSI SWORD 15 A12V\source\repos\SoftWhatsAppCRMDash\SoftWhatsAppCRMDash\obj\Release\net8.0\PubTmp\Out\wwwroot\lib\highcharts\es-modules\Core\Axis\NavigatorAxisComposition.js", "JavaScript", 0, 70, 0, 0, 0, 0, 0, 0, 73, 1, 144
"c:\Users\MSI SWORD 15 A12V\source\repos\SoftWhatsAppCRMDash\SoftWhatsAppCRMDash\obj\Release\net8.0\PubTmp\Out\wwwroot\lib\highcharts\es-modules\Core\Axis\NavigatorAxisComposition.min.js", "JavaScript", 0, 1, 0, 0, 0, 0, 0, 0, 0, 0, 1
"c:\Users\MSI SWORD 15 A12V\source\repos\SoftWhatsAppCRMDash\SoftWhatsAppCRMDash\obj\Release\net8.0\PubTmp\Out\wwwroot\lib\highcharts\es-modules\Core\Axis\OrdinalAxis.js", "JavaScript", 0, 650, 0, 0, 0, 0, 0, 0, 376, 1, 1027
"c:\Users\MSI SWORD 15 A12V\source\repos\SoftWhatsAppCRMDash\SoftWhatsAppCRMDash\obj\Release\net8.0\PubTmp\Out\wwwroot\lib\highcharts\es-modules\Core\Axis\OrdinalAxis.min.js", "JavaScript", 0, 1, 0, 0, 0, 0, 0, 0, 0, 0, 1
"c:\Users\MSI SWORD 15 A12V\source\repos\SoftWhatsAppCRMDash\SoftWhatsAppCRMDash\obj\Release\net8.0\PubTmp\Out\wwwroot\lib\highcharts\es-modules\Core\Axis\PlotLineOrBand\PlotLineOrBand.js", "JavaScript", 0, 183, 0, 0, 0, 0, 0, 0, 759, 1, 943
"c:\Users\MSI SWORD 15 A12V\source\repos\SoftWhatsAppCRMDash\SoftWhatsAppCRMDash\obj\Release\net8.0\PubTmp\Out\wwwroot\lib\highcharts\es-modules\Core\Axis\PlotLineOrBand\PlotLineOrBand.min.js", "JavaScript", 0, 1, 0, 0, 0, 0, 0, 0, 0, 0, 1
"c:\Users\MSI SWORD 15 A12V\source\repos\SoftWhatsAppCRMDash\SoftWhatsAppCRMDash\obj\Release\net8.0\PubTmp\Out\wwwroot\lib\highcharts\es-modules\Core\Axis\PlotLineOrBand\PlotLineOrBandAxis.js", "JavaScript", 0, 127, 0, 0, 0, 0, 0, 0, 135, 1, 263
"c:\Users\MSI SWORD 15 A12V\source\repos\SoftWhatsAppCRMDash\SoftWhatsAppCRMDash\obj\Release\net8.0\PubTmp\Out\wwwroot\lib\highcharts\es-modules\Core\Axis\PlotLineOrBand\PlotLineOrBandAxis.min.js", "JavaScript", 0, 1, 0, 0, 0, 0, 0, 0, 0, 0, 1
"c:\Users\MSI SWORD 15 A12V\source\repos\SoftWhatsAppCRMDash\SoftWhatsAppCRMDash\obj\Release\net8.0\PubTmp\Out\wwwroot\lib\highcharts\es-modules\Core\Axis\RadialAxis.js", "JavaScript", 0, 605, 0, 0, 0, 0, 0, 0, 266, 1, 872
"c:\Users\MSI SWORD 15 A12V\source\repos\SoftWhatsAppCRMDash\SoftWhatsAppCRMDash\obj\Release\net8.0\PubTmp\Out\wwwroot\lib\highcharts\es-modules\Core\Axis\RadialAxis.min.js", "JavaScript", 0, 1, 0, 0, 0, 0, 0, 0, 0, 0, 1
"c:\Users\MSI SWORD 15 A12V\source\repos\SoftWhatsAppCRMDash\SoftWhatsAppCRMDash\obj\Release\net8.0\PubTmp\Out\wwwroot\lib\highcharts\es-modules\Core\Axis\RadialAxisDefaults.js", "JavaScript", 0, 61, 0, 0, 0, 0, 0, 0, 64, 1, 126
"c:\Users\MSI SWORD 15 A12V\source\repos\SoftWhatsAppCRMDash\SoftWhatsAppCRMDash\obj\Release\net8.0\PubTmp\Out\wwwroot\lib\highcharts\es-modules\Core\Axis\RadialAxisDefaults.min.js", "JavaScript", 0, 1, 0, 0, 0, 0, 0, 0, 0, 0, 1
"c:\Users\MSI SWORD 15 A12V\source\repos\SoftWhatsAppCRMDash\SoftWhatsAppCRMDash\obj\Release\net8.0\PubTmp\Out\wwwroot\lib\highcharts\es-modules\Core\Axis\ScrollbarAxis.js", "JavaScript", 0, 144, 0, 0, 0, 0, 0, 0, 72, 1, 217
"c:\Users\MSI SWORD 15 A12V\source\repos\SoftWhatsAppCRMDash\SoftWhatsAppCRMDash\obj\Release\net8.0\PubTmp\Out\wwwroot\lib\highcharts\es-modules\Core\Axis\ScrollbarAxis.min.js", "JavaScript", 0, 1, 0, 0, 0, 0, 0, 0, 0, 0, 1
"c:\Users\MSI SWORD 15 A12V\source\repos\SoftWhatsAppCRMDash\SoftWhatsAppCRMDash\obj\Release\net8.0\PubTmp\Out\wwwroot\lib\highcharts\es-modules\Core\Axis\SolidGaugeAxis.js", "JavaScript", 0, 11, 0, 0, 0, 0, 0, 0, 22, 1, 34
"c:\Users\MSI SWORD 15 A12V\source\repos\SoftWhatsAppCRMDash\SoftWhatsAppCRMDash\obj\Release\net8.0\PubTmp\Out\wwwroot\lib\highcharts\es-modules\Core\Axis\SolidGaugeAxis.min.js", "JavaScript", 0, 1, 0, 0, 0, 0, 0, 0, 0, 0, 1
"c:\Users\MSI SWORD 15 A12V\source\repos\SoftWhatsAppCRMDash\SoftWhatsAppCRMDash\obj\Release\net8.0\PubTmp\Out\wwwroot\lib\highcharts\es-modules\Core\Axis\Stacking\StackItem.js", "JavaScript", 0, 153, 0, 0, 0, 0, 0, 0, 124, 1, 278
"c:\Users\MSI SWORD 15 A12V\source\repos\SoftWhatsAppCRMDash\SoftWhatsAppCRMDash\obj\Release\net8.0\PubTmp\Out\wwwroot\lib\highcharts\es-modules\Core\Axis\Stacking\StackItem.min.js", "JavaScript", 0, 1, 0, 0, 0, 0, 0, 0, 0, 0, 1
"c:\Users\MSI SWORD 15 A12V\source\repos\SoftWhatsAppCRMDash\SoftWhatsAppCRMDash\obj\Release\net8.0\PubTmp\Out\wwwroot\lib\highcharts\es-modules\Core\Axis\Stacking\StackingAxis.js", "JavaScript", 0, 273, 0, 0, 0, 0, 0, 0, 153, 1, 427
"c:\Users\MSI SWORD 15 A12V\source\repos\SoftWhatsAppCRMDash\SoftWhatsAppCRMDash\obj\Release\net8.0\PubTmp\Out\wwwroot\lib\highcharts\es-modules\Core\Axis\Stacking\StackingAxis.min.js", "JavaScript", 0, 1, 0, 0, 0, 0, 0, 0, 0, 0, 1
"c:\Users\MSI SWORD 15 A12V\source\repos\SoftWhatsAppCRMDash\SoftWhatsAppCRMDash\obj\Release\net8.0\PubTmp\Out\wwwroot\lib\highcharts\es-modules\Core\Axis\Tick.js", "JavaScript", 0, 429, 0, 0, 0, 0, 0, 0, 293, 1, 723
"c:\Users\MSI SWORD 15 A12V\source\repos\SoftWhatsAppCRMDash\SoftWhatsAppCRMDash\obj\Release\net8.0\PubTmp\Out\wwwroot\lib\highcharts\es-modules\Core\Axis\Tick.min.js", "JavaScript", 0, 1, 0, 0, 0, 0, 0, 0, 0, 0, 1
"c:\Users\MSI SWORD 15 A12V\source\repos\SoftWhatsAppCRMDash\SoftWhatsAppCRMDash\obj\Release\net8.0\PubTmp\Out\wwwroot\lib\highcharts\es-modules\Core\Axis\Tick3DComposition.js", "JavaScript", 0, 36, 0, 0, 0, 0, 0, 0, 30, 1, 67
"c:\Users\MSI SWORD 15 A12V\source\repos\SoftWhatsAppCRMDash\SoftWhatsAppCRMDash\obj\Release\net8.0\PubTmp\Out\wwwroot\lib\highcharts\es-modules\Core\Axis\Tick3DComposition.min.js", "JavaScript", 0, 1, 0, 0, 0, 0, 0, 0, 0, 0, 1
"c:\Users\MSI SWORD 15 A12V\source\repos\SoftWhatsAppCRMDash\SoftWhatsAppCRMDash\obj\Release\net8.0\PubTmp\Out\wwwroot\lib\highcharts\es-modules\Core\Axis\TreeGrid\TreeGridAxis.js", "JavaScript", 0, 423, 0, 0, 0, 0, 0, 0, 331, 1, 755
"c:\Users\MSI SWORD 15 A12V\source\repos\SoftWhatsAppCRMDash\SoftWhatsAppCRMDash\obj\Release\net8.0\PubTmp\Out\wwwroot\lib\highcharts\es-modules\Core\Axis\TreeGrid\TreeGridAxis.min.js", "JavaScript", 0, 1, 0, 0, 0, 0, 0, 0, 0, 0, 1
"c:\Users\MSI SWORD 15 A12V\source\repos\SoftWhatsAppCRMDash\SoftWhatsAppCRMDash\obj\Release\net8.0\PubTmp\Out\wwwroot\lib\highcharts\es-modules\Core\Axis\TreeGrid\TreeGridTick.js", "JavaScript", 0, 179, 0, 0, 0, 0, 0, 0, 122, 1, 302
"c:\Users\MSI SWORD 15 A12V\source\repos\SoftWhatsAppCRMDash\SoftWhatsAppCRMDash\obj\Release\net8.0\PubTmp\Out\wwwroot\lib\highcharts\es-modules\Core\Axis\TreeGrid\TreeGridTick.min.js", "JavaScript", 0, 1, 0, 0, 0, 0, 0, 0, 0, 0, 1
"c:\Users\MSI SWORD 15 A12V\source\repos\SoftWhatsAppCRMDash\SoftWhatsAppCRMDash\obj\Release\net8.0\PubTmp\Out\wwwroot\lib\highcharts\es-modules\Core\Axis\WaterfallAxis.js", "JavaScript", 0, 80, 0, 0, 0, 0, 0, 0, 67, 1, 148
"c:\Users\MSI SWORD 15 A12V\source\repos\SoftWhatsAppCRMDash\SoftWhatsAppCRMDash\obj\Release\net8.0\PubTmp\Out\wwwroot\lib\highcharts\es-modules\Core\Axis\WaterfallAxis.min.js", "JavaScript", 0, 1, 0, 0, 0, 0, 0, 0, 0, 0, 1
"c:\Users\MSI SWORD 15 A12V\source\repos\SoftWhatsAppCRMDash\SoftWhatsAppCRMDash\obj\Release\net8.0\PubTmp\Out\wwwroot\lib\highcharts\es-modules\Core\Axis\ZAxis.js", "JavaScript", 0, 71, 0, 0, 0, 0, 0, 0, 57, 1, 129
"c:\Users\MSI SWORD 15 A12V\source\repos\SoftWhatsAppCRMDash\SoftWhatsAppCRMDash\obj\Release\net8.0\PubTmp\Out\wwwroot\lib\highcharts\es-modules\Core\Axis\ZAxis.min.js", "JavaScript", 0, 1, 0, 0, 0, 0, 0, 0, 0, 0, 1
"c:\Users\MSI SWORD 15 A12V\source\repos\SoftWhatsAppCRMDash\SoftWhatsAppCRMDash\obj\Release\net8.0\PubTmp\Out\wwwroot\lib\highcharts\es-modules\Core\Chart\Chart.js", "JavaScript", 0, 1603, 0, 0, 0, 0, 0, 0, 1371, 1, 2975
"c:\Users\MSI SWORD 15 A12V\source\repos\SoftWhatsAppCRMDash\SoftWhatsAppCRMDash\obj\Release\net8.0\PubTmp\Out\wwwroot\lib\highcharts\es-modules\Core\Chart\Chart.min.js", "JavaScript", 0, 1, 0, 0, 0, 0, 0, 0, 0, 0, 1
"c:\Users\MSI SWORD 15 A12V\source\repos\SoftWhatsAppCRMDash\SoftWhatsAppCRMDash\obj\Release\net8.0\PubTmp\Out\wwwroot\lib\highcharts\es-modules\Core\Chart\Chart3D.js", "JavaScript", 0, 1350, 0, 0, 0, 0, 0, 0, 336, 1, 1687
"c:\Users\MSI SWORD 15 A12V\source\repos\SoftWhatsAppCRMDash\SoftWhatsAppCRMDash\obj\Release\net8.0\PubTmp\Out\wwwroot\lib\highcharts\es-modules\Core\Chart\Chart3D.min.js", "JavaScript", 0, 1, 0, 0, 0, 0, 0, 0, 0, 0, 1
"c:\Users\MSI SWORD 15 A12V\source\repos\SoftWhatsAppCRMDash\SoftWhatsAppCRMDash\obj\Release\net8.0\PubTmp\Out\wwwroot\lib\highcharts\es-modules\Core\Chart\ChartDefaults.js", "JavaScript", 0, 41, 0, 0, 0, 0, 0, 0, 1249, 1, 1291
"c:\Users\MSI SWORD 15 A12V\source\repos\SoftWhatsAppCRMDash\SoftWhatsAppCRMDash\obj\Release\net8.0\PubTmp\Out\wwwroot\lib\highcharts\es-modules\Core\Chart\ChartDefaults.min.js", "JavaScript", 0, 1, 0, 0, 0, 0, 0, 0, 0, 0, 1
"c:\Users\MSI SWORD 15 A12V\source\repos\SoftWhatsAppCRMDash\SoftWhatsAppCRMDash\obj\Release\net8.0\PubTmp\Out\wwwroot\lib\highcharts\es-modules\Core\Chart\ChartNavigationComposition.js", "JavaScript", 0, 27, 0, 0, 0, 0, 0, 0, 63, 1, 91
"c:\Users\MSI SWORD 15 A12V\source\repos\SoftWhatsAppCRMDash\SoftWhatsAppCRMDash\obj\Release\net8.0\PubTmp\Out\wwwroot\lib\highcharts\es-modules\Core\Chart\ChartNavigationComposition.min.js", "JavaScript", 0, 1, 0, 0, 0, 0, 0, 0, 0, 0, 1
"c:\Users\MSI SWORD 15 A12V\source\repos\SoftWhatsAppCRMDash\SoftWhatsAppCRMDash\obj\Release\net8.0\PubTmp\Out\wwwroot\lib\highcharts\es-modules\Core\Chart\GanttChart.js", "JavaScript", 0, 76, 0, 0, 0, 0, 0, 0, 111, 1, 188
"c:\Users\MSI SWORD 15 A12V\source\repos\SoftWhatsAppCRMDash\SoftWhatsAppCRMDash\obj\Release\net8.0\PubTmp\Out\wwwroot\lib\highcharts\es-modules\Core\Chart\GanttChart.min.js", "JavaScript", 0, 1, 0, 0, 0, 0, 0, 0, 0, 0, 1
"c:\Users\MSI SWORD 15 A12V\source\repos\SoftWhatsAppCRMDash\SoftWhatsAppCRMDash\obj\Release\net8.0\PubTmp\Out\wwwroot\lib\highcharts\es-modules\Core\Chart\MapChart.js", "JavaScript", 0, 82, 0, 0, 0, 0, 0, 0, 150, 1, 233
"c:\Users\MSI SWORD 15 A12V\source\repos\SoftWhatsAppCRMDash\SoftWhatsAppCRMDash\obj\Release\net8.0\PubTmp\Out\wwwroot\lib\highcharts\es-modules\Core\Chart\MapChart.min.js", "JavaScript", 0, 1, 0, 0, 0, 0, 0, 0, 0, 0, 1
"c:\Users\MSI SWORD 15 A12V\source\repos\SoftWhatsAppCRMDash\SoftWhatsAppCRMDash\obj\Release\net8.0\PubTmp\Out\wwwroot\lib\highcharts\es-modules\Core\Chart\StockChart.js", "JavaScript", 0, 439, 0, 0, 0, 0, 0, 0, 213, 1, 653
"c:\Users\MSI SWORD 15 A12V\source\repos\SoftWhatsAppCRMDash\SoftWhatsAppCRMDash\obj\Release\net8.0\PubTmp\Out\wwwroot\lib\highcharts\es-modules\Core\Chart\StockChart.min.js", "JavaScript", 0, 1, 0, 0, 0, 0, 0, 0, 0, 0, 1
"c:\Users\MSI SWORD 15 A12V\source\repos\SoftWhatsAppCRMDash\SoftWhatsAppCRMDash\obj\Release\net8.0\PubTmp\Out\wwwroot\lib\highcharts\es-modules\Core\Color\Color.js", "JavaScript", 0, 156, 0, 0, 0, 0, 0, 0, 238, 1, 395
"c:\Users\MSI SWORD 15 A12V\source\repos\SoftWhatsAppCRMDash\SoftWhatsAppCRMDash\obj\Release\net8.0\PubTmp\Out\wwwroot\lib\highcharts\es-modules\Core\Color\Color.min.js", "JavaScript", 0, 1, 0, 0, 0, 0, 0, 0, 0, 0, 1
"c:\Users\MSI SWORD 15 A12V\source\repos\SoftWhatsAppCRMDash\SoftWhatsAppCRMDash\obj\Release\net8.0\PubTmp\Out\wwwroot\lib\highcharts\es-modules\Core\Color\Palettes.js", "JavaScript", 0, 15, 0, 0, 0, 0, 0, 0, 7, 1, 23
"c:\Users\MSI SWORD 15 A12V\source\repos\SoftWhatsAppCRMDash\SoftWhatsAppCRMDash\obj\Release\net8.0\PubTmp\Out\wwwroot\lib\highcharts\es-modules\Core\Color\Palettes.min.js", "JavaScript", 0, 1, 0, 0, 0, 0, 0, 0, 0, 0, 1
"c:\Users\MSI SWORD 15 A12V\source\repos\SoftWhatsAppCRMDash\SoftWhatsAppCRMDash\obj\Release\net8.0\PubTmp\Out\wwwroot\lib\highcharts\es-modules\Core\Defaults.js", "JavaScript", 0, 242, 0, 0, 0, 0, 0, 0, 2574, 1, 2817
"c:\Users\MSI SWORD 15 A12V\source\repos\SoftWhatsAppCRMDash\SoftWhatsAppCRMDash\obj\Release\net8.0\PubTmp\Out\wwwroot\lib\highcharts\es-modules\Core\Defaults.min.js", "JavaScript", 0, 1, 0, 0, 0, 0, 0, 0, 0, 0, 1
"c:\Users\MSI SWORD 15 A12V\source\repos\SoftWhatsAppCRMDash\SoftWhatsAppCRMDash\obj\Release\net8.0\PubTmp\Out\wwwroot\lib\highcharts\es-modules\Core\Foundation.js", "JavaScript", 0, 25, 0, 0, 0, 0, 0, 0, 38, 1, 64
"c:\Users\MSI SWORD 15 A12V\source\repos\SoftWhatsAppCRMDash\SoftWhatsAppCRMDash\obj\Release\net8.0\PubTmp\Out\wwwroot\lib\highcharts\es-modules\Core\Foundation.min.js", "JavaScript", 0, 1, 0, 0, 0, 0, 0, 0, 0, 0, 1
"c:\Users\MSI SWORD 15 A12V\source\repos\SoftWhatsAppCRMDash\SoftWhatsAppCRMDash\obj\Release\net8.0\PubTmp\Out\wwwroot\lib\highcharts\es-modules\Core\Geometry\CircleUtilities.js", "JavaScript", 0, 165, 0, 0, 0, 0, 0, 0, 221, 1, 387
"c:\Users\MSI SWORD 15 A12V\source\repos\SoftWhatsAppCRMDash\SoftWhatsAppCRMDash\obj\Release\net8.0\PubTmp\Out\wwwroot\lib\highcharts\es-modules\Core\Geometry\CircleUtilities.min.js", "JavaScript", 0, 1, 0, 0, 0, 0, 0, 0, 0, 0, 1
"c:\Users\MSI SWORD 15 A12V\source\repos\SoftWhatsAppCRMDash\SoftWhatsAppCRMDash\obj\Release\net8.0\PubTmp\Out\wwwroot\lib\highcharts\es-modules\Core\Geometry\GeometryUtilities.js", "JavaScript", 0, 41, 0, 0, 0, 0, 0, 0, 64, 1, 106
"c:\Users\MSI SWORD 15 A12V\source\repos\SoftWhatsAppCRMDash\SoftWhatsAppCRMDash\obj\Release\net8.0\PubTmp\Out\wwwroot\lib\highcharts\es-modules\Core\Geometry\GeometryUtilities.min.js", "JavaScript", 0, 1, 0, 0, 0, 0, 0, 0, 0, 0, 1
"c:\Users\MSI SWORD 15 A12V\source\repos\SoftWhatsAppCRMDash\SoftWhatsAppCRMDash\obj\Release\net8.0\PubTmp\Out\wwwroot\lib\highcharts\es-modules\Core\Geometry\PolygonClip.js", "JavaScript", 0, 63, 0, 0, 0, 0, 0, 0, 33, 1, 97
"c:\Users\MSI SWORD 15 A12V\source\repos\SoftWhatsAppCRMDash\SoftWhatsAppCRMDash\obj\Release\net8.0\PubTmp\Out\wwwroot\lib\highcharts\es-modules\Core\Geometry\PolygonClip.min.js", "JavaScript", 0, 1, 0, 0, 0, 0, 0, 0, 0, 0, 1
"c:\Users\MSI SWORD 15 A12V\source\repos\SoftWhatsAppCRMDash\SoftWhatsAppCRMDash\obj\Release\net8.0\PubTmp\Out\wwwroot\lib\highcharts\es-modules\Core\Globals.js", "JavaScript", 0, 37, 0, 0, 0, 0, 0, 0, 92, 1, 130
"c:\Users\MSI SWORD 15 A12V\source\repos\SoftWhatsAppCRMDash\SoftWhatsAppCRMDash\obj\Release\net8.0\PubTmp\Out\wwwroot\lib\highcharts\es-modules\Core\Globals.min.js", "JavaScript", 0, 1, 0, 0, 0, 0, 0, 0, 0, 0, 1
"c:\Users\MSI SWORD 15 A12V\source\repos\SoftWhatsAppCRMDash\SoftWhatsAppCRMDash\obj\Release\net8.0\PubTmp\Out\wwwroot\lib\highcharts\es-modules\Core\HttpUtilities.js", "JavaScript", 0, 106, 0, 0, 0, 0, 0, 0, 101, 1, 208
"c:\Users\MSI SWORD 15 A12V\source\repos\SoftWhatsAppCRMDash\SoftWhatsAppCRMDash\obj\Release\net8.0\PubTmp\Out\wwwroot\lib\highcharts\es-modules\Core\HttpUtilities.min.js", "JavaScript", 0, 1, 0, 0, 0, 0, 0, 0, 0, 0, 1
"c:\Users\MSI SWORD 15 A12V\source\repos\SoftWhatsAppCRMDash\SoftWhatsAppCRMDash\obj\Release\net8.0\PubTmp\Out\wwwroot\lib\highcharts\es-modules\Core\Legend\Legend.js", "JavaScript", 0, 833, 0, 0, 0, 0, 0, 0, 531, 1, 1365
"c:\Users\MSI SWORD 15 A12V\source\repos\SoftWhatsAppCRMDash\SoftWhatsAppCRMDash\obj\Release\net8.0\PubTmp\Out\wwwroot\lib\highcharts\es-modules\Core\Legend\Legend.min.js", "JavaScript", 0, 1, 0, 0, 0, 0, 0, 0, 0, 0, 1
"c:\Users\MSI SWORD 15 A12V\source\repos\SoftWhatsAppCRMDash\SoftWhatsAppCRMDash\obj\Release\net8.0\PubTmp\Out\wwwroot\lib\highcharts\es-modules\Core\Legend\LegendSymbol.js", "JavaScript", 0, 81, 0, 0, 0, 0, 0, 0, 63, 1, 145
"c:\Users\MSI SWORD 15 A12V\source\repos\SoftWhatsAppCRMDash\SoftWhatsAppCRMDash\obj\Release\net8.0\PubTmp\Out\wwwroot\lib\highcharts\es-modules\Core\Legend\LegendSymbol.min.js", "JavaScript", 0, 1, 0, 0, 0, 0, 0, 0, 0, 0, 1
"c:\Users\MSI SWORD 15 A12V\source\repos\SoftWhatsAppCRMDash\SoftWhatsAppCRMDash\obj\Release\net8.0\PubTmp\Out\wwwroot\lib\highcharts\es-modules\Core\MSPointer.js", "JavaScript", 0, 121, 0, 0, 0, 0, 0, 0, 97, 1, 219
"c:\Users\MSI SWORD 15 A12V\source\repos\SoftWhatsAppCRMDash\SoftWhatsAppCRMDash\obj\Release\net8.0\PubTmp\Out\wwwroot\lib\highcharts\es-modules\Core\MSPointer.min.js", "JavaScript", 0, 1, 0, 0, 0, 0, 0, 0, 0, 0, 1
"c:\Users\MSI SWORD 15 A12V\source\repos\SoftWhatsAppCRMDash\SoftWhatsAppCRMDash\obj\Release\net8.0\PubTmp\Out\wwwroot\lib\highcharts\es-modules\Core\Math3D.js", "JavaScript", 0, 85, 0, 0, 0, 0, 0, 0, 165, 1, 251
"c:\Users\MSI SWORD 15 A12V\source\repos\SoftWhatsAppCRMDash\SoftWhatsAppCRMDash\obj\Release\net8.0\PubTmp\Out\wwwroot\lib\highcharts\es-modules\Core\Math3D.min.js", "JavaScript", 0, 1, 0, 0, 0, 0, 0, 0, 0, 0, 1
"c:\Users\MSI SWORD 15 A12V\source\repos\SoftWhatsAppCRMDash\SoftWhatsAppCRMDash\obj\Release\net8.0\PubTmp\Out\wwwroot\lib\highcharts\es-modules\Core\Pointer.js", "JavaScript", 0, 879, 0, 0, 0, 0, 0, 0, 741, 1, 1621
"c:\Users\MSI SWORD 15 A12V\source\repos\SoftWhatsAppCRMDash\SoftWhatsAppCRMDash\obj\Release\net8.0\PubTmp\Out\wwwroot\lib\highcharts\es-modules\Core\Pointer.min.js", "JavaScript", 0, 1, 0, 0, 0, 0, 0, 0, 0, 0, 1
"c:\Users\MSI SWORD 15 A12V\source\repos\SoftWhatsAppCRMDash\SoftWhatsAppCRMDash\obj\Release\net8.0\PubTmp\Out\wwwroot\lib\highcharts\es-modules\Core\Renderer\HTML\AST.js", "JavaScript", 0, 337, 0, 0, 0, 0, 0, 0, 225, 1, 563
"c:\Users\MSI SWORD 15 A12V\source\repos\SoftWhatsAppCRMDash\SoftWhatsAppCRMDash\obj\Release\net8.0\PubTmp\Out\wwwroot\lib\highcharts\es-modules\Core\Renderer\HTML\AST.min.js", "JavaScript", 0, 1, 0, 0, 0, 0, 0, 0, 0, 0, 1
"c:\Users\MSI SWORD 15 A12V\source\repos\SoftWhatsAppCRMDash\SoftWhatsAppCRMDash\obj\Release\net8.0\PubTmp\Out\wwwroot\lib\highcharts\es-modules\Core\Renderer\HTML\HTMLElement.js", "JavaScript", 0, 255, 0, 0, 0, 0, 0, 0, 152, 1, 408
"c:\Users\MSI SWORD 15 A12V\source\repos\SoftWhatsAppCRMDash\SoftWhatsAppCRMDash\obj\Release\net8.0\PubTmp\Out\wwwroot\lib\highcharts\es-modules\Core\Renderer\HTML\HTMLElement.min.js", "JavaScript", 0, 1, 0, 0, 0, 0, 0, 0, 0, 0, 1
"c:\Users\MSI SWORD 15 A12V\source\repos\SoftWhatsAppCRMDash\SoftWhatsAppCRMDash\obj\Release\net8.0\PubTmp\Out\wwwroot\lib\highcharts\es-modules\Core\Renderer\RendererRegistry.js", "JavaScript", 0, 20, 0, 0, 0, 0, 0, 0, 56, 1, 77
"c:\Users\MSI SWORD 15 A12V\source\repos\SoftWhatsAppCRMDash\SoftWhatsAppCRMDash\obj\Release\net8.0\PubTmp\Out\wwwroot\lib\highcharts\es-modules\Core\Renderer\RendererRegistry.min.js", "JavaScript", 0, 1, 0, 0, 0, 0, 0, 0, 0, 0, 1
"c:\Users\MSI SWORD 15 A12V\source\repos\SoftWhatsAppCRMDash\SoftWhatsAppCRMDash\obj\Release\net8.0\PubTmp\Out\wwwroot\lib\highcharts\es-modules\Core\Renderer\RendererUtilities.js", "JavaScript", 0, 96, 0, 0, 0, 0, 0, 0, 76, 1, 173
"c:\Users\MSI SWORD 15 A12V\source\repos\SoftWhatsAppCRMDash\SoftWhatsAppCRMDash\obj\Release\net8.0\PubTmp\Out\wwwroot\lib\highcharts\es-modules\Core\Renderer\RendererUtilities.min.js", "JavaScript", 0, 1, 0, 0, 0, 0, 0, 0, 0, 0, 1
"c:\Users\MSI SWORD 15 A12V\source\repos\SoftWhatsAppCRMDash\SoftWhatsAppCRMDash\obj\Release\net8.0\PubTmp\Out\wwwroot\lib\highcharts\es-modules\Core\Renderer\SVG\SVGElement.js", "JavaScript", 0, 914, 0, 0, 0, 0, 0, 0, 968, 1, 1883
"c:\Users\MSI SWORD 15 A12V\source\repos\SoftWhatsAppCRMDash\SoftWhatsAppCRMDash\obj\Release\net8.0\PubTmp\Out\wwwroot\lib\highcharts\es-modules\Core\Renderer\SVG\SVGElement.min.js", "JavaScript", 0, 1, 0, 0, 0, 0, 0, 0, 0, 0, 1
"c:\Users\MSI SWORD 15 A12V\source\repos\SoftWhatsAppCRMDash\SoftWhatsAppCRMDash\obj\Release\net8.0\PubTmp\Out\wwwroot\lib\highcharts\es-modules\Core\Renderer\SVG\SVGElement3D.js", "JavaScript", 0, 124, 0, 0, 0, 0, 0, 0, 64, 1, 189
"c:\Users\MSI SWORD 15 A12V\source\repos\SoftWhatsAppCRMDash\SoftWhatsAppCRMDash\obj\Release\net8.0\PubTmp\Out\wwwroot\lib\highcharts\es-modules\Core\Renderer\SVG\SVGElement3D.min.js", "JavaScript", 0, 1, 0, 0, 0, 0, 0, 0, 0, 0, 1
"c:\Users\MSI SWORD 15 A12V\source\repos\SoftWhatsAppCRMDash\SoftWhatsAppCRMDash\obj\Release\net8.0\PubTmp\Out\wwwroot\lib\highcharts\es-modules\Core\Renderer\SVG\SVGLabel.js", "JavaScript", 0, 279, 0, 0, 0, 0, 0, 0, 121, 1, 401
"c:\Users\MSI SWORD 15 A12V\source\repos\SoftWhatsAppCRMDash\SoftWhatsAppCRMDash\obj\Release\net8.0\PubTmp\Out\wwwroot\lib\highcharts\es-modules\Core\Renderer\SVG\SVGLabel.min.js", "JavaScript", 0, 1, 0, 0, 0, 0, 0, 0, 0, 0, 1
"c:\Users\MSI SWORD 15 A12V\source\repos\SoftWhatsAppCRMDash\SoftWhatsAppCRMDash\obj\Release\net8.0\PubTmp\Out\wwwroot\lib\highcharts\es-modules\Core\Renderer\SVG\SVGRenderer.js", "JavaScript", 0, 658, 0, 0, 0, 0, 0, 0, 1225, 1, 1884
"c:\Users\MSI SWORD 15 A12V\source\repos\SoftWhatsAppCRMDash\SoftWhatsAppCRMDash\obj\Release\net8.0\PubTmp\Out\wwwroot\lib\highcharts\es-modules\Core\Renderer\SVG\SVGRenderer.min.js", "JavaScript", 0, 1, 0, 0, 0, 0, 0, 0, 0, 0, 1
"c:\Users\MSI SWORD 15 A12V\source\repos\SoftWhatsAppCRMDash\SoftWhatsAppCRMDash\obj\Release\net8.0\PubTmp\Out\wwwroot\lib\highcharts\es-modules\Core\Renderer\SVG\SVGRenderer3D.js", "JavaScript", 0, 588, 0, 0, 0, 0, 0, 0, 239, 1, 828
"c:\Users\MSI SWORD 15 A12V\source\repos\SoftWhatsAppCRMDash\SoftWhatsAppCRMDash\obj\Release\net8.0\PubTmp\Out\wwwroot\lib\highcharts\es-modules\Core\Renderer\SVG\SVGRenderer3D.min.js", "JavaScript", 0, 1, 0, 0, 0, 0, 0, 0, 0, 0, 1
"c:\Users\MSI SWORD 15 A12V\source\repos\SoftWhatsAppCRMDash\SoftWhatsAppCRMDash\obj\Release\net8.0\PubTmp\Out\wwwroot\lib\highcharts\es-modules\Core\Renderer\SVG\Symbols.js", "JavaScript", 0, 182, 0, 0, 0, 0, 0, 0, 62, 1, 245
"c:\Users\MSI SWORD 15 A12V\source\repos\SoftWhatsAppCRMDash\SoftWhatsAppCRMDash\obj\Release\net8.0\PubTmp\Out\wwwroot\lib\highcharts\es-modules\Core\Renderer\SVG\Symbols.min.js", "JavaScript", 0, 1, 0, 0, 0, 0, 0, 0, 0, 0, 1
"c:\Users\MSI SWORD 15 A12V\source\repos\SoftWhatsAppCRMDash\SoftWhatsAppCRMDash\obj\Release\net8.0\PubTmp\Out\wwwroot\lib\highcharts\es-modules\Core\Renderer\SVG\TextBuilder.js", "JavaScript", 0, 303, 0, 0, 0, 0, 0, 0, 154, 1, 458
"c:\Users\MSI SWORD 15 A12V\source\repos\SoftWhatsAppCRMDash\SoftWhatsAppCRMDash\obj\Release\net8.0\PubTmp\Out\wwwroot\lib\highcharts\es-modules\Core\Renderer\SVG\TextBuilder.min.js", "JavaScript", 0, 1, 0, 0, 0, 0, 0, 0, 0, 0, 1
"c:\Users\MSI SWORD 15 A12V\source\repos\SoftWhatsAppCRMDash\SoftWhatsAppCRMDash\obj\Release\net8.0\PubTmp\Out\wwwroot\lib\highcharts\es-modules\Core\Responsive.js", "JavaScript", 0, 72, 0, 0, 0, 0, 0, 0, 188, 1, 261
"c:\Users\MSI SWORD 15 A12V\source\repos\SoftWhatsAppCRMDash\SoftWhatsAppCRMDash\obj\Release\net8.0\PubTmp\Out\wwwroot\lib\highcharts\es-modules\Core\Responsive.min.js", "JavaScript", 0, 1, 0, 0, 0, 0, 0, 0, 0, 0, 1
"c:\Users\MSI SWORD 15 A12V\source\repos\SoftWhatsAppCRMDash\SoftWhatsAppCRMDash\obj\Release\net8.0\PubTmp\Out\wwwroot\lib\highcharts\es-modules\Core\Series\DataLabel.js", "JavaScript", 0, 418, 0, 0, 0, 0, 0, 0, 187, 1, 606
"c:\Users\MSI SWORD 15 A12V\source\repos\SoftWhatsAppCRMDash\SoftWhatsAppCRMDash\obj\Release\net8.0\PubTmp\Out\wwwroot\lib\highcharts\es-modules\Core\Series\DataLabel.min.js", "JavaScript", 0, 1, 0, 0, 0, 0, 0, 0, 0, 0, 1
"c:\Users\MSI SWORD 15 A12V\source\repos\SoftWhatsAppCRMDash\SoftWhatsAppCRMDash\obj\Release\net8.0\PubTmp\Out\wwwroot\lib\highcharts\es-modules\Core\Series\DataSeriesComposition.js", "JavaScript", 0, 201, 0, 0, 0, 0, 0, 0, 85, 1, 287
"c:\Users\MSI SWORD 15 A12V\source\repos\SoftWhatsAppCRMDash\SoftWhatsAppCRMDash\obj\Release\net8.0\PubTmp\Out\wwwroot\lib\highcharts\es-modules\Core\Series\DataSeriesComposition.min.js", "JavaScript", 0, 1, 0, 0, 0, 0, 0, 0, 0, 0, 1
"c:\Users\MSI SWORD 15 A12V\source\repos\SoftWhatsAppCRMDash\SoftWhatsAppCRMDash\obj\Release\net8.0\PubTmp\Out\wwwroot\lib\highcharts\es-modules\Core\Series\DataSeriesConverter.js", "JavaScript", 0, 130, 0, 0, 0, 0, 0, 0, 74, 1, 205
"c:\Users\MSI SWORD 15 A12V\source\repos\SoftWhatsAppCRMDash\SoftWhatsAppCRMDash\obj\Release\net8.0\PubTmp\Out\wwwroot\lib\highcharts\es-modules\Core\Series\DataSeriesConverter.min.js", "JavaScript", 0, 1, 0, 0, 0, 0, 0, 0, 0, 0, 1
"c:\Users\MSI SWORD 15 A12V\source\repos\SoftWhatsAppCRMDash\SoftWhatsAppCRMDash\obj\Release\net8.0\PubTmp\Out\wwwroot\lib\highcharts\es-modules\Core\Series\Point.js", "JavaScript", 0, 612, 0, 0, 0, 0, 0, 0, 702, 1, 1315
"c:\Users\MSI SWORD 15 A12V\source\repos\SoftWhatsAppCRMDash\SoftWhatsAppCRMDash\obj\Release\net8.0\PubTmp\Out\wwwroot\lib\highcharts\es-modules\Core\Series\Point.min.js", "JavaScript", 0, 1, 0, 0, 0, 0, 0, 0, 0, 0, 1
"c:\Users\MSI SWORD 15 A12V\source\repos\SoftWhatsAppCRMDash\SoftWhatsAppCRMDash\obj\Release\net8.0\PubTmp\Out\wwwroot\lib\highcharts\es-modules\Core\Series\Series.js", "JavaScript", 0, 1979, 0, 0, 0, 0, 0, 0, 1748, 1, 3728
"c:\Users\MSI SWORD 15 A12V\source\repos\SoftWhatsAppCRMDash\SoftWhatsAppCRMDash\obj\Release\net8.0\PubTmp\Out\wwwroot\lib\highcharts\es-modules\Core\Series\Series.min.js", "JavaScript", 0, 1, 0, 0, 0, 0, 0, 0, 0, 0, 1
"c:\Users\MSI SWORD 15 A12V\source\repos\SoftWhatsAppCRMDash\SoftWhatsAppCRMDash\obj\Release\net8.0\PubTmp\Out\wwwroot\lib\highcharts\es-modules\Core\Series\Series3D.js", "JavaScript", 0, 64, 0, 0, 0, 0, 0, 0, 40, 1, 105
"c:\Users\MSI SWORD 15 A12V\source\repos\SoftWhatsAppCRMDash\SoftWhatsAppCRMDash\obj\Release\net8.0\PubTmp\Out\wwwroot\lib\highcharts\es-modules\Core\Series\Series3D.min.js", "JavaScript", 0, 1, 0, 0, 0, 0, 0, 0, 0, 0, 1
"c:\Users\MSI SWORD 15 A12V\source\repos\SoftWhatsAppCRMDash\SoftWhatsAppCRMDash\obj\Release\net8.0\PubTmp\Out\wwwroot\lib\highcharts\es-modules\Core\Series\SeriesDefaults.js", "JavaScript", 0, 96, 0, 0, 0, 0, 0, 0, 2321, 1, 2418
"c:\Users\MSI SWORD 15 A12V\source\repos\SoftWhatsAppCRMDash\SoftWhatsAppCRMDash\obj\Release\net8.0\PubTmp\Out\wwwroot\lib\highcharts\es-modules\Core\Series\SeriesDefaults.min.js", "JavaScript", 0, 1, 0, 0, 0, 0, 0, 0, 0, 0, 1
"c:\Users\MSI SWORD 15 A12V\source\repos\SoftWhatsAppCRMDash\SoftWhatsAppCRMDash\obj\Release\net8.0\PubTmp\Out\wwwroot\lib\highcharts\es-modules\Core\Series\SeriesRegistry.js", "JavaScript", 0, 44, 0, 0, 0, 0, 0, 0, 68, 1, 113
"c:\Users\MSI SWORD 15 A12V\source\repos\SoftWhatsAppCRMDash\SoftWhatsAppCRMDash\obj\Release\net8.0\PubTmp\Out\wwwroot\lib\highcharts\es-modules\Core\Series\SeriesRegistry.min.js", "JavaScript", 0, 1, 0, 0, 0, 0, 0, 0, 0, 0, 1
"c:\Users\MSI SWORD 15 A12V\source\repos\SoftWhatsAppCRMDash\SoftWhatsAppCRMDash\obj\Release\net8.0\PubTmp\Out\wwwroot\lib\highcharts\es-modules\Core\Templating.js", "JavaScript", 0, 235, 0, 0, 0, 0, 0, 0, 166, 1, 402
"c:\Users\MSI SWORD 15 A12V\source\repos\SoftWhatsAppCRMDash\SoftWhatsAppCRMDash\obj\Release\net8.0\PubTmp\Out\wwwroot\lib\highcharts\es-modules\Core\Templating.min.js", "JavaScript", 0, 1, 0, 0, 0, 0, 0, 0, 0, 0, 1
"c:\Users\MSI SWORD 15 A12V\source\repos\SoftWhatsAppCRMDash\SoftWhatsAppCRMDash\obj\Release\net8.0\PubTmp\Out\wwwroot\lib\highcharts\es-modules\Core\Time.js", "JavaScript", 0, 382, 0, 0, 0, 0, 0, 0, 578, 1, 961
"c:\Users\MSI SWORD 15 A12V\source\repos\SoftWhatsAppCRMDash\SoftWhatsAppCRMDash\obj\Release\net8.0\PubTmp\Out\wwwroot\lib\highcharts\es-modules\Core\Time.min.js", "JavaScript", 0, 1, 0, 0, 0, 0, 0, 0, 0, 0, 1
"c:\Users\MSI SWORD 15 A12V\source\repos\SoftWhatsAppCRMDash\SoftWhatsAppCRMDash\obj\Release\net8.0\PubTmp\Out\wwwroot\lib\highcharts\es-modules\Core\Tooltip.js", "JavaScript", 0, 780, 0, 0, 0, 0, 0, 0, 569, 1, 1350
"c:\Users\MSI SWORD 15 A12V\source\repos\SoftWhatsAppCRMDash\SoftWhatsAppCRMDash\obj\Release\net8.0\PubTmp\Out\wwwroot\lib\highcharts\es-modules\Core\Tooltip.min.js", "JavaScript", 0, 1, 0, 0, 0, 0, 0, 0, 0, 0, 1
"c:\Users\MSI SWORD 15 A12V\source\repos\SoftWhatsAppCRMDash\SoftWhatsAppCRMDash\obj\Release\net8.0\PubTmp\Out\wwwroot\lib\highcharts\es-modules\Core\Utilities.js", "JavaScript", 0, 775, 0, 0, 0, 0, 0, 0, 1217, 1, 1993
"c:\Users\MSI SWORD 15 A12V\source\repos\SoftWhatsAppCRMDash\SoftWhatsAppCRMDash\obj\Release\net8.0\PubTmp\Out\wwwroot\lib\highcharts\es-modules\Core\Utilities.min.js", "JavaScript", 0, 2, 0, 0, 0, 0, 0, 0, 0, 0, 2
"c:\Users\MSI SWORD 15 A12V\source\repos\SoftWhatsAppCRMDash\SoftWhatsAppCRMDash\obj\Release\net8.0\PubTmp\Out\wwwroot\lib\highcharts\es-modules\Data\Connectors\CSVConnector.js", "JavaScript", 0, 65, 0, 0, 0, 0, 0, 0, 61, 1, 127
"c:\Users\MSI SWORD 15 A12V\source\repos\SoftWhatsAppCRMDash\SoftWhatsAppCRMDash\obj\Release\net8.0\PubTmp\Out\wwwroot\lib\highcharts\es-modules\Data\Connectors\CSVConnector.min.js", "JavaScript", 0, 1, 0, 0, 0, 0, 0, 0, 0, 0, 1
"c:\Users\MSI SWORD 15 A12V\source\repos\SoftWhatsAppCRMDash\SoftWhatsAppCRMDash\obj\Release\net8.0\PubTmp\Out\wwwroot\lib\highcharts\es-modules\Data\Connectors\DataConnector.js", "JavaScript", 0, 97, 0, 0, 0, 0, 0, 0, 183, 1, 281
"c:\Users\MSI SWORD 15 A12V\source\repos\SoftWhatsAppCRMDash\SoftWhatsAppCRMDash\obj\Release\net8.0\PubTmp\Out\wwwroot\lib\highcharts\es-modules\Data\Connectors\DataConnector.min.js", "JavaScript", 0, 1, 0, 0, 0, 0, 0, 0, 0, 0, 1
"c:\Users\MSI SWORD 15 A12V\source\repos\SoftWhatsAppCRMDash\SoftWhatsAppCRMDash\obj\Release\net8.0\PubTmp\Out\wwwroot\lib\highcharts\es-modules\Data\Connectors\GoogleSheetsConnector.js", "JavaScript", 0, 106, 0, 0, 0, 0, 0, 0, 99, 1, 206
"c:\Users\MSI SWORD 15 A12V\source\repos\SoftWhatsAppCRMDash\SoftWhatsAppCRMDash\obj\Release\net8.0\PubTmp\Out\wwwroot\lib\highcharts\es-modules\Data\Connectors\GoogleSheetsConnector.min.js", "JavaScript", 0, 1, 0, 0, 0, 0, 0, 0, 0, 0, 1
"c:\Users\MSI SWORD 15 A12V\source\repos\SoftWhatsAppCRMDash\SoftWhatsAppCRMDash\obj\Release\net8.0\PubTmp\Out\wwwroot\lib\highcharts\es-modules\Data\Connectors\HTMLTableConnector.js", "JavaScript", 0, 63, 0, 0, 0, 0, 0, 0, 57, 1, 121
"c:\Users\MSI SWORD 15 A12V\source\repos\SoftWhatsAppCRMDash\SoftWhatsAppCRMDash\obj\Release\net8.0\PubTmp\Out\wwwroot\lib\highcharts\es-modules\Data\Connectors\HTMLTableConnector.min.js", "JavaScript", 0, 1, 0, 0, 0, 0, 0, 0, 0, 0, 1
"c:\Users\MSI SWORD 15 A12V\source\repos\SoftWhatsAppCRMDash\SoftWhatsAppCRMDash\obj\Release\net8.0\PubTmp\Out\wwwroot\lib\highcharts\es-modules\Data\Connectors\JSONConnector.js", "JavaScript", 0, 63, 0, 0, 0, 0, 0, 0, 58, 1, 122
"c:\Users\MSI SWORD 15 A12V\source\repos\SoftWhatsAppCRMDash\SoftWhatsAppCRMDash\obj\Release\net8.0\PubTmp\Out\wwwroot\lib\highcharts\es-modules\Data\Connectors\JSONConnector.min.js", "JavaScript", 0, 1, 0, 0, 0, 0, 0, 0, 0, 0, 1
"c:\Users\MSI SWORD 15 A12V\source\repos\SoftWhatsAppCRMDash\SoftWhatsAppCRMDash\obj\Release\net8.0\PubTmp\Out\wwwroot\lib\highcharts\es-modules\Data\Converters\CSVConverter.js", "JavaScript", 0, 314, 0, 0, 0, 0, 0, 0, 127, 1, 442
"c:\Users\MSI SWORD 15 A12V\source\repos\SoftWhatsAppCRMDash\SoftWhatsAppCRMDash\obj\Release\net8.0\PubTmp\Out\wwwroot\lib\highcharts\es-modules\Data\Converters\CSVConverter.min.js", "JavaScript", 0, 1, 0, 0, 0, 0, 0, 0, 0, 0, 1
"c:\Users\MSI SWORD 15 A12V\source\repos\SoftWhatsAppCRMDash\SoftWhatsAppCRMDash\obj\Release\net8.0\PubTmp\Out\wwwroot\lib\highcharts\es-modules\Data\Converters\DataConverter.js", "JavaScript", 0, 350, 0, 0, 0, 0, 0, 0, 276, 1, 627
"c:\Users\MSI SWORD 15 A12V\source\repos\SoftWhatsAppCRMDash\SoftWhatsAppCRMDash\obj\Release\net8.0\PubTmp\Out\wwwroot\lib\highcharts\es-modules\Data\Converters\DataConverter.min.js", "JavaScript", 0, 1, 0, 0, 0, 0, 0, 0, 0, 0, 1
"c:\Users\MSI SWORD 15 A12V\source\repos\SoftWhatsAppCRMDash\SoftWhatsAppCRMDash\obj\Release\net8.0\PubTmp\Out\wwwroot\lib\highcharts\es-modules\Data\Converters\GoogleSheetsConverter.js", "JavaScript", 0, 63, 0, 0, 0, 0, 0, 0, 73, 1, 137
"c:\Users\MSI SWORD 15 A12V\source\repos\SoftWhatsAppCRMDash\SoftWhatsAppCRMDash\obj\Release\net8.0\PubTmp\Out\wwwroot\lib\highcharts\es-modules\Data\Converters\GoogleSheetsConverter.min.js", "JavaScript", 0, 1, 0, 0, 0, 0, 0, 0, 0, 0, 1
"c:\Users\MSI SWORD 15 A12V\source\repos\SoftWhatsAppCRMDash\SoftWhatsAppCRMDash\obj\Release\net8.0\PubTmp\Out\wwwroot\lib\highcharts\es-modules\Data\Converters\HTMLTableConverter.js", "JavaScript", 0, 239, 0, 0, 0, 0, 0, 0, 122, 1, 362
"c:\Users\MSI SWORD 15 A12V\source\repos\SoftWhatsAppCRMDash\SoftWhatsAppCRMDash\obj\Release\net8.0\PubTmp\Out\wwwroot\lib\highcharts\es-modules\Data\Converters\HTMLTableConverter.min.js", "JavaScript", 0, 1, 0, 0, 0, 0, 0, 0, 0, 0, 1
"c:\Users\MSI SWORD 15 A12V\source\repos\SoftWhatsAppCRMDash\SoftWhatsAppCRMDash\obj\Release\net8.0\PubTmp\Out\wwwroot\lib\highcharts\es-modules\Data\Converters\JSONConverter.js", "JavaScript", 0, 108, 0, 0, 0, 0, 0, 0, 74, 1, 183
"c:\Users\MSI SWORD 15 A12V\source\repos\SoftWhatsAppCRMDash\SoftWhatsAppCRMDash\obj\Release\net8.0\PubTmp\Out\wwwroot\lib\highcharts\es-modules\Data\Converters\JSONConverter.min.js", "JavaScript", 0, 1, 0, 0, 0, 0, 0, 0, 0, 0, 1
"c:\Users\MSI SWORD 15 A12V\source\repos\SoftWhatsAppCRMDash\SoftWhatsAppCRMDash\obj\Release\net8.0\PubTmp\Out\wwwroot\lib\highcharts\es-modules\Data\DataCursor.js", "JavaScript", 0, 208, 0, 0, 0, 0, 0, 0, 176, 1, 385
"c:\Users\MSI SWORD 15 A12V\source\repos\SoftWhatsAppCRMDash\SoftWhatsAppCRMDash\obj\Release\net8.0\PubTmp\Out\wwwroot\lib\highcharts\es-modules\Data\DataCursor.min.js", "JavaScript", 0, 1, 0, 0, 0, 0, 0, 0, 0, 0, 1
"c:\Users\MSI SWORD 15 A12V\source\repos\SoftWhatsAppCRMDash\SoftWhatsAppCRMDash\obj\Release\net8.0\PubTmp\Out\wwwroot\lib\highcharts\es-modules\Data\DataEvent.js", "JavaScript", 0, 1, 0, 0, 0, 0, 0, 0, 12, 1, 14
"c:\Users\MSI SWORD 15 A12V\source\repos\SoftWhatsAppCRMDash\SoftWhatsAppCRMDash\obj\Release\net8.0\PubTmp\Out\wwwroot\lib\highcharts\es-modules\Data\DataEvent.min.js", "JavaScript", 0, 0, 0, 0, 0, 0, 0, 0, 0, 1, 1
"c:\Users\MSI SWORD 15 A12V\source\repos\SoftWhatsAppCRMDash\SoftWhatsAppCRMDash\obj\Release\net8.0\PubTmp\Out\wwwroot\lib\highcharts\es-modules\Data\DataPool.js", "JavaScript", 0, 118, 0, 0, 0, 0, 0, 0, 145, 1, 264
"c:\Users\MSI SWORD 15 A12V\source\repos\SoftWhatsAppCRMDash\SoftWhatsAppCRMDash\obj\Release\net8.0\PubTmp\Out\wwwroot\lib\highcharts\es-modules\Data\DataPool.min.js", "JavaScript", 0, 1, 0, 0, 0, 0, 0, 0, 0, 0, 1
"c:\Users\MSI SWORD 15 A12V\source\repos\SoftWhatsAppCRMDash\SoftWhatsAppCRMDash\obj\Release\net8.0\PubTmp\Out\wwwroot\lib\highcharts\es-modules\Data\DataPoolDefaults.js", "JavaScript", 0, 5, 0, 0, 0, 0, 0, 0, 22, 1, 28
"c:\Users\MSI SWORD 15 A12V\source\repos\SoftWhatsAppCRMDash\SoftWhatsAppCRMDash\obj\Release\net8.0\PubTmp\Out\wwwroot\lib\highcharts\es-modules\Data\DataPoolDefaults.min.js", "JavaScript", 0, 1, 0, 0, 0, 0, 0, 0, 0, 0, 1
"c:\Users\MSI SWORD 15 A12V\source\repos\SoftWhatsAppCRMDash\SoftWhatsAppCRMDash\obj\Release\net8.0\PubTmp\Out\wwwroot\lib\highcharts\es-modules\Data\DataPoolOptions.js", "JavaScript", 0, 2, 0, 0, 0, 0, 0, 0, 12, 1, 15
"c:\Users\MSI SWORD 15 A12V\source\repos\SoftWhatsAppCRMDash\SoftWhatsAppCRMDash\obj\Release\net8.0\PubTmp\Out\wwwroot\lib\highcharts\es-modules\Data\DataPoolOptions.min.js", "JavaScript", 0, 1, 0, 0, 0, 0, 0, 0, 0, 0, 1
"c:\Users\MSI SWORD 15 A12V\source\repos\SoftWhatsAppCRMDash\SoftWhatsAppCRMDash\obj\Release\net8.0\PubTmp\Out\wwwroot\lib\highcharts\es-modules\Data\DataTable.js", "JavaScript", 0, 494, 0, 0, 0, 0, 0, 0, 572, 1, 1067
"c:\Users\MSI SWORD 15 A12V\source\repos\SoftWhatsAppCRMDash\SoftWhatsAppCRMDash\obj\Release\net8.0\PubTmp\Out\wwwroot\lib\highcharts\es-modules\Data\DataTable.min.js", "JavaScript", 0, 1, 0, 0, 0, 0, 0, 0, 0, 0, 1
"c:\Users\MSI SWORD 15 A12V\source\repos\SoftWhatsAppCRMDash\SoftWhatsAppCRMDash\obj\Release\net8.0\PubTmp\Out\wwwroot\lib\highcharts\es-modules\Data\DataTableCore.js", "JavaScript", 0, 84, 0, 0, 0, 0, 0, 0, 190, 1, 275
"c:\Users\MSI SWORD 15 A12V\source\repos\SoftWhatsAppCRMDash\SoftWhatsAppCRMDash\obj\Release\net8.0\PubTmp\Out\wwwroot\lib\highcharts\es-modules\Data\DataTableCore.min.js", "JavaScript", 0, 1, 0, 0, 0, 0, 0, 0, 0, 0, 1
"c:\Users\MSI SWORD 15 A12V\source\repos\SoftWhatsAppCRMDash\SoftWhatsAppCRMDash\obj\Release\net8.0\PubTmp\Out\wwwroot\lib\highcharts\es-modules\Data\DataTableOptions.js", "JavaScript", 0, 2, 0, 0, 0, 0, 0, 0, 12, 1, 15
"c:\Users\MSI SWORD 15 A12V\source\repos\SoftWhatsAppCRMDash\SoftWhatsAppCRMDash\obj\Release\net8.0\PubTmp\Out\wwwroot\lib\highcharts\es-modules\Data\DataTableOptions.min.js", "JavaScript", 0, 1, 0, 0, 0, 0, 0, 0, 0, 0, 1
"c:\Users\MSI SWORD 15 A12V\source\repos\SoftWhatsAppCRMDash\SoftWhatsAppCRMDash\obj\Release\net8.0\PubTmp\Out\wwwroot\lib\highcharts\es-modules\Data\Formula\Formula.js", "JavaScript", 0, 28, 0, 0, 0, 0, 0, 0, 26, 1, 55
"c:\Users\MSI SWORD 15 A12V\source\repos\SoftWhatsAppCRMDash\SoftWhatsAppCRMDash\obj\Release\net8.0\PubTmp\Out\wwwroot\lib\highcharts\es-modules\Data\Formula\Formula.min.js", "JavaScript", 0, 1, 0, 0, 0, 0, 0, 0, 0, 0, 1
"c:\Users\MSI SWORD 15 A12V\source\repos\SoftWhatsAppCRMDash\SoftWhatsAppCRMDash\obj\Release\net8.0\PubTmp\Out\wwwroot\lib\highcharts\es-modules\Data\Formula\FormulaParser.js", "JavaScript", 0, 291, 0, 0, 0, 0, 0, 0, 165, 1, 457
"c:\Users\MSI SWORD 15 A12V\source\repos\SoftWhatsAppCRMDash\SoftWhatsAppCRMDash\obj\Release\net8.0\PubTmp\Out\wwwroot\lib\highcharts\es-modules\Data\Formula\FormulaParser.min.js", "JavaScript", 0, 1, 0, 0, 0, 0, 0, 0, 0, 0, 1
"c:\Users\MSI SWORD 15 A12V\source\repos\SoftWhatsAppCRMDash\SoftWhatsAppCRMDash\obj\Release\net8.0\PubTmp\Out\wwwroot\lib\highcharts\es-modules\Data\Formula\FormulaProcessor.js", "JavaScript", 0, 268, 0, 0, 0, 0, 0, 0, 209, 1, 478
"c:\Users\MSI SWORD 15 A12V\source\repos\SoftWhatsAppCRMDash\SoftWhatsAppCRMDash\obj\Release\net8.0\PubTmp\Out\wwwroot\lib\highcharts\es-modules\Data\Formula\FormulaProcessor.min.js", "JavaScript", 0, 1, 0, 0, 0, 0, 0, 0, 0, 0, 1
"c:\Users\MSI SWORD 15 A12V\source\repos\SoftWhatsAppCRMDash\SoftWhatsAppCRMDash\obj\Release\net8.0\PubTmp\Out\wwwroot\lib\highcharts\es-modules\Data\Formula\FormulaTypes.js", "JavaScript", 0, 38, 0, 0, 0, 0, 0, 0, 97, 1, 136
"c:\Users\MSI SWORD 15 A12V\source\repos\SoftWhatsAppCRMDash\SoftWhatsAppCRMDash\obj\Release\net8.0\PubTmp\Out\wwwroot\lib\highcharts\es-modules\Data\Formula\FormulaTypes.min.js", "JavaScript", 0, 1, 0, 0, 0, 0, 0, 0, 0, 0, 1
"c:\Users\MSI SWORD 15 A12V\source\repos\SoftWhatsAppCRMDash\SoftWhatsAppCRMDash\obj\Release\net8.0\PubTmp\Out\wwwroot\lib\highcharts\es-modules\Data\Formula\Functions\ABS.js", "JavaScript", 0, 25, 0, 0, 0, 0, 0, 0, 42, 1, 68
"c:\Users\MSI SWORD 15 A12V\source\repos\SoftWhatsAppCRMDash\SoftWhatsAppCRMDash\obj\Release\net8.0\PubTmp\Out\wwwroot\lib\highcharts\es-modules\Data\Formula\Functions\ABS.min.js", "JavaScript", 0, 1, 0, 0, 0, 0, 0, 0, 0, 0, 1
"c:\Users\MSI SWORD 15 A12V\source\repos\SoftWhatsAppCRMDash\SoftWhatsAppCRMDash\obj\Release\net8.0\PubTmp\Out\wwwroot\lib\highcharts\es-modules\Data\Formula\Functions\AND.js", "JavaScript", 0, 16, 0, 0, 0, 0, 0, 0, 43, 1, 60
"c:\Users\MSI SWORD 15 A12V\source\repos\SoftWhatsAppCRMDash\SoftWhatsAppCRMDash\obj\Release\net8.0\PubTmp\Out\wwwroot\lib\highcharts\es-modules\Data\Formula\Functions\AND.min.js", "JavaScript", 0, 1, 0, 0, 0, 0, 0, 0, 0, 0, 1
"c:\Users\MSI SWORD 15 A12V\source\repos\SoftWhatsAppCRMDash\SoftWhatsAppCRMDash\obj\Release\net8.0\PubTmp\Out\wwwroot\lib\highcharts\es-modules\Data\Formula\Functions\AVERAGE.js", "JavaScript", 0, 31, 0, 0, 0, 0, 0, 0, 43, 1, 75
"c:\Users\MSI SWORD 15 A12V\source\repos\SoftWhatsAppCRMDash\SoftWhatsAppCRMDash\obj\Release\net8.0\PubTmp\Out\wwwroot\lib\highcharts\es-modules\Data\Formula\Functions\AVERAGE.min.js", "JavaScript", 0, 1, 0, 0, 0, 0, 0, 0, 0, 0, 1
"c:\Users\MSI SWORD 15 A12V\source\repos\SoftWhatsAppCRMDash\SoftWhatsAppCRMDash\obj\Release\net8.0\PubTmp\Out\wwwroot\lib\highcharts\es-modules\Data\Formula\Functions\AVERAGEA.js", "JavaScript", 0, 47, 0, 0, 0, 0, 0, 0, 43, 1, 91
"c:\Users\MSI SWORD 15 A12V\source\repos\SoftWhatsAppCRMDash\SoftWhatsAppCRMDash\obj\Release\net8.0\PubTmp\Out\wwwroot\lib\highcharts\es-modules\Data\Formula\Functions\AVERAGEA.min.js", "JavaScript", 0, 1, 0, 0, 0, 0, 0, 0, 0, 0, 1
"c:\Users\MSI SWORD 15 A12V\source\repos\SoftWhatsAppCRMDash\SoftWhatsAppCRMDash\obj\Release\net8.0\PubTmp\Out\wwwroot\lib\highcharts\es-modules\Data\Formula\Functions\COUNT.js", "JavaScript", 0, 22, 0, 0, 0, 0, 0, 0, 43, 1, 66
"c:\Users\MSI SWORD 15 A12V\source\repos\SoftWhatsAppCRMDash\SoftWhatsAppCRMDash\obj\Release\net8.0\PubTmp\Out\wwwroot\lib\highcharts\es-modules\Data\Formula\Functions\COUNT.min.js", "JavaScript", 0, 1, 0, 0, 0, 0, 0, 0, 0, 0, 1
"c:\Users\MSI SWORD 15 A12V\source\repos\SoftWhatsAppCRMDash\SoftWhatsAppCRMDash\obj\Release\net8.0\PubTmp\Out\wwwroot\lib\highcharts\es-modules\Data\Formula\Functions\COUNTA.js", "JavaScript", 0, 28, 0, 0, 0, 0, 0, 0, 43, 1, 72
"c:\Users\MSI SWORD 15 A12V\source\repos\SoftWhatsAppCRMDash\SoftWhatsAppCRMDash\obj\Release\net8.0\PubTmp\Out\wwwroot\lib\highcharts\es-modules\Data\Formula\Functions\COUNTA.min.js", "JavaScript", 0, 1, 0, 0, 0, 0, 0, 0, 0, 0, 1
"c:\Users\MSI SWORD 15 A12V\source\repos\SoftWhatsAppCRMDash\SoftWhatsAppCRMDash\obj\Release\net8.0\PubTmp\Out\wwwroot\lib\highcharts\es-modules\Data\Formula\Functions\IF.js", "JavaScript", 0, 10, 0, 0, 0, 0, 0, 0, 44, 1, 55
"c:\Users\MSI SWORD 15 A12V\source\repos\SoftWhatsAppCRMDash\SoftWhatsAppCRMDash\obj\Release\net8.0\PubTmp\Out\wwwroot\lib\highcharts\es-modules\Data\Formula\Functions\IF.min.js", "JavaScript", 0, 1, 0, 0, 0, 0, 0, 0, 0, 0, 1
"c:\Users\MSI SWORD 15 A12V\source\repos\SoftWhatsAppCRMDash\SoftWhatsAppCRMDash\obj\Release\net8.0\PubTmp\Out\wwwroot\lib\highcharts\es-modules\Data\Formula\Functions\ISNA.js", "JavaScript", 0, 9, 0, 0, 0, 0, 0, 0, 43, 1, 53
"c:\Users\MSI SWORD 15 A12V\source\repos\SoftWhatsAppCRMDash\SoftWhatsAppCRMDash\obj\Release\net8.0\PubTmp\Out\wwwroot\lib\highcharts\es-modules\Data\Formula\Functions\ISNA.min.js", "JavaScript", 0, 1, 0, 0, 0, 0, 0, 0, 0, 0, 1
"c:\Users\MSI SWORD 15 A12V\source\repos\SoftWhatsAppCRMDash\SoftWhatsAppCRMDash\obj\Release\net8.0\PubTmp\Out\wwwroot\lib\highcharts\es-modules\Data\Formula\Functions\MAX.js", "JavaScript", 0, 26, 0, 0, 0, 0, 0, 0, 43, 1, 70
"c:\Users\MSI SWORD 15 A12V\source\repos\SoftWhatsAppCRMDash\SoftWhatsAppCRMDash\obj\Release\net8.0\PubTmp\Out\wwwroot\lib\highcharts\es-modules\Data\Formula\Functions\MAX.min.js", "JavaScript", 0, 1, 0, 0, 0, 0, 0, 0, 0, 0, 1
"c:\Users\MSI SWORD 15 A12V\source\repos\SoftWhatsAppCRMDash\SoftWhatsAppCRMDash\obj\Release\net8.0\PubTmp\Out\wwwroot\lib\highcharts\es-modules\Data\Formula\Functions\MEDIAN.js", "JavaScript", 0, 35, 0, 0, 0, 0, 0, 0, 43, 1, 79
"c:\Users\MSI SWORD 15 A12V\source\repos\SoftWhatsAppCRMDash\SoftWhatsAppCRMDash\obj\Release\net8.0\PubTmp\Out\wwwroot\lib\highcharts\es-modules\Data\Formula\Functions\MEDIAN.min.js", "JavaScript", 0, 1, 0, 0, 0, 0, 0, 0, 0, 0, 1
"c:\Users\MSI SWORD 15 A12V\source\repos\SoftWhatsAppCRMDash\SoftWhatsAppCRMDash\obj\Release\net8.0\PubTmp\Out\wwwroot\lib\highcharts\es-modules\Data\Formula\Functions\MIN.js", "JavaScript", 0, 26, 0, 0, 0, 0, 0, 0, 43, 1, 70
"c:\Users\MSI SWORD 15 A12V\source\repos\SoftWhatsAppCRMDash\SoftWhatsAppCRMDash\obj\Release\net8.0\PubTmp\Out\wwwroot\lib\highcharts\es-modules\Data\Formula\Functions\MIN.min.js", "JavaScript", 0, 1, 0, 0, 0, 0, 0, 0, 0, 0, 1
"c:\Users\MSI SWORD 15 A12V\source\repos\SoftWhatsAppCRMDash\SoftWhatsAppCRMDash\obj\Release\net8.0\PubTmp\Out\wwwroot\lib\highcharts\es-modules\Data\Formula\Functions\MOD.js", "JavaScript", 0, 20, 0, 0, 0, 0, 0, 0, 43, 1, 64
"c:\Users\MSI SWORD 15 A12V\source\repos\SoftWhatsAppCRMDash\SoftWhatsAppCRMDash\obj\Release\net8.0\PubTmp\Out\wwwroot\lib\highcharts\es-modules\Data\Formula\Functions\MOD.min.js", "JavaScript", 0, 1, 0, 0, 0, 0, 0, 0, 0, 0, 1
"c:\Users\MSI SWORD 15 A12V\source\repos\SoftWhatsAppCRMDash\SoftWhatsAppCRMDash\obj\Release\net8.0\PubTmp\Out\wwwroot\lib\highcharts\es-modules\Data\Formula\Functions\MODE.js", "JavaScript", 0, 75, 0, 0, 0, 0, 0, 0, 74, 1, 150
"c:\Users\MSI SWORD 15 A12V\source\repos\SoftWhatsAppCRMDash\SoftWhatsAppCRMDash\obj\Release\net8.0\PubTmp\Out\wwwroot\lib\highcharts\es-modules\Data\Formula\Functions\MODE.min.js", "JavaScript", 0, 1, 0, 0, 0, 0, 0, 0, 0, 0, 1
"c:\Users\MSI SWORD 15 A12V\source\repos\SoftWhatsAppCRMDash\SoftWhatsAppCRMDash\obj\Release\net8.0\PubTmp\Out\wwwroot\lib\highcharts\es-modules\Data\Formula\Functions\NOT.js", "JavaScript", 0, 17, 0, 0, 0, 0, 0, 0, 43, 1, 61
"c:\Users\MSI SWORD 15 A12V\source\repos\SoftWhatsAppCRMDash\SoftWhatsAppCRMDash\obj\Release\net8.0\PubTmp\Out\wwwroot\lib\highcharts\es-modules\Data\Formula\Functions\NOT.min.js", "JavaScript", 0, 1, 0, 0, 0, 0, 0, 0, 0, 0, 1
"c:\Users\MSI SWORD 15 A12V\source\repos\SoftWhatsAppCRMDash\SoftWhatsAppCRMDash\obj\Release\net8.0\PubTmp\Out\wwwroot\lib\highcharts\es-modules\Data\Formula\Functions\OR.js", "JavaScript", 0, 19, 0, 0, 0, 0, 0, 0, 43, 1, 63
"c:\Users\MSI SWORD 15 A12V\source\repos\SoftWhatsAppCRMDash\SoftWhatsAppCRMDash\obj\Release\net8.0\PubTmp\Out\wwwroot\lib\highcharts\es-modules\Data\Formula\Functions\OR.min.js", "JavaScript", 0, 1, 0, 0, 0, 0, 0, 0, 0, 0, 1
"c:\Users\MSI SWORD 15 A12V\source\repos\SoftWhatsAppCRMDash\SoftWhatsAppCRMDash\obj\Release\net8.0\PubTmp\Out\wwwroot\lib\highcharts\es-modules\Data\Formula\Functions\PRODUCT.js", "JavaScript", 0, 25, 0, 0, 0, 0, 0, 0, 43, 1, 69
"c:\Users\MSI SWORD 15 A12V\source\repos\SoftWhatsAppCRMDash\SoftWhatsAppCRMDash\obj\Release\net8.0\PubTmp\Out\wwwroot\lib\highcharts\es-modules\Data\Formula\Functions\PRODUCT.min.js", "JavaScript", 0, 1, 0, 0, 0, 0, 0, 0, 0, 0, 1
"c:\Users\MSI SWORD 15 A12V\source\repos\SoftWhatsAppCRMDash\SoftWhatsAppCRMDash\obj\Release\net8.0\PubTmp\Out\wwwroot\lib\highcharts\es-modules\Data\Formula\Functions\SUM.js", "JavaScript", 0, 22, 0, 0, 0, 0, 0, 0, 43, 1, 66
"c:\Users\MSI SWORD 15 A12V\source\repos\SoftWhatsAppCRMDash\SoftWhatsAppCRMDash\obj\Release\net8.0\PubTmp\Out\wwwroot\lib\highcharts\es-modules\Data\Formula\Functions\SUM.min.js", "JavaScript", 0, 1, 0, 0, 0, 0, 0, 0, 0, 0, 1
"c:\Users\MSI SWORD 15 A12V\source\repos\SoftWhatsAppCRMDash\SoftWhatsAppCRMDash\obj\Release\net8.0\PubTmp\Out\wwwroot\lib\highcharts\es-modules\Data\Formula\Functions\XOR.js", "JavaScript", 0, 38, 0, 0, 0, 0, 0, 0, 43, 1, 82
"c:\Users\MSI SWORD 15 A12V\source\repos\SoftWhatsAppCRMDash\SoftWhatsAppCRMDash\obj\Release\net8.0\PubTmp\Out\wwwroot\lib\highcharts\es-modules\Data\Formula\Functions\XOR.min.js", "JavaScript", 0, 1, 0, 0, 0, 0, 0, 0, 0, 0, 1
"c:\Users\MSI SWORD 15 A12V\source\repos\SoftWhatsAppCRMDash\SoftWhatsAppCRMDash\obj\Release\net8.0\PubTmp\Out\wwwroot\lib\highcharts\es-modules\Data\Modifiers\ChainModifier.js", "JavaScript", 0, 155, 0, 0, 0, 0, 0, 0, 175, 1, 331
"c:\Users\MSI SWORD 15 A12V\source\repos\SoftWhatsAppCRMDash\SoftWhatsAppCRMDash\obj\Release\net8.0\PubTmp\Out\wwwroot\lib\highcharts\es-modules\Data\Modifiers\ChainModifier.min.js", "JavaScript", 0, 1, 0, 0, 0, 0, 0, 0, 0, 0, 1
"c:\Users\MSI SWORD 15 A12V\source\repos\SoftWhatsAppCRMDash\SoftWhatsAppCRMDash\obj\Release\net8.0\PubTmp\Out\wwwroot\lib\highcharts\es-modules\Data\Modifiers\ChainModifierOptions.js", "JavaScript", 0, 2, 0, 0, 0, 0, 0, 0, 12, 1, 15
"c:\Users\MSI SWORD 15 A12V\source\repos\SoftWhatsAppCRMDash\SoftWhatsAppCRMDash\obj\Release\net8.0\PubTmp\Out\wwwroot\lib\highcharts\es-modules\Data\Modifiers\ChainModifierOptions.min.js", "JavaScript", 0, 1, 0, 0, 0, 0, 0, 0, 0, 0, 1
"c:\Users\MSI SWORD 15 A12V\source\repos\SoftWhatsAppCRMDash\SoftWhatsAppCRMDash\obj\Release\net8.0\PubTmp\Out\wwwroot\lib\highcharts\es-modules\Data\Modifiers\DataModifier.js", "JavaScript", 0, 92, 0, 0, 0, 0, 0, 0, 189, 1, 282
"c:\Users\MSI SWORD 15 A12V\source\repos\SoftWhatsAppCRMDash\SoftWhatsAppCRMDash\obj\Release\net8.0\PubTmp\Out\wwwroot\lib\highcharts\es-modules\Data\Modifiers\DataModifier.min.js", "JavaScript", 0, 1, 0, 0, 0, 0, 0, 0, 0, 0, 1
"c:\Users\MSI SWORD 15 A12V\source\repos\SoftWhatsAppCRMDash\SoftWhatsAppCRMDash\obj\Release\net8.0\PubTmp\Out\wwwroot\lib\highcharts\es-modules\Data\Modifiers\DataModifierEvent.js", "JavaScript", 0, 2, 0, 0, 0, 0, 0, 0, 13, 1, 16
"c:\Users\MSI SWORD 15 A12V\source\repos\SoftWhatsAppCRMDash\SoftWhatsAppCRMDash\obj\Release\net8.0\PubTmp\Out\wwwroot\lib\highcharts\es-modules\Data\Modifiers\DataModifierEvent.min.js", "JavaScript", 0, 1, 0, 0, 0, 0, 0, 0, 0, 0, 1
"c:\Users\MSI SWORD 15 A12V\source\repos\SoftWhatsAppCRMDash\SoftWhatsAppCRMDash\obj\Release\net8.0\PubTmp\Out\wwwroot\lib\highcharts\es-modules\Data\Modifiers\DataModifierOptions.js", "JavaScript", 0, 2, 0, 0, 0, 0, 0, 0, 13, 1, 16
"c:\Users\MSI SWORD 15 A12V\source\repos\SoftWhatsAppCRMDash\SoftWhatsAppCRMDash\obj\Release\net8.0\PubTmp\Out\wwwroot\lib\highcharts\es-modules\Data\Modifiers\DataModifierOptions.min.js", "JavaScript", 0, 1, 0, 0, 0, 0, 0, 0, 0, 0, 1
"c:\Users\MSI SWORD 15 A12V\source\repos\SoftWhatsAppCRMDash\SoftWhatsAppCRMDash\obj\Release\net8.0\PubTmp\Out\wwwroot\lib\highcharts\es-modules\Data\Modifiers\InvertModifier.js", "JavaScript", 0, 109, 0, 0, 0, 0, 0, 0, 124, 1, 234
"c:\Users\MSI SWORD 15 A12V\source\repos\SoftWhatsAppCRMDash\SoftWhatsAppCRMDash\obj\Release\net8.0\PubTmp\Out\wwwroot\lib\highcharts\es-modules\Data\Modifiers\InvertModifier.min.js", "JavaScript", 0, 1, 0, 0, 0, 0, 0, 0, 0, 0, 1
"c:\Users\MSI SWORD 15 A12V\source\repos\SoftWhatsAppCRMDash\SoftWhatsAppCRMDash\obj\Release\net8.0\PubTmp\Out\wwwroot\lib\highcharts\es-modules\Data\Modifiers\InvertModifierOptions.js", "JavaScript", 0, 2, 0, 0, 0, 0, 0, 0, 13, 1, 16
"c:\Users\MSI SWORD 15 A12V\source\repos\SoftWhatsAppCRMDash\SoftWhatsAppCRMDash\obj\Release\net8.0\PubTmp\Out\wwwroot\lib\highcharts\es-modules\Data\Modifiers\InvertModifierOptions.min.js", "JavaScript", 0, 1, 0, 0, 0, 0, 0, 0, 0, 0, 1
"c:\Users\MSI SWORD 15 A12V\source\repos\SoftWhatsAppCRMDash\SoftWhatsAppCRMDash\obj\Release\net8.0\PubTmp\Out\wwwroot\lib\highcharts\es-modules\Data\Modifiers\MathModifier.js", "JavaScript", 0, 77, 0, 0, 0, 0, 0, 0, 88, 1, 166
"c:\Users\MSI SWORD 15 A12V\source\repos\SoftWhatsAppCRMDash\SoftWhatsAppCRMDash\obj\Release\net8.0\PubTmp\Out\wwwroot\lib\highcharts\es-modules\Data\Modifiers\MathModifier.min.js", "JavaScript", 0, 1, 0, 0, 0, 0, 0, 0, 0, 0, 1
"c:\Users\MSI SWORD 15 A12V\source\repos\SoftWhatsAppCRMDash\SoftWhatsAppCRMDash\obj\Release\net8.0\PubTmp\Out\wwwroot\lib\highcharts\es-modules\Data\Modifiers\MathModifierOptions.js", "JavaScript", 0, 2, 0, 0, 0, 0, 0, 0, 12, 1, 15
"c:\Users\MSI SWORD 15 A12V\source\repos\SoftWhatsAppCRMDash\SoftWhatsAppCRMDash\obj\Release\net8.0\PubTmp\Out\wwwroot\lib\highcharts\es-modules\Data\Modifiers\MathModifierOptions.min.js", "JavaScript", 0, 1, 0, 0, 0, 0, 0, 0, 0, 0, 1
"c:\Users\MSI SWORD 15 A12V\source\repos\SoftWhatsAppCRMDash\SoftWhatsAppCRMDash\obj\Release\net8.0\PubTmp\Out\wwwroot\lib\highcharts\es-modules\Data\Modifiers\RangeModifier.js", "JavaScript", 0, 77, 0, 0, 0, 0, 0, 0, 63, 1, 141
"c:\Users\MSI SWORD 15 A12V\source\repos\SoftWhatsAppCRMDash\SoftWhatsAppCRMDash\obj\Release\net8.0\PubTmp\Out\wwwroot\lib\highcharts\es-modules\Data\Modifiers\RangeModifier.min.js", "JavaScript", 0, 1, 0, 0, 0, 0, 0, 0, 0, 0, 1
"c:\Users\MSI SWORD 15 A12V\source\repos\SoftWhatsAppCRMDash\SoftWhatsAppCRMDash\obj\Release\net8.0\PubTmp\Out\wwwroot\lib\highcharts\es-modules\Data\Modifiers\RangeModifierOptions.js", "JavaScript", 0, 2, 0, 0, 0, 0, 0, 0, 12, 1, 15
"c:\Users\MSI SWORD 15 A12V\source\repos\SoftWhatsAppCRMDash\SoftWhatsAppCRMDash\obj\Release\net8.0\PubTmp\Out\wwwroot\lib\highcharts\es-modules\Data\Modifiers\RangeModifierOptions.min.js", "JavaScript", 0, 1, 0, 0, 0, 0, 0, 0, 0, 0, 1
"c:\Users\MSI SWORD 15 A12V\source\repos\SoftWhatsAppCRMDash\SoftWhatsAppCRMDash\obj\Release\net8.0\PubTmp\Out\wwwroot\lib\highcharts\es-modules\Data\Modifiers\SortModifier.js", "JavaScript", 0, 126, 0, 0, 0, 0, 0, 0, 139, 1, 266
"c:\Users\MSI SWORD 15 A12V\source\repos\SoftWhatsAppCRMDash\SoftWhatsAppCRMDash\obj\Release\net8.0\PubTmp\Out\wwwroot\lib\highcharts\es-modules\Data\Modifiers\SortModifier.min.js", "JavaScript", 0, 1, 0, 0, 0, 0, 0, 0, 0, 0, 1
"c:\Users\MSI SWORD 15 A12V\source\repos\SoftWhatsAppCRMDash\SoftWhatsAppCRMDash\obj\Release\net8.0\PubTmp\Out\wwwroot\lib\highcharts\es-modules\Data\Modifiers\SortModifierOptions.js", "JavaScript", 0, 2, 0, 0, 0, 0, 0, 0, 12, 1, 15
"c:\Users\MSI SWORD 15 A12V\source\repos\SoftWhatsAppCRMDash\SoftWhatsAppCRMDash\obj\Release\net8.0\PubTmp\Out\wwwroot\lib\highcharts\es-modules\Data\Modifiers\SortModifierOptions.min.js", "JavaScript", 0, 1, 0, 0, 0, 0, 0, 0, 0, 0, 1
"c:\Users\MSI SWORD 15 A12V\source\repos\SoftWhatsAppCRMDash\SoftWhatsAppCRMDash\obj\Release\net8.0\PubTmp\Out\wwwroot\lib\highcharts\es-modules\Extensions\Annotations\Annotation.js", "JavaScript", 0, 328, 0, 0, 0, 0, 0, 0, 313, 1, 642
"c:\Users\MSI SWORD 15 A12V\source\repos\SoftWhatsAppCRMDash\SoftWhatsAppCRMDash\obj\Release\net8.0\PubTmp\Out\wwwroot\lib\highcharts\es-modules\Extensions\Annotations\Annotation.min.js", "JavaScript", 0, 1, 0, 0, 0, 0, 0, 0, 0, 0, 1
"c:\Users\MSI SWORD 15 A12V\source\repos\SoftWhatsAppCRMDash\SoftWhatsAppCRMDash\obj\Release\net8.0\PubTmp\Out\wwwroot\lib\highcharts\es-modules\Extensions\Annotations\AnnotationChart.js", "JavaScript", 0, 198, 0, 0, 0, 0, 0, 0, 81, 1, 280
"c:\Users\MSI SWORD 15 A12V\source\repos\SoftWhatsAppCRMDash\SoftWhatsAppCRMDash\obj\Release\net8.0\PubTmp\Out\wwwroot\lib\highcharts\es-modules\Extensions\Annotations\AnnotationChart.min.js", "JavaScript", 0, 1, 0, 0, 0, 0, 0, 0, 0, 0, 1
"c:\Users\MSI SWORD 15 A12V\source\repos\SoftWhatsAppCRMDash\SoftWhatsAppCRMDash\obj\Release\net8.0\PubTmp\Out\wwwroot\lib\highcharts\es-modules\Extensions\Annotations\AnnotationDefaults.js", "JavaScript", 0, 58, 0, 0, 0, 0, 0, 0, 577, 1, 636
"c:\Users\MSI SWORD 15 A12V\source\repos\SoftWhatsAppCRMDash\SoftWhatsAppCRMDash\obj\Release\net8.0\PubTmp\Out\wwwroot\lib\highcharts\es-modules\Extensions\Annotations\AnnotationDefaults.min.js", "JavaScript", 0, 1, 0, 0, 0, 0, 0, 0, 0, 0, 1
"c:\Users\MSI SWORD 15 A12V\source\repos\SoftWhatsAppCRMDash\SoftWhatsAppCRMDash\obj\Release\net8.0\PubTmp\Out\wwwroot\lib\highcharts\es-modules\Extensions\Annotations\ControlPoint.js", "JavaScript", 0, 48, 0, 0, 0, 0, 0, 0, 99, 1, 148
"c:\Users\MSI SWORD 15 A12V\source\repos\SoftWhatsAppCRMDash\SoftWhatsAppCRMDash\obj\Release\net8.0\PubTmp\Out\wwwroot\lib\highcharts\es-modules\Extensions\Annotations\ControlPoint.min.js", "JavaScript", 0, 1, 0, 0, 0, 0, 0, 0, 0, 0, 1
"c:\Users\MSI SWORD 15 A12V\source\repos\SoftWhatsAppCRMDash\SoftWhatsAppCRMDash\obj\Release\net8.0\PubTmp\Out\wwwroot\lib\highcharts\es-modules\Extensions\Annotations\ControlTarget.js", "JavaScript", 0, 138, 0, 0, 0, 0, 0, 0, 126, 1, 265
"c:\Users\MSI SWORD 15 A12V\source\repos\SoftWhatsAppCRMDash\SoftWhatsAppCRMDash\obj\Release\net8.0\PubTmp\Out\wwwroot\lib\highcharts\es-modules\Extensions\Annotations\ControlTarget.min.js", "JavaScript", 0, 1, 0, 0, 0, 0, 0, 0, 0, 0, 1
"c:\Users\MSI SWORD 15 A12V\source\repos\SoftWhatsAppCRMDash\SoftWhatsAppCRMDash\obj\Release\net8.0\PubTmp\Out\wwwroot\lib\highcharts\es-modules\Extensions\Annotations\Controllables\Controllable.js", "JavaScript", 0, 109, 0, 0, 0, 0, 0, 0, 144, 1, 254
"c:\Users\MSI SWORD 15 A12V\source\repos\SoftWhatsAppCRMDash\SoftWhatsAppCRMDash\obj\Release\net8.0\PubTmp\Out\wwwroot\lib\highcharts\es-modules\Extensions\Annotations\Controllables\Controllable.min.js", "JavaScript", 0, 1, 0, 0, 0, 0, 0, 0, 0, 0, 1
"c:\Users\MSI SWORD 15 A12V\source\repos\SoftWhatsAppCRMDash\SoftWhatsAppCRMDash\obj\Release\net8.0\PubTmp\Out\wwwroot\lib\highcharts\es-modules\Extensions\Annotations\Controllables\ControllableCircle.js", "JavaScript", 0, 45, 0, 0, 0, 0, 0, 0, 67, 1, 113
"c:\Users\MSI SWORD 15 A12V\source\repos\SoftWhatsAppCRMDash\SoftWhatsAppCRMDash\obj\Release\net8.0\PubTmp\Out\wwwroot\lib\highcharts\es-modules\Extensions\Annotations\Controllables\ControllableCircle.min.js", "JavaScript", 0, 1, 0, 0, 0, 0, 0, 0, 0, 0, 1
"c:\Users\MSI SWORD 15 A12V\source\repos\SoftWhatsAppCRMDash\SoftWhatsAppCRMDash\obj\Release\net8.0\PubTmp\Out\wwwroot\lib\highcharts\es-modules\Extensions\Annotations\Controllables\ControllableDefaults.js", "JavaScript", 0, 41, 0, 0, 0, 0, 0, 0, 54, 1, 96
"c:\Users\MSI SWORD 15 A12V\source\repos\SoftWhatsAppCRMDash\SoftWhatsAppCRMDash\obj\Release\net8.0\PubTmp\Out\wwwroot\lib\highcharts\es-modules\Extensions\Annotations\Controllables\ControllableDefaults.min.js", "JavaScript", 0, 1, 0, 0, 0, 0, 0, 0, 0, 0, 1
"c:\Users\MSI SWORD 15 A12V\source\repos\SoftWhatsAppCRMDash\SoftWhatsAppCRMDash\obj\Release\net8.0\PubTmp\Out\wwwroot\lib\highcharts\es-modules\Extensions\Annotations\Controllables\ControllableEllipse.js", "JavaScript", 0, 96, 0, 0, 0, 0, 0, 0, 117, 1, 214
"c:\Users\MSI SWORD 15 A12V\source\repos\SoftWhatsAppCRMDash\SoftWhatsAppCRMDash\obj\Release\net8.0\PubTmp\Out\wwwroot\lib\highcharts\es-modules\Extensions\Annotations\Controllables\ControllableEllipse.min.js", "JavaScript", 0, 1, 0, 0, 0, 0, 0, 0, 0, 0, 1
"c:\Users\MSI SWORD 15 A12V\source\repos\SoftWhatsAppCRMDash\SoftWhatsAppCRMDash\obj\Release\net8.0\PubTmp\Out\wwwroot\lib\highcharts\es-modules\Extensions\Annotations\Controllables\ControllableImage.js", "JavaScript", 0, 45, 0, 0, 0, 0, 0, 0, 54, 1, 100
"c:\Users\MSI SWORD 15 A12V\source\repos\SoftWhatsAppCRMDash\SoftWhatsAppCRMDash\obj\Release\net8.0\PubTmp\Out\wwwroot\lib\highcharts\es-modules\Extensions\Annotations\Controllables\ControllableImage.min.js", "JavaScript", 0, 1, 0, 0, 0, 0, 0, 0, 0, 0, 1
"c:\Users\MSI SWORD 15 A12V\source\repos\SoftWhatsAppCRMDash\SoftWhatsAppCRMDash\obj\Release\net8.0\PubTmp\Out\wwwroot\lib\highcharts\es-modules\Extensions\Annotations\Controllables\ControllableLabel.js", "JavaScript", 0, 236, 0, 0, 0, 0, 0, 0, 126, 1, 363
"c:\Users\MSI SWORD 15 A12V\source\repos\SoftWhatsAppCRMDash\SoftWhatsAppCRMDash\obj\Release\net8.0\PubTmp\Out\wwwroot\lib\highcharts\es-modules\Extensions\Annotations\Controllables\ControllableLabel.min.js", "JavaScript", 0, 1, 0, 0, 0, 0, 0, 0, 0, 0, 1
"c:\Users\MSI SWORD 15 A12V\source\repos\SoftWhatsAppCRMDash\SoftWhatsAppCRMDash\obj\Release\net8.0\PubTmp\Out\wwwroot\lib\highcharts\es-modules\Extensions\Annotations\Controllables\ControllablePath.js", "JavaScript", 0, 164, 0, 0, 0, 0, 0, 0, 108, 1, 273
"c:\Users\MSI SWORD 15 A12V\source\repos\SoftWhatsAppCRMDash\SoftWhatsAppCRMDash\obj\Release\net8.0\PubTmp\Out\wwwroot\lib\highcharts\es-modules\Extensions\Annotations\Controllables\ControllablePath.min.js", "JavaScript", 0, 1, 0, 0, 0, 0, 0, 0, 0, 0, 1
"c:\Users\MSI SWORD 15 A12V\source\repos\SoftWhatsAppCRMDash\SoftWhatsAppCRMDash\obj\Release\net8.0\PubTmp\Out\wwwroot\lib\highcharts\es-modules\Extensions\Annotations\Controllables\ControllableRect.js", "JavaScript", 0, 46, 0, 0, 0, 0, 0, 0, 58, 1, 105
"c:\Users\MSI SWORD 15 A12V\source\repos\SoftWhatsAppCRMDash\SoftWhatsAppCRMDash\obj\Release\net8.0\PubTmp\Out\wwwroot\lib\highcharts\es-modules\Extensions\Annotations\Controllables\ControllableRect.min.js", "JavaScript", 0, 1, 0, 0, 0, 0, 0, 0, 0, 0, 1
"c:\Users\MSI SWORD 15 A12V\source\repos\SoftWhatsAppCRMDash\SoftWhatsAppCRMDash\obj\Release\net8.0\PubTmp\Out\wwwroot\lib\highcharts\es-modules\Extensions\Annotations\EventEmitter.js", "JavaScript", 0, 170, 0, 0, 0, 0, 0, 0, 70, 1, 241
"c:\Users\MSI SWORD 15 A12V\source\repos\SoftWhatsAppCRMDash\SoftWhatsAppCRMDash\obj\Release\net8.0\PubTmp\Out\wwwroot\lib\highcharts\es-modules\Extensions\Annotations\EventEmitter.min.js", "JavaScript", 0, 1, 0, 0, 0, 0, 0, 0, 0, 0, 1
"c:\Users\MSI SWORD 15 A12V\source\repos\SoftWhatsAppCRMDash\SoftWhatsAppCRMDash\obj\Release\net8.0\PubTmp\Out\wwwroot\lib\highcharts\es-modules\Extensions\Annotations\MockPoint.js", "JavaScript", 0, 173, 0, 0, 0, 0, 0, 0, 306, 1, 480
"c:\Users\MSI SWORD 15 A12V\source\repos\SoftWhatsAppCRMDash\SoftWhatsAppCRMDash\obj\Release\net8.0\PubTmp\Out\wwwroot\lib\highcharts\es-modules\Extensions\Annotations\MockPoint.min.js", "JavaScript", 0, 1, 0, 0, 0, 0, 0, 0, 0, 0, 1
"c:\Users\MSI SWORD 15 A12V\source\repos\SoftWhatsAppCRMDash\SoftWhatsAppCRMDash\obj\Release\net8.0\PubTmp\Out\wwwroot\lib\highcharts\es-modules\Extensions\Annotations\NavigationBindings.js", "JavaScript", 0, 521, 0, 0, 0, 0, 0, 0, 312, 1, 834
"c:\Users\MSI SWORD 15 A12V\source\repos\SoftWhatsAppCRMDash\SoftWhatsAppCRMDash\obj\Release\net8.0\PubTmp\Out\wwwroot\lib\highcharts\es-modules\Extensions\Annotations\NavigationBindings.min.js", "JavaScript", 0, 1, 0, 0, 0, 0, 0, 0, 0, 0, 1
"c:\Users\MSI SWORD 15 A12V\source\repos\SoftWhatsAppCRMDash\SoftWhatsAppCRMDash\obj\Release\net8.0\PubTmp\Out\wwwroot\lib\highcharts\es-modules\Extensions\Annotations\NavigationBindingsDefaults.js", "JavaScript", 0, 215, 0, 0, 0, 0, 0, 0, 181, 1, 397
"c:\Users\MSI SWORD 15 A12V\source\repos\SoftWhatsAppCRMDash\SoftWhatsAppCRMDash\obj\Release\net8.0\PubTmp\Out\wwwroot\lib\highcharts\es-modules\Extensions\Annotations\NavigationBindingsDefaults.min.js", "JavaScript", 0, 1, 0, 0, 0, 0, 0, 0, 0, 0, 1
"c:\Users\MSI SWORD 15 A12V\source\repos\SoftWhatsAppCRMDash\SoftWhatsAppCRMDash\obj\Release\net8.0\PubTmp\Out\wwwroot\lib\highcharts\es-modules\Extensions\Annotations\NavigationBindingsUtilities.js", "JavaScript", 0, 43, 0, 0, 0, 0, 0, 0, 55, 1, 99
"c:\Users\MSI SWORD 15 A12V\source\repos\SoftWhatsAppCRMDash\SoftWhatsAppCRMDash\obj\Release\net8.0\PubTmp\Out\wwwroot\lib\highcharts\es-modules\Extensions\Annotations\NavigationBindingsUtilities.min.js", "JavaScript", 0, 1, 0, 0, 0, 0, 0, 0, 0, 0, 1
"c:\Users\MSI SWORD 15 A12V\source\repos\SoftWhatsAppCRMDash\SoftWhatsAppCRMDash\obj\Release\net8.0\PubTmp\Out\wwwroot\lib\highcharts\es-modules\Extensions\Annotations\Popup\Popup.js", "JavaScript", 0, 134, 0, 0, 0, 0, 0, 0, 102, 1, 237
"c:\Users\MSI SWORD 15 A12V\source\repos\SoftWhatsAppCRMDash\SoftWhatsAppCRMDash\obj\Release\net8.0\PubTmp\Out\wwwroot\lib\highcharts\es-modules\Extensions\Annotations\Popup\Popup.min.js", "JavaScript", 0, 1, 0, 0, 0, 0, 0, 0, 0, 0, 1
"c:\Users\MSI SWORD 15 A12V\source\repos\SoftWhatsAppCRMDash\SoftWhatsAppCRMDash\obj\Release\net8.0\PubTmp\Out\wwwroot\lib\highcharts\es-modules\Extensions\Annotations\Popup\PopupAnnotations.js", "JavaScript", 0, 110, 0, 0, 0, 0, 0, 0, 69, 1, 180
"c:\Users\MSI SWORD 15 A12V\source\repos\SoftWhatsAppCRMDash\SoftWhatsAppCRMDash\obj\Release\net8.0\PubTmp\Out\wwwroot\lib\highcharts\es-modules\Extensions\Annotations\Popup\PopupAnnotations.min.js", "JavaScript", 0, 1, 0, 0, 0, 0, 0, 0, 0, 0, 1
"c:\Users\MSI SWORD 15 A12V\source\repos\SoftWhatsAppCRMDash\SoftWhatsAppCRMDash\obj\Release\net8.0\PubTmp\Out\wwwroot\lib\highcharts\es-modules\Extensions\Annotations\Popup\PopupComposition.js", "JavaScript", 0, 36, 0, 0, 0, 0, 0, 0, 37, 1, 74
"c:\Users\MSI SWORD 15 A12V\source\repos\SoftWhatsAppCRMDash\SoftWhatsAppCRMDash\obj\Release\net8.0\PubTmp\Out\wwwroot\lib\highcharts\es-modules\Extensions\Annotations\Popup\PopupComposition.min.js", "JavaScript", 0, 1, 0, 0, 0, 0, 0, 0, 0, 0, 1
"c:\Users\MSI SWORD 15 A12V\source\repos\SoftWhatsAppCRMDash\SoftWhatsAppCRMDash\obj\Release\net8.0\PubTmp\Out\wwwroot\lib\highcharts\es-modules\Extensions\Annotations\Popup\PopupIndicators.js", "JavaScript", 0, 340, 0, 0, 0, 0, 0, 0, 271, 1, 612
"c:\Users\MSI SWORD 15 A12V\source\repos\SoftWhatsAppCRMDash\SoftWhatsAppCRMDash\obj\Release\net8.0\PubTmp\Out\wwwroot\lib\highcharts\es-modules\Extensions\Annotations\Popup\PopupIndicators.min.js", "JavaScript", 0, 1, 0, 0, 0, 0, 0, 0, 0, 0, 1
"c:\Users\MSI SWORD 15 A12V\source\repos\SoftWhatsAppCRMDash\SoftWhatsAppCRMDash\obj\Release\net8.0\PubTmp\Out\wwwroot\lib\highcharts\es-modules\Extensions\Annotations\Popup\PopupTabs.js", "JavaScript", 0, 70, 0, 0, 0, 0, 0, 0, 64, 1, 135
"c:\Users\MSI SWORD 15 A12V\source\repos\SoftWhatsAppCRMDash\SoftWhatsAppCRMDash\obj\Release\net8.0\PubTmp\Out\wwwroot\lib\highcharts\es-modules\Extensions\Annotations\Popup\PopupTabs.min.js", "JavaScript", 0, 1, 0, 0, 0, 0, 0, 0, 0, 0, 1
"c:\Users\MSI SWORD 15 A12V\source\repos\SoftWhatsAppCRMDash\SoftWhatsAppCRMDash\obj\Release\net8.0\PubTmp\Out\wwwroot\lib\highcharts\es-modules\Extensions\Annotations\Types\BasicAnnotation.js", "JavaScript", 0, 189, 0, 0, 0, 0, 0, 0, 35, 1, 225
"c:\Users\MSI SWORD 15 A12V\source\repos\SoftWhatsAppCRMDash\SoftWhatsAppCRMDash\obj\Release\net8.0\PubTmp\Out\wwwroot\lib\highcharts\es-modules\Extensions\Annotations\Types\BasicAnnotation.min.js", "JavaScript", 0, 1, 0, 0, 0, 0, 0, 0, 0, 0, 1
"c:\Users\MSI SWORD 15 A12V\source\repos\SoftWhatsAppCRMDash\SoftWhatsAppCRMDash\obj\Release\net8.0\PubTmp\Out\wwwroot\lib\highcharts\es-modules\Extensions\Annotations\Types\CrookedLine.js", "JavaScript", 0, 76, 0, 0, 0, 0, 0, 0, 84, 1, 161
"c:\Users\MSI SWORD 15 A12V\source\repos\SoftWhatsAppCRMDash\SoftWhatsAppCRMDash\obj\Release\net8.0\PubTmp\Out\wwwroot\lib\highcharts\es-modules\Extensions\Annotations\Types\CrookedLine.min.js", "JavaScript", 0, 1, 0, 0, 0, 0, 0, 0, 0, 0, 1
"c:\Users\MSI SWORD 15 A12V\source\repos\SoftWhatsAppCRMDash\SoftWhatsAppCRMDash\obj\Release\net8.0\PubTmp\Out\wwwroot\lib\highcharts\es-modules\Extensions\Annotations\Types\ElliottWave.js", "JavaScript", 0, 39, 0, 0, 0, 0, 0, 0, 37, 1, 77
"c:\Users\MSI SWORD 15 A12V\source\repos\SoftWhatsAppCRMDash\SoftWhatsAppCRMDash\obj\Release\net8.0\PubTmp\Out\wwwroot\lib\highcharts\es-modules\Extensions\Annotations\Types\ElliottWave.min.js", "JavaScript", 0, 1, 0, 0, 0, 0, 0, 0, 0, 0, 1
"c:\Users\MSI SWORD 15 A12V\source\repos\SoftWhatsAppCRMDash\SoftWhatsAppCRMDash\obj\Release\net8.0\PubTmp\Out\wwwroot\lib\highcharts\es-modules\Extensions\Annotations\Types\Fibonacci.js", "JavaScript", 0, 125, 0, 0, 0, 0, 0, 0, 83, 1, 209
"c:\Users\MSI SWORD 15 A12V\source\repos\SoftWhatsAppCRMDash\SoftWhatsAppCRMDash\obj\Release\net8.0\PubTmp\Out\wwwroot\lib\highcharts\es-modules\Extensions\Annotations\Types\Fibonacci.min.js", "JavaScript", 0, 1, 0, 0, 0, 0, 0, 0, 0, 0, 1
"c:\Users\MSI SWORD 15 A12V\source\repos\SoftWhatsAppCRMDash\SoftWhatsAppCRMDash\obj\Release\net8.0\PubTmp\Out\wwwroot\lib\highcharts\es-modules\Extensions\Annotations\Types\FibonacciTimeZones.js", "JavaScript", 0, 98, 0, 0, 0, 0, 0, 0, 98, 1, 197
"c:\Users\MSI SWORD 15 A12V\source\repos\SoftWhatsAppCRMDash\SoftWhatsAppCRMDash\obj\Release\net8.0\PubTmp\Out\wwwroot\lib\highcharts\es-modules\Extensions\Annotations\Types\FibonacciTimeZones.min.js", "JavaScript", 0, 1, 0, 0, 0, 0, 0, 0, 0, 0, 1
"c:\Users\MSI SWORD 15 A12V\source\repos\SoftWhatsAppCRMDash\SoftWhatsAppCRMDash\obj\Release\net8.0\PubTmp\Out\wwwroot\lib\highcharts\es-modules\Extensions\Annotations\Types\InfinityLine.js", "JavaScript", 0, 81, 0, 0, 0, 0, 0, 0, 54, 1, 136
"c:\Users\MSI SWORD 15 A12V\source\repos\SoftWhatsAppCRMDash\SoftWhatsAppCRMDash\obj\Release\net8.0\PubTmp\Out\wwwroot\lib\highcharts\es-modules\Extensions\Annotations\Types\InfinityLine.min.js", "JavaScript", 0, 1, 0, 0, 0, 0, 0, 0, 0, 0, 1
"c:\Users\MSI SWORD 15 A12V\source\repos\SoftWhatsAppCRMDash\SoftWhatsAppCRMDash\obj\Release\net8.0\PubTmp\Out\wwwroot\lib\highcharts\es-modules\Extensions\Annotations\Types\Measure.js", "JavaScript", 0, 506, 0, 0, 0, 0, 0, 0, 303, 1, 810
"c:\Users\MSI SWORD 15 A12V\source\repos\SoftWhatsAppCRMDash\SoftWhatsAppCRMDash\obj\Release\net8.0\PubTmp\Out\wwwroot\lib\highcharts\es-modules\Extensions\Annotations\Types\Measure.min.js", "JavaScript", 0, 1, 0, 0, 0, 0, 0, 0, 0, 0, 1
"c:\Users\MSI SWORD 15 A12V\source\repos\SoftWhatsAppCRMDash\SoftWhatsAppCRMDash\obj\Release\net8.0\PubTmp\Out\wwwroot\lib\highcharts\es-modules\Extensions\Annotations\Types\Pitchfork.js", "JavaScript", 0, 124, 0, 0, 0, 0, 0, 0, 52, 1, 177
"c:\Users\MSI SWORD 15 A12V\source\repos\SoftWhatsAppCRMDash\SoftWhatsAppCRMDash\obj\Release\net8.0\PubTmp\Out\wwwroot\lib\highcharts\es-modules\Extensions\Annotations\Types\Pitchfork.min.js", "JavaScript", 0, 1, 0, 0, 0, 0, 0, 0, 0, 0, 1
"c:\Users\MSI SWORD 15 A12V\source\repos\SoftWhatsAppCRMDash\SoftWhatsAppCRMDash\obj\Release\net8.0\PubTmp\Out\wwwroot\lib\highcharts\es-modules\Extensions\Annotations\Types\TimeCycles.js", "JavaScript", 0, 130, 0, 0, 0, 0, 0, 0, 62, 1, 193
"c:\Users\MSI SWORD 15 A12V\source\repos\SoftWhatsAppCRMDash\SoftWhatsAppCRMDash\obj\Release\net8.0\PubTmp\Out\wwwroot\lib\highcharts\es-modules\Extensions\Annotations\Types\TimeCycles.min.js", "JavaScript", 0, 1, 0, 0, 0, 0, 0, 0, 0, 0, 1
"c:\Users\MSI SWORD 15 A12V\source\repos\SoftWhatsAppCRMDash\SoftWhatsAppCRMDash\obj\Release\net8.0\PubTmp\Out\wwwroot\lib\highcharts\es-modules\Extensions\Annotations\Types\Tunnel.js", "JavaScript", 0, 127, 0, 0, 0, 0, 0, 0, 78, 1, 206
"c:\Users\MSI SWORD 15 A12V\source\repos\SoftWhatsAppCRMDash\SoftWhatsAppCRMDash\obj\Release\net8.0\PubTmp\Out\wwwroot\lib\highcharts\es-modules\Extensions\Annotations\Types\Tunnel.min.js", "JavaScript", 0, 1, 0, 0, 0, 0, 0, 0, 0, 0, 1
"c:\Users\MSI SWORD 15 A12V\source\repos\SoftWhatsAppCRMDash\SoftWhatsAppCRMDash\obj\Release\net8.0\PubTmp\Out\wwwroot\lib\highcharts\es-modules\Extensions\Annotations\Types\VerticalLine.js", "JavaScript", 0, 86, 0, 0, 0, 0, 0, 0, 50, 1, 137
"c:\Users\MSI SWORD 15 A12V\source\repos\SoftWhatsAppCRMDash\SoftWhatsAppCRMDash\obj\Release\net8.0\PubTmp\Out\wwwroot\lib\highcharts\es-modules\Extensions\Annotations\Types\VerticalLine.min.js", "JavaScript", 0, 1, 0, 0, 0, 0, 0, 0, 0, 0, 1
"c:\Users\MSI SWORD 15 A12V\source\repos\SoftWhatsAppCRMDash\SoftWhatsAppCRMDash\obj\Release\net8.0\PubTmp\Out\wwwroot\lib\highcharts\es-modules\Extensions\ArrowSymbols.js", "JavaScript", 0, 36, 0, 0, 0, 0, 0, 0, 137, 1, 174
"c:\Users\MSI SWORD 15 A12V\source\repos\SoftWhatsAppCRMDash\SoftWhatsAppCRMDash\obj\Release\net8.0\PubTmp\Out\wwwroot\lib\highcharts\es-modules\Extensions\ArrowSymbols.min.js", "JavaScript", 0, 1, 0, 0, 0, 0, 0, 0, 0, 0, 1
"c:\Users\MSI SWORD 15 A12V\source\repos\SoftWhatsAppCRMDash\SoftWhatsAppCRMDash\obj\Release\net8.0\PubTmp\Out\wwwroot\lib\highcharts\es-modules\Extensions\BoostCanvas.js", "JavaScript", 0, 464, 0, 0, 0, 0, 0, 0, 128, 1, 593
"c:\Users\MSI SWORD 15 A12V\source\repos\SoftWhatsAppCRMDash\SoftWhatsAppCRMDash\obj\Release\net8.0\PubTmp\Out\wwwroot\lib\highcharts\es-modules\Extensions\BoostCanvas.min.js", "JavaScript", 0, 1, 0, 0, 0, 0, 0, 0, 0, 0, 1
"c:\Users\MSI SWORD 15 A12V\source\repos\SoftWhatsAppCRMDash\SoftWhatsAppCRMDash\obj\Release\net8.0\PubTmp\Out\wwwroot\lib\highcharts\es-modules\Extensions\Boost\Boost.js", "JavaScript", 0, 84, 0, 0, 0, 0, 0, 0, 282, 1, 367
"c:\Users\MSI SWORD 15 A12V\source\repos\SoftWhatsAppCRMDash\SoftWhatsAppCRMDash\obj\Release\net8.0\PubTmp\Out\wwwroot\lib\highcharts\es-modules\Extensions\Boost\Boost.min.js", "JavaScript", 0, 1, 0, 0, 0, 0, 0, 0, 0, 0, 1
"c:\Users\MSI SWORD 15 A12V\source\repos\SoftWhatsAppCRMDash\SoftWhatsAppCRMDash\obj\Release\net8.0\PubTmp\Out\wwwroot\lib\highcharts\es-modules\Extensions\Boost\BoostChart.js", "JavaScript", 0, 175, 0, 0, 0, 0, 0, 0, 87, 1, 263
"c:\Users\MSI SWORD 15 A12V\source\repos\SoftWhatsAppCRMDash\SoftWhatsAppCRMDash\obj\Release\net8.0\PubTmp\Out\wwwroot\lib\highcharts\es-modules\Extensions\Boost\BoostChart.min.js", "JavaScript", 0, 1, 0, 0, 0, 0, 0, 0, 0, 0, 1
"c:\Users\MSI SWORD 15 A12V\source\repos\SoftWhatsAppCRMDash\SoftWhatsAppCRMDash\obj\Release\net8.0\PubTmp\Out\wwwroot\lib\highcharts\es-modules\Extensions\Boost\BoostSeries.js", "JavaScript", 0, 795, 0, 0, 0, 0, 0, 0, 279, 1, 1075
"c:\Users\MSI SWORD 15 A12V\source\repos\SoftWhatsAppCRMDash\SoftWhatsAppCRMDash\obj\Release\net8.0\PubTmp\Out\wwwroot\lib\highcharts\es-modules\Extensions\Boost\BoostSeries.min.js", "JavaScript", 0, 1, 0, 0, 0, 0, 0, 0, 0, 0, 1
"c:\Users\MSI SWORD 15 A12V\source\repos\SoftWhatsAppCRMDash\SoftWhatsAppCRMDash\obj\Release\net8.0\PubTmp\Out\wwwroot\lib\highcharts\es-modules\Extensions\Boost\BoostableMap.js", "JavaScript", 0, 7, 0, 0, 0, 0, 0, 0, 27, 1, 35
"c:\Users\MSI SWORD 15 A12V\source\repos\SoftWhatsAppCRMDash\SoftWhatsAppCRMDash\obj\Release\net8.0\PubTmp\Out\wwwroot\lib\highcharts\es-modules\Extensions\Boost\BoostableMap.min.js", "JavaScript", 0, 1, 0, 0, 0, 0, 0, 0, 0, 0, 1
"c:\Users\MSI SWORD 15 A12V\source\repos\SoftWhatsAppCRMDash\SoftWhatsAppCRMDash\obj\Release\net8.0\PubTmp\Out\wwwroot\lib\highcharts\es-modules\Extensions\Boost\Boostables.js", "JavaScript", 0, 15, 0, 0, 0, 0, 0, 0, 22, 1, 38
"c:\Users\MSI SWORD 15 A12V\source\repos\SoftWhatsAppCRMDash\SoftWhatsAppCRMDash\obj\Release\net8.0\PubTmp\Out\wwwroot\lib\highcharts\es-modules\Extensions\Boost\Boostables.min.js", "JavaScript", 0, 1, 0, 0, 0, 0, 0, 0, 0, 0, 1
"c:\Users\MSI SWORD 15 A12V\source\repos\SoftWhatsAppCRMDash\SoftWhatsAppCRMDash\obj\Release\net8.0\PubTmp\Out\wwwroot\lib\highcharts\es-modules\Extensions\Boost\NamedColors.js", "JavaScript", 0, 149, 0, 0, 0, 0, 0, 0, 23, 1, 173
"c:\Users\MSI SWORD 15 A12V\source\repos\SoftWhatsAppCRMDash\SoftWhatsAppCRMDash\obj\Release\net8.0\PubTmp\Out\wwwroot\lib\highcharts\es-modules\Extensions\Boost\NamedColors.min.js", "JavaScript", 0, 1, 0, 0, 0, 0, 0, 0, 0, 0, 1
"c:\Users\MSI SWORD 15 A12V\source\repos\SoftWhatsAppCRMDash\SoftWhatsAppCRMDash\obj\Release\net8.0\PubTmp\Out\wwwroot\lib\highcharts\es-modules\Extensions\Boost\WGLDrawMode.js", "JavaScript", 0, 15, 0, 0, 0, 0, 0, 0, 21, 1, 37
"c:\Users\MSI SWORD 15 A12V\source\repos\SoftWhatsAppCRMDash\SoftWhatsAppCRMDash\obj\Release\net8.0\PubTmp\Out\wwwroot\lib\highcharts\es-modules\Extensions\Boost\WGLDrawMode.min.js", "JavaScript", 0, 1, 0, 0, 0, 0, 0, 0, 0, 0, 1
"c:\Users\MSI SWORD 15 A12V\source\repos\SoftWhatsAppCRMDash\SoftWhatsAppCRMDash\obj\Release\net8.0\PubTmp\Out\wwwroot\lib\highcharts\es-modules\Extensions\Boost\WGLRenderer.js", "JavaScript", 0, 873, 0, 0, 0, 0, 0, 0, 327, 1, 1201
"c:\Users\MSI SWORD 15 A12V\source\repos\SoftWhatsAppCRMDash\SoftWhatsAppCRMDash\obj\Release\net8.0\PubTmp\Out\wwwroot\lib\highcharts\es-modules\Extensions\Boost\WGLRenderer.min.js", "JavaScript", 0, 1, 0, 0, 0, 0, 0, 0, 0, 0, 1
"c:\Users\MSI SWORD 15 A12V\source\repos\SoftWhatsAppCRMDash\SoftWhatsAppCRMDash\obj\Release\net8.0\PubTmp\Out\wwwroot\lib\highcharts\es-modules\Extensions\Boost\WGLShader.js", "JavaScript", 0, 314, 0, 0, 0, 0, 0, 0, 148, 1, 463
"c:\Users\MSI SWORD 15 A12V\source\repos\SoftWhatsAppCRMDash\SoftWhatsAppCRMDash\obj\Release\net8.0\PubTmp\Out\wwwroot\lib\highcharts\es-modules\Extensions\Boost\WGLShader.min.js", "JavaScript", 0, 1, 0, 0, 0, 0, 0, 0, 0, 0, 1
"c:\Users\MSI SWORD 15 A12V\source\repos\SoftWhatsAppCRMDash\SoftWhatsAppCRMDash\obj\Release\net8.0\PubTmp\Out\wwwroot\lib\highcharts\es-modules\Extensions\Boost\WGLVertexBuffer.js", "JavaScript", 0, 88, 0, 0, 0, 0, 0, 0, 103, 1, 192
"c:\Users\MSI SWORD 15 A12V\source\repos\SoftWhatsAppCRMDash\SoftWhatsAppCRMDash\obj\Release\net8.0\PubTmp\Out\wwwroot\lib\highcharts\es-modules\Extensions\Boost\WGLVertexBuffer.min.js", "JavaScript", 0, 1, 0, 0, 0, 0, 0, 0, 0, 0, 1
"c:\Users\MSI SWORD 15 A12V\source\repos\SoftWhatsAppCRMDash\SoftWhatsAppCRMDash\obj\Release\net8.0\PubTmp\Out\wwwroot\lib\highcharts\es-modules\Extensions\BorderRadius.js", "JavaScript", 0, 220, 0, 0, 0, 0, 0, 0, 160, 1, 381
"c:\Users\MSI SWORD 15 A12V\source\repos\SoftWhatsAppCRMDash\SoftWhatsAppCRMDash\obj\Release\net8.0\PubTmp\Out\wwwroot\lib\highcharts\es-modules\Extensions\BorderRadius.min.js", "JavaScript", 0, 1, 0, 0, 0, 0, 0, 0, 0, 0, 1
"c:\Users\MSI SWORD 15 A12V\source\repos\SoftWhatsAppCRMDash\SoftWhatsAppCRMDash\obj\Release\net8.0\PubTmp\Out\wwwroot\lib\highcharts\es-modules\Extensions\Breadcrumbs\Breadcrumbs.js", "JavaScript", 0, 330, 0, 0, 0, 0, 0, 0, 342, 1, 673
"c:\Users\MSI SWORD 15 A12V\source\repos\SoftWhatsAppCRMDash\SoftWhatsAppCRMDash\obj\Release\net8.0\PubTmp\Out\wwwroot\lib\highcharts\es-modules\Extensions\Breadcrumbs\Breadcrumbs.min.js", "JavaScript", 0, 1, 0, 0, 0, 0, 0, 0, 0, 0, 1
"c:\Users\MSI SWORD 15 A12V\source\repos\SoftWhatsAppCRMDash\SoftWhatsAppCRMDash\obj\Release\net8.0\PubTmp\Out\wwwroot\lib\highcharts\es-modules\Extensions\Breadcrumbs\BreadcrumbsDefaults.js", "JavaScript", 0, 48, 0, 0, 0, 0, 0, 0, 219, 1, 268
"c:\Users\MSI SWORD 15 A12V\source\repos\SoftWhatsAppCRMDash\SoftWhatsAppCRMDash\obj\Release\net8.0\PubTmp\Out\wwwroot\lib\highcharts\es-modules\Extensions\Breadcrumbs\BreadcrumbsDefaults.min.js", "JavaScript", 0, 1, 0, 0, 0, 0, 0, 0, 0, 0, 1
"c:\Users\MSI SWORD 15 A12V\source\repos\SoftWhatsAppCRMDash\SoftWhatsAppCRMDash\obj\Release\net8.0\PubTmp\Out\wwwroot\lib\highcharts\es-modules\Extensions\CurrentDateIndication.js", "JavaScript", 0, 64, 0, 0, 0, 0, 0, 0, 72, 1, 137
"c:\Users\MSI SWORD 15 A12V\source\repos\SoftWhatsAppCRMDash\SoftWhatsAppCRMDash\obj\Release\net8.0\PubTmp\Out\wwwroot\lib\highcharts\es-modules\Extensions\CurrentDateIndication.min.js", "JavaScript", 0, 1, 0, 0, 0, 0, 0, 0, 0, 0, 1
"c:\Users\MSI SWORD 15 A12V\source\repos\SoftWhatsAppCRMDash\SoftWhatsAppCRMDash\obj\Release\net8.0\PubTmp\Out\wwwroot\lib\highcharts\es-modules\Extensions\Data.js", "JavaScript", 0, 1122, 0, 0, 0, 0, 0, 0, 1011, 1, 2134
"c:\Users\MSI SWORD 15 A12V\source\repos\SoftWhatsAppCRMDash\SoftWhatsAppCRMDash\obj\Release\net8.0\PubTmp\Out\wwwroot\lib\highcharts\es-modules\Extensions\Data.min.js", "JavaScript", 0, 1, 0, 0, 0, 0, 0, 0, 0, 0, 1
"c:\Users\MSI SWORD 15 A12V\source\repos\SoftWhatsAppCRMDash\SoftWhatsAppCRMDash\obj\Release\net8.0\PubTmp\Out\wwwroot\lib\highcharts\es-modules\Extensions\DataGrouping\ApproximationDefaults.js", "JavaScript", 0, 96, 0, 0, 0, 0, 0, 0, 61, 1, 158
"c:\Users\MSI SWORD 15 A12V\source\repos\SoftWhatsAppCRMDash\SoftWhatsAppCRMDash\obj\Release\net8.0\PubTmp\Out\wwwroot\lib\highcharts\es-modules\Extensions\DataGrouping\ApproximationDefaults.min.js", "JavaScript", 0, 1, 0, 0, 0, 0, 0, 0, 0, 0, 1
"c:\Users\MSI SWORD 15 A12V\source\repos\SoftWhatsAppCRMDash\SoftWhatsAppCRMDash\obj\Release\net8.0\PubTmp\Out\wwwroot\lib\highcharts\es-modules\Extensions\DataGrouping\ApproximationRegistry.js", "JavaScript", 0, 4, 0, 0, 0, 0, 0, 0, 31, 1, 36
"c:\Users\MSI SWORD 15 A12V\source\repos\SoftWhatsAppCRMDash\SoftWhatsAppCRMDash\obj\Release\net8.0\PubTmp\Out\wwwroot\lib\highcharts\es-modules\Extensions\DataGrouping\ApproximationRegistry.min.js", "JavaScript", 0, 1, 0, 0, 0, 0, 0, 0, 0, 0, 1
"c:\Users\MSI SWORD 15 A12V\source\repos\SoftWhatsAppCRMDash\SoftWhatsAppCRMDash\obj\Release\net8.0\PubTmp\Out\wwwroot\lib\highcharts\es-modules\Extensions\DataGrouping\DataGrouping.js", "JavaScript", 0, 69, 0, 0, 0, 0, 0, 0, 394, 1, 464
"c:\Users\MSI SWORD 15 A12V\source\repos\SoftWhatsAppCRMDash\SoftWhatsAppCRMDash\obj\Release\net8.0\PubTmp\Out\wwwroot\lib\highcharts\es-modules\Extensions\DataGrouping\DataGrouping.min.js", "JavaScript", 0, 1, 0, 0, 0, 0, 0, 0, 0, 0, 1
"c:\Users\MSI SWORD 15 A12V\source\repos\SoftWhatsAppCRMDash\SoftWhatsAppCRMDash\obj\Release\net8.0\PubTmp\Out\wwwroot\lib\highcharts\es-modules\Extensions\DataGrouping\DataGroupingAxisComposition.js", "JavaScript", 0, 93, 0, 0, 0, 0, 0, 0, 76, 1, 170
"c:\Users\MSI SWORD 15 A12V\source\repos\SoftWhatsAppCRMDash\SoftWhatsAppCRMDash\obj\Release\net8.0\PubTmp\Out\wwwroot\lib\highcharts\es-modules\Extensions\DataGrouping\DataGroupingAxisComposition.min.js", "JavaScript", 0, 1, 0, 0, 0, 0, 0, 0, 0, 0, 1
"c:\Users\MSI SWORD 15 A12V\source\repos\SoftWhatsAppCRMDash\SoftWhatsAppCRMDash\obj\Release\net8.0\PubTmp\Out\wwwroot\lib\highcharts\es-modules\Extensions\DataGrouping\DataGroupingDefaults.js", "JavaScript", 0, 104, 0, 0, 0, 0, 0, 0, 39, 1, 144
"c:\Users\MSI SWORD 15 A12V\source\repos\SoftWhatsAppCRMDash\SoftWhatsAppCRMDash\obj\Release\net8.0\PubTmp\Out\wwwroot\lib\highcharts\es-modules\Extensions\DataGrouping\DataGroupingDefaults.min.js", "JavaScript", 0, 1, 0, 0, 0, 0, 0, 0, 0, 0, 1
"c:\Users\MSI SWORD 15 A12V\source\repos\SoftWhatsAppCRMDash\SoftWhatsAppCRMDash\obj\Release\net8.0\PubTmp\Out\wwwroot\lib\highcharts\es-modules\Extensions\DataGrouping\DataGroupingSeriesComposition.js", "JavaScript", 0, 349, 0, 0, 0, 0, 0, 0, 146, 1, 496
"c:\Users\MSI SWORD 15 A12V\source\repos\SoftWhatsAppCRMDash\SoftWhatsAppCRMDash\obj\Release\net8.0\PubTmp\Out\wwwroot\lib\highcharts\es-modules\Extensions\DataGrouping\DataGroupingSeriesComposition.min.js", "JavaScript", 0, 1, 0, 0, 0, 0, 0, 0, 0, 0, 1
"c:\Users\MSI SWORD 15 A12V\source\repos\SoftWhatsAppCRMDash\SoftWhatsAppCRMDash\obj\Release\net8.0\PubTmp\Out\wwwroot\lib\highcharts\es-modules\Extensions\Debugger\Debugger.js", "JavaScript", 0, 81, 0, 0, 0, 0, 0, 0, 50, 1, 132
"c:\Users\MSI SWORD 15 A12V\source\repos\SoftWhatsAppCRMDash\SoftWhatsAppCRMDash\obj\Release\net8.0\PubTmp\Out\wwwroot\lib\highcharts\es-modules\Extensions\Debugger\Debugger.min.js", "JavaScript", 0, 1, 0, 0, 0, 0, 0, 0, 0, 0, 1
"c:\Users\MSI SWORD 15 A12V\source\repos\SoftWhatsAppCRMDash\SoftWhatsAppCRMDash\obj\Release\net8.0\PubTmp\Out\wwwroot\lib\highcharts\es-modules\Extensions\Debugger\ErrorMessages.js", "JavaScript", 0, 101, 0, 0, 0, 0, 0, 0, 9, 1, 111
"c:\Users\MSI SWORD 15 A12V\source\repos\SoftWhatsAppCRMDash\SoftWhatsAppCRMDash\obj\Release\net8.0\PubTmp\Out\wwwroot\lib\highcharts\es-modules\Extensions\Debugger\ErrorMessages.min.js", "JavaScript", 0, 1, 0, 0, 0, 0, 0, 0, 0, 0, 1
"c:\Users\MSI SWORD 15 A12V\source\repos\SoftWhatsAppCRMDash\SoftWhatsAppCRMDash\obj\Release\net8.0\PubTmp\Out\wwwroot\lib\highcharts\es-modules\Extensions\DownloadURL.js", "JavaScript", 0, 69, 0, 0, 0, 0, 0, 0, 59, 1, 129
"c:\Users\MSI SWORD 15 A12V\source\repos\SoftWhatsAppCRMDash\SoftWhatsAppCRMDash\obj\Release\net8.0\PubTmp\Out\wwwroot\lib\highcharts\es-modules\Extensions\DownloadURL.min.js", "JavaScript", 0, 1, 0, 0, 0, 0, 0, 0, 0, 0, 1
"c:\Users\MSI SWORD 15 A12V\source\repos\SoftWhatsAppCRMDash\SoftWhatsAppCRMDash\obj\Release\net8.0\PubTmp\Out\wwwroot\lib\highcharts\es-modules\Extensions\DragPanes\AxisResizer.js", "JavaScript", 0, 164, 0, 0, 0, 0, 0, 0, 148, 1, 313
"c:\Users\MSI SWORD 15 A12V\source\repos\SoftWhatsAppCRMDash\SoftWhatsAppCRMDash\obj\Release\net8.0\PubTmp\Out\wwwroot\lib\highcharts\es-modules\Extensions\DragPanes\AxisResizer.min.js", "JavaScript", 0, 1, 0, 0, 0, 0, 0, 0, 0, 0, 1
"c:\Users\MSI SWORD 15 A12V\source\repos\SoftWhatsAppCRMDash\SoftWhatsAppCRMDash\obj\Release\net8.0\PubTmp\Out\wwwroot\lib\highcharts\es-modules\Extensions\DragPanes\AxisResizerDefaults.js", "JavaScript", 0, 18, 0, 0, 0, 0, 0, 0, 155, 1, 174
"c:\Users\MSI SWORD 15 A12V\source\repos\SoftWhatsAppCRMDash\SoftWhatsAppCRMDash\obj\Release\net8.0\PubTmp\Out\wwwroot\lib\highcharts\es-modules\Extensions\DragPanes\AxisResizerDefaults.min.js", "JavaScript", 0, 1, 0, 0, 0, 0, 0, 0, 0, 0, 1
"c:\Users\MSI SWORD 15 A12V\source\repos\SoftWhatsAppCRMDash\SoftWhatsAppCRMDash\obj\Release\net8.0\PubTmp\Out\wwwroot\lib\highcharts\es-modules\Extensions\DragPanes\DragPanes.js", "JavaScript", 0, 57, 0, 0, 0, 0, 0, 0, 51, 1, 109
"c:\Users\MSI SWORD 15 A12V\source\repos\SoftWhatsAppCRMDash\SoftWhatsAppCRMDash\obj\Release\net8.0\PubTmp\Out\wwwroot\lib\highcharts\es-modules\Extensions\DragPanes\DragPanes.min.js", "JavaScript", 0, 1, 0, 0, 0, 0, 0, 0, 0, 0, 1
"c:\Users\MSI SWORD 15 A12V\source\repos\SoftWhatsAppCRMDash\SoftWhatsAppCRMDash\obj\Release\net8.0\PubTmp\Out\wwwroot\lib\highcharts\es-modules\Extensions\DraggablePoints\DragDropDefaults.js", "JavaScript", 0, 22, 0, 0, 0, 0, 0, 0, 344, 1, 367
"c:\Users\MSI SWORD 15 A12V\source\repos\SoftWhatsAppCRMDash\SoftWhatsAppCRMDash\obj\Release\net8.0\PubTmp\Out\wwwroot\lib\highcharts\es-modules\Extensions\DraggablePoints\DragDropDefaults.min.js", "JavaScript", 0, 1, 0, 0, 0, 0, 0, 0, 0, 0, 1
"c:\Users\MSI SWORD 15 A12V\source\repos\SoftWhatsAppCRMDash\SoftWhatsAppCRMDash\obj\Release\net8.0\PubTmp\Out\wwwroot\lib\highcharts\es-modules\Extensions\DraggablePoints\DragDropProps.js", "JavaScript", 0, 392, 0, 0, 0, 0, 0, 0, 218, 1, 611
"c:\Users\MSI SWORD 15 A12V\source\repos\SoftWhatsAppCRMDash\SoftWhatsAppCRMDash\obj\Release\net8.0\PubTmp\Out\wwwroot\lib\highcharts\es-modules\Extensions\DraggablePoints\DragDropProps.min.js", "JavaScript", 0, 1, 0, 0, 0, 0, 0, 0, 0, 0, 1
"c:\Users\MSI SWORD 15 A12V\source\repos\SoftWhatsAppCRMDash\SoftWhatsAppCRMDash\obj\Release\net8.0\PubTmp\Out\wwwroot\lib\highcharts\es-modules\Extensions\DraggablePoints\DragDropUtilities.js", "JavaScript", 0, 34, 0, 0, 0, 0, 0, 0, 77, 1, 112
"c:\Users\MSI SWORD 15 A12V\source\repos\SoftWhatsAppCRMDash\SoftWhatsAppCRMDash\obj\Release\net8.0\PubTmp\Out\wwwroot\lib\highcharts\es-modules\Extensions\DraggablePoints\DragDropUtilities.min.js", "JavaScript", 0, 1, 0, 0, 0, 0, 0, 0, 0, 0, 1
"c:\Users\MSI SWORD 15 A12V\source\repos\SoftWhatsAppCRMDash\SoftWhatsAppCRMDash\obj\Release\net8.0\PubTmp\Out\wwwroot\lib\highcharts\es-modules\Extensions\DraggablePoints\DraggableChart.js", "JavaScript", 0, 416, 0, 0, 0, 0, 0, 0, 347, 1, 764
"c:\Users\MSI SWORD 15 A12V\source\repos\SoftWhatsAppCRMDash\SoftWhatsAppCRMDash\obj\Release\net8.0\PubTmp\Out\wwwroot\lib\highcharts\es-modules\Extensions\DraggablePoints\DraggableChart.min.js", "JavaScript", 0, 1, 0, 0, 0, 0, 0, 0, 0, 0, 1
"c:\Users\MSI SWORD 15 A12V\source\repos\SoftWhatsAppCRMDash\SoftWhatsAppCRMDash\obj\Release\net8.0\PubTmp\Out\wwwroot\lib\highcharts\es-modules\Extensions\DraggablePoints\DraggablePoints.js", "JavaScript", 0, 323, 0, 0, 0, 0, 0, 0, 355, 1, 679
"c:\Users\MSI SWORD 15 A12V\source\repos\SoftWhatsAppCRMDash\SoftWhatsAppCRMDash\obj\Release\net8.0\PubTmp\Out\wwwroot\lib\highcharts\es-modules\Extensions\DraggablePoints\DraggablePoints.min.js", "JavaScript", 0, 1, 0, 0, 0, 0, 0, 0, 0, 0, 1
"c:\Users\MSI SWORD 15 A12V\source\repos\SoftWhatsAppCRMDash\SoftWhatsAppCRMDash\obj\Release\net8.0\PubTmp\Out\wwwroot\lib\highcharts\es-modules\Extensions\Drilldown\Drilldown.js", "JavaScript", 0, 608, 0, 0, 0, 0, 0, 0, 336, 1, 945
"c:\Users\MSI SWORD 15 A12V\source\repos\SoftWhatsAppCRMDash\SoftWhatsAppCRMDash\obj\Release\net8.0\PubTmp\Out\wwwroot\lib\highcharts\es-modules\Extensions\Drilldown\Drilldown.min.js", "JavaScript", 0, 1, 0, 0, 0, 0, 0, 0, 0, 0, 1
"c:\Users\MSI SWORD 15 A12V\source\repos\SoftWhatsAppCRMDash\SoftWhatsAppCRMDash\obj\Release\net8.0\PubTmp\Out\wwwroot\lib\highcharts\es-modules\Extensions\Drilldown\DrilldownDefaults.js", "JavaScript", 0, 28, 0, 0, 0, 0, 0, 0, 296, 1, 325
"c:\Users\MSI SWORD 15 A12V\source\repos\SoftWhatsAppCRMDash\SoftWhatsAppCRMDash\obj\Release\net8.0\PubTmp\Out\wwwroot\lib\highcharts\es-modules\Extensions\Drilldown\DrilldownDefaults.min.js", "JavaScript", 0, 1, 0, 0, 0, 0, 0, 0, 0, 0, 1
"c:\Users\MSI SWORD 15 A12V\source\repos\SoftWhatsAppCRMDash\SoftWhatsAppCRMDash\obj\Release\net8.0\PubTmp\Out\wwwroot\lib\highcharts\es-modules\Extensions\Drilldown\DrilldownSeries.js", "JavaScript", 0, 349, 0, 0, 0, 0, 0, 0, 116, 1, 466
"c:\Users\MSI SWORD 15 A12V\source\repos\SoftWhatsAppCRMDash\SoftWhatsAppCRMDash\obj\Release\net8.0\PubTmp\Out\wwwroot\lib\highcharts\es-modules\Extensions\Drilldown\DrilldownSeries.min.js", "JavaScript", 0, 1, 0, 0, 0, 0, 0, 0, 0, 0, 1
"c:\Users\MSI SWORD 15 A12V\source\repos\SoftWhatsAppCRMDash\SoftWhatsAppCRMDash\obj\Release\net8.0\PubTmp\Out\wwwroot\lib\highcharts\es-modules\Extensions\ExportData\ExportData.js", "JavaScript", 0, 637, 0, 0, 0, 0, 0, 0, 260, 1, 898
"c:\Users\MSI SWORD 15 A12V\source\repos\SoftWhatsAppCRMDash\SoftWhatsAppCRMDash\obj\Release\net8.0\PubTmp\Out\wwwroot\lib\highcharts\es-modules\Extensions\ExportData\ExportData.min.js", "JavaScript", 0, 1, 0, 0, 0, 0, 0, 0, 0, 0, 1
"c:\Users\MSI SWORD 15 A12V\source\repos\SoftWhatsAppCRMDash\SoftWhatsAppCRMDash\obj\Release\net8.0\PubTmp\Out\wwwroot\lib\highcharts\es-modules\Extensions\ExportData\ExportDataDefaults.js", "JavaScript", 0, 36, 0, 0, 0, 0, 0, 0, 253, 1, 290
"c:\Users\MSI SWORD 15 A12V\source\repos\SoftWhatsAppCRMDash\SoftWhatsAppCRMDash\obj\Release\net8.0\PubTmp\Out\wwwroot\lib\highcharts\es-modules\Extensions\ExportData\ExportDataDefaults.min.js", "JavaScript", 0, 1, 0, 0, 0, 0, 0, 0, 0, 0, 1
"c:\Users\MSI SWORD 15 A12V\source\repos\SoftWhatsAppCRMDash\SoftWhatsAppCRMDash\obj\Release\net8.0\PubTmp\Out\wwwroot\lib\highcharts\es-modules\Extensions\Exporting\Exporting.js", "JavaScript", 0, 764, 0, 0, 0, 0, 0, 0, 529, 1, 1294
"c:\Users\MSI SWORD 15 A12V\source\repos\SoftWhatsAppCRMDash\SoftWhatsAppCRMDash\obj\Release\net8.0\PubTmp\Out\wwwroot\lib\highcharts\es-modules\Extensions\Exporting\Exporting.min.js", "JavaScript", 0, 1, 0, 0, 0, 0, 0, 0, 0, 0, 1
"c:\Users\MSI SWORD 15 A12V\source\repos\SoftWhatsAppCRMDash\SoftWhatsAppCRMDash\obj\Release\net8.0\PubTmp\Out\wwwroot\lib\highcharts\es-modules\Extensions\Exporting\ExportingDefaults.js", "JavaScript", 0, 136, 0, 0, 0, 0, 0, 0, 746, 1, 883
"c:\Users\MSI SWORD 15 A12V\source\repos\SoftWhatsAppCRMDash\SoftWhatsAppCRMDash\obj\Release\net8.0\PubTmp\Out\wwwroot\lib\highcharts\es-modules\Extensions\Exporting\ExportingDefaults.min.js", "JavaScript", 0, 1, 0, 0, 0, 0, 0, 0, 0, 0, 1
"c:\Users\MSI SWORD 15 A12V\source\repos\SoftWhatsAppCRMDash\SoftWhatsAppCRMDash\obj\Release\net8.0\PubTmp\Out\wwwroot\lib\highcharts\es-modules\Extensions\Exporting\ExportingSymbols.js", "JavaScript", 0, 32, 0, 0, 0, 0, 0, 0, 41, 1, 74
"c:\Users\MSI SWORD 15 A12V\source\repos\SoftWhatsAppCRMDash\SoftWhatsAppCRMDash\obj\Release\net8.0\PubTmp\Out\wwwroot\lib\highcharts\es-modules\Extensions\Exporting\ExportingSymbols.min.js", "JavaScript", 0, 1, 0, 0, 0, 0, 0, 0, 0, 0, 1
"c:\Users\MSI SWORD 15 A12V\source\repos\SoftWhatsAppCRMDash\SoftWhatsAppCRMDash\obj\Release\net8.0\PubTmp\Out\wwwroot\lib\highcharts\es-modules\Extensions\Exporting\Fullscreen.js", "JavaScript", 0, 143, 0, 0, 0, 0, 0, 0, 197, 1, 341
"c:\Users\MSI SWORD 15 A12V\source\repos\SoftWhatsAppCRMDash\SoftWhatsAppCRMDash\obj\Release\net8.0\PubTmp\Out\wwwroot\lib\highcharts\es-modules\Extensions\Exporting\Fullscreen.min.js", "JavaScript", 0, 1, 0, 0, 0, 0, 0, 0, 0, 0, 1
"c:\Users\MSI SWORD 15 A12V\source\repos\SoftWhatsAppCRMDash\SoftWhatsAppCRMDash\obj\Release\net8.0\PubTmp\Out\wwwroot\lib\highcharts\es-modules\Extensions\MarkerClusters\MarkerClusterDebugging.js", "JavaScript", 0, 1, 0, 0, 0, 0, 0, 0, 13, 1, 15
"c:\Users\MSI SWORD 15 A12V\source\repos\SoftWhatsAppCRMDash\SoftWhatsAppCRMDash\obj\Release\net8.0\PubTmp\Out\wwwroot\lib\highcharts\es-modules\Extensions\MarkerClusters\MarkerClusterDebugging.min.js", "JavaScript", 0, 1, 0, 0, 0, 0, 0, 0, 0, 0, 1
"c:\Users\MSI SWORD 15 A12V\source\repos\SoftWhatsAppCRMDash\SoftWhatsAppCRMDash\obj\Release\net8.0\PubTmp\Out\wwwroot\lib\highcharts\es-modules\Extensions\MarkerClusters\MarkerClusterDefaults.js", "JavaScript", 0, 40, 0, 0, 0, 0, 0, 0, 297, 1, 338
"c:\Users\MSI SWORD 15 A12V\source\repos\SoftWhatsAppCRMDash\SoftWhatsAppCRMDash\obj\Release\net8.0\PubTmp\Out\wwwroot\lib\highcharts\es-modules\Extensions\MarkerClusters\MarkerClusterDefaults.min.js", "JavaScript", 0, 1, 0, 0, 0, 0, 0, 0, 0, 0, 1
"c:\Users\MSI SWORD 15 A12V\source\repos\SoftWhatsAppCRMDash\SoftWhatsAppCRMDash\obj\Release\net8.0\PubTmp\Out\wwwroot\lib\highcharts\es-modules\Extensions\MarkerClusters\MarkerClusterScatter.js", "JavaScript", 0, 925, 0, 0, 0, 0, 0, 0, 170, 1, 1096
"c:\Users\MSI SWORD 15 A12V\source\repos\SoftWhatsAppCRMDash\SoftWhatsAppCRMDash\obj\Release\net8.0\PubTmp\Out\wwwroot\lib\highcharts\es-modules\Extensions\MarkerClusters\MarkerClusterScatter.min.js", "JavaScript", 0, 1, 0, 0, 0, 0, 0, 0, 0, 0, 1
"c:\Users\MSI SWORD 15 A12V\source\repos\SoftWhatsAppCRMDash\SoftWhatsAppCRMDash\obj\Release\net8.0\PubTmp\Out\wwwroot\lib\highcharts\es-modules\Extensions\MarkerClusters\MarkerClusterSymbols.js", "JavaScript", 0, 28, 0, 0, 0, 0, 0, 0, 35, 1, 64
"c:\Users\MSI SWORD 15 A12V\source\repos\SoftWhatsAppCRMDash\SoftWhatsAppCRMDash\obj\Release\net8.0\PubTmp\Out\wwwroot\lib\highcharts\es-modules\Extensions\MarkerClusters\MarkerClusterSymbols.min.js", "JavaScript", 0, 1, 0, 0, 0, 0, 0, 0, 0, 0, 1
"c:\Users\MSI SWORD 15 A12V\source\repos\SoftWhatsAppCRMDash\SoftWhatsAppCRMDash\obj\Release\net8.0\PubTmp\Out\wwwroot\lib\highcharts\es-modules\Extensions\MarkerClusters\MarkerClusters.js", "JavaScript", 0, 107, 0, 0, 0, 0, 0, 0, 64, 1, 172
"c:\Users\MSI SWORD 15 A12V\source\repos\SoftWhatsAppCRMDash\SoftWhatsAppCRMDash\obj\Release\net8.0\PubTmp\Out\wwwroot\lib\highcharts\es-modules\Extensions\MarkerClusters\MarkerClusters.min.js", "JavaScript", 0, 1, 0, 0, 0, 0, 0, 0, 0, 0, 1
"c:\Users\MSI SWORD 15 A12V\source\repos\SoftWhatsAppCRMDash\SoftWhatsAppCRMDash\obj\Release\net8.0\PubTmp\Out\wwwroot\lib\highcharts\es-modules\Extensions\MouseWheelZoom\MouseWheelZoom.js", "JavaScript", 0, 83, 0, 0, 0, 0, 0, 0, 111, 1, 195
"c:\Users\MSI SWORD 15 A12V\source\repos\SoftWhatsAppCRMDash\SoftWhatsAppCRMDash\obj\Release\net8.0\PubTmp\Out\wwwroot\lib\highcharts\es-modules\Extensions\MouseWheelZoom\MouseWheelZoom.min.js", "JavaScript", 0, 1, 0, 0, 0, 0, 0, 0, 0, 0, 1
"c:\Users\MSI SWORD 15 A12V\source\repos\SoftWhatsAppCRMDash\SoftWhatsAppCRMDash\obj\Release\net8.0\PubTmp\Out\wwwroot\lib\highcharts\es-modules\Extensions\NoDataToDisplay\NoDataDefaults.js", "JavaScript", 0, 25, 0, 0, 0, 0, 0, 0, 103, 1, 129
"c:\Users\MSI SWORD 15 A12V\source\repos\SoftWhatsAppCRMDash\SoftWhatsAppCRMDash\obj\Release\net8.0\PubTmp\Out\wwwroot\lib\highcharts\es-modules\Extensions\NoDataToDisplay\NoDataDefaults.min.js", "JavaScript", 0, 1, 0, 0, 0, 0, 0, 0, 0, 0, 1
"c:\Users\MSI SWORD 15 A12V\source\repos\SoftWhatsAppCRMDash\SoftWhatsAppCRMDash\obj\Release\net8.0\PubTmp\Out\wwwroot\lib\highcharts\es-modules\Extensions\NoDataToDisplay\NoDataToDisplay.js", "JavaScript", 0, 60, 0, 0, 0, 0, 0, 0, 54, 1, 115
"c:\Users\MSI SWORD 15 A12V\source\repos\SoftWhatsAppCRMDash\SoftWhatsAppCRMDash\obj\Release\net8.0\PubTmp\Out\wwwroot\lib\highcharts\es-modules\Extensions\NoDataToDisplay\NoDataToDisplay.min.js", "JavaScript", 0, 1, 0, 0, 0, 0, 0, 0, 0, 0, 1
"c:\Users\MSI SWORD 15 A12V\source\repos\SoftWhatsAppCRMDash\SoftWhatsAppCRMDash\obj\Release\net8.0\PubTmp\Out\wwwroot\lib\highcharts\es-modules\Extensions\OfflineExporting\OfflineExporting.js", "JavaScript", 0, 453, 0, 0, 0, 0, 0, 0, 265, 1, 719
"c:\Users\MSI SWORD 15 A12V\source\repos\SoftWhatsAppCRMDash\SoftWhatsAppCRMDash\obj\Release\net8.0\PubTmp\Out\wwwroot\lib\highcharts\es-modules\Extensions\OfflineExporting\OfflineExporting.min.js", "JavaScript", 0, 1, 0, 0, 0, 0, 0, 0, 0, 0, 1
"c:\Users\MSI SWORD 15 A12V\source\repos\SoftWhatsAppCRMDash\SoftWhatsAppCRMDash\obj\Release\net8.0\PubTmp\Out\wwwroot\lib\highcharts\es-modules\Extensions\OfflineExporting\OfflineExportingDefaults.js", "JavaScript", 0, 37, 0, 0, 0, 0, 0, 0, 21, 1, 59
"c:\Users\MSI SWORD 15 A12V\source\repos\SoftWhatsAppCRMDash\SoftWhatsAppCRMDash\obj\Release\net8.0\PubTmp\Out\wwwroot\lib\highcharts\es-modules\Extensions\OfflineExporting\OfflineExportingDefaults.min.js", "JavaScript", 0, 1, 0, 0, 0, 0, 0, 0, 0, 0, 1
"c:\Users\MSI SWORD 15 A12V\source\repos\SoftWhatsAppCRMDash\SoftWhatsAppCRMDash\obj\Release\net8.0\PubTmp\Out\wwwroot\lib\highcharts\es-modules\Extensions\OverlappingDataLabels.js", "JavaScript", 0, 177, 0, 0, 0, 0, 0, 0, 76, 1, 254
"c:\Users\MSI SWORD 15 A12V\source\repos\SoftWhatsAppCRMDash\SoftWhatsAppCRMDash\obj\Release\net8.0\PubTmp\Out\wwwroot\lib\highcharts\es-modules\Extensions\OverlappingDataLabels.min.js", "JavaScript", 0, 1, 0, 0, 0, 0, 0, 0, 0, 0, 1
"c:\Users\MSI SWORD 15 A12V\source\repos\SoftWhatsAppCRMDash\SoftWhatsAppCRMDash\obj\Release\net8.0\PubTmp\Out\wwwroot\lib\highcharts\es-modules\Extensions\Pane\Pane.js", "JavaScript", 0, 85, 0, 0, 0, 0, 0, 0, 123, 1, 209
"c:\Users\MSI SWORD 15 A12V\source\repos\SoftWhatsAppCRMDash\SoftWhatsAppCRMDash\obj\Release\net8.0\PubTmp\Out\wwwroot\lib\highcharts\es-modules\Extensions\Pane\Pane.min.js", "JavaScript", 0, 1, 0, 0, 0, 0, 0, 0, 0, 0, 1
"c:\Users\MSI SWORD 15 A12V\source\repos\SoftWhatsAppCRMDash\SoftWhatsAppCRMDash\obj\Release\net8.0\PubTmp\Out\wwwroot\lib\highcharts\es-modules\Extensions\Pane\PaneComposition.js", "JavaScript", 0, 83, 0, 0, 0, 0, 0, 0, 49, 1, 133
"c:\Users\MSI SWORD 15 A12V\source\repos\SoftWhatsAppCRMDash\SoftWhatsAppCRMDash\obj\Release\net8.0\PubTmp\Out\wwwroot\lib\highcharts\es-modules\Extensions\Pane\PaneComposition.min.js", "JavaScript", 0, 1, 0, 0, 0, 0, 0, 0, 0, 0, 1
"c:\Users\MSI SWORD 15 A12V\source\repos\SoftWhatsAppCRMDash\SoftWhatsAppCRMDash\obj\Release\net8.0\PubTmp\Out\wwwroot\lib\highcharts\es-modules\Extensions\Pane\PaneDefaults.js", "JavaScript", 0, 29, 0, 0, 0, 0, 0, 0, 170, 1, 200
"c:\Users\MSI SWORD 15 A12V\source\repos\SoftWhatsAppCRMDash\SoftWhatsAppCRMDash\obj\Release\net8.0\PubTmp\Out\wwwroot\lib\highcharts\es-modules\Extensions\Pane\PaneDefaults.min.js", "JavaScript", 0, 1, 0, 0, 0, 0, 0, 0, 0, 0, 1
"c:\Users\MSI SWORD 15 A12V\source\repos\SoftWhatsAppCRMDash\SoftWhatsAppCRMDash\obj\Release\net8.0\PubTmp\Out\wwwroot\lib\highcharts\es-modules\Extensions\ParallelCoordinates\ParallelAxis.js", "JavaScript", 0, 87, 0, 0, 0, 0, 0, 0, 85, 1, 173
"c:\Users\MSI SWORD 15 A12V\source\repos\SoftWhatsAppCRMDash\SoftWhatsAppCRMDash\obj\Release\net8.0\PubTmp\Out\wwwroot\lib\highcharts\es-modules\Extensions\ParallelCoordinates\ParallelAxis.min.js", "JavaScript", 0, 1, 0, 0, 0, 0, 0, 0, 0, 0, 1
"c:\Users\MSI SWORD 15 A12V\source\repos\SoftWhatsAppCRMDash\SoftWhatsAppCRMDash\obj\Release\net8.0\PubTmp\Out\wwwroot\lib\highcharts\es-modules\Extensions\ParallelCoordinates\ParallelCoordinates.js", "JavaScript", 0, 90, 0, 0, 0, 0, 0, 0, 84, 1, 175
"c:\Users\MSI SWORD 15 A12V\source\repos\SoftWhatsAppCRMDash\SoftWhatsAppCRMDash\obj\Release\net8.0\PubTmp\Out\wwwroot\lib\highcharts\es-modules\Extensions\ParallelCoordinates\ParallelCoordinates.min.js", "JavaScript", 0, 1, 0, 0, 0, 0, 0, 0, 0, 0, 1
"c:\Users\MSI SWORD 15 A12V\source\repos\SoftWhatsAppCRMDash\SoftWhatsAppCRMDash\obj\Release\net8.0\PubTmp\Out\wwwroot\lib\highcharts\es-modules\Extensions\ParallelCoordinates\ParallelCoordinatesDefaults.js", "JavaScript", 0, 30, 0, 0, 0, 0, 0, 0, 112, 1, 143
"c:\Users\MSI SWORD 15 A12V\source\repos\SoftWhatsAppCRMDash\SoftWhatsAppCRMDash\obj\Release\net8.0\PubTmp\Out\wwwroot\lib\highcharts\es-modules\Extensions\ParallelCoordinates\ParallelCoordinatesDefaults.min.js", "JavaScript", 0, 1, 0, 0, 0, 0, 0, 0, 0, 0, 1
"c:\Users\MSI SWORD 15 A12V\source\repos\SoftWhatsAppCRMDash\SoftWhatsAppCRMDash\obj\Release\net8.0\PubTmp\Out\wwwroot\lib\highcharts\es-modules\Extensions\ParallelCoordinates\ParallelSeries.js", "JavaScript", 0, 105, 0, 0, 0, 0, 0, 0, 49, 1, 155
"c:\Users\MSI SWORD 15 A12V\source\repos\SoftWhatsAppCRMDash\SoftWhatsAppCRMDash\obj\Release\net8.0\PubTmp\Out\wwwroot\lib\highcharts\es-modules\Extensions\ParallelCoordinates\ParallelSeries.min.js", "JavaScript", 0, 1, 0, 0, 0, 0, 0, 0, 0, 0, 1
"c:\Users\MSI SWORD 15 A12V\source\repos\SoftWhatsAppCRMDash\SoftWhatsAppCRMDash\obj\Release\net8.0\PubTmp\Out\wwwroot\lib\highcharts\es-modules\Extensions\PatternFill.js", "JavaScript", 0, 425, 0, 0, 0, 0, 0, 0, 291, 1, 717
"c:\Users\MSI SWORD 15 A12V\source\repos\SoftWhatsAppCRMDash\SoftWhatsAppCRMDash\obj\Release\net8.0\PubTmp\Out\wwwroot\lib\highcharts\es-modules\Extensions\PatternFill.min.js", "JavaScript", 0, 1, 0, 0, 0, 0, 0, 0, 0, 0, 1
"c:\Users\MSI SWORD 15 A12V\source\repos\SoftWhatsAppCRMDash\SoftWhatsAppCRMDash\obj\Release\net8.0\PubTmp\Out\wwwroot\lib\highcharts\es-modules\Extensions\PriceIndication.js", "JavaScript", 0, 75, 0, 0, 0, 0, 0, 0, 251, 1, 327
"c:\Users\MSI SWORD 15 A12V\source\repos\SoftWhatsAppCRMDash\SoftWhatsAppCRMDash\obj\Release\net8.0\PubTmp\Out\wwwroot\lib\highcharts\es-modules\Extensions\PriceIndication.min.js", "JavaScript", 0, 1, 0, 0, 0, 0, 0, 0, 0, 0, 1
"c:\Users\MSI SWORD 15 A12V\source\repos\SoftWhatsAppCRMDash\SoftWhatsAppCRMDash\obj\Release\net8.0\PubTmp\Out\wwwroot\lib\highcharts\es-modules\Extensions\RegexLimits.js", "JavaScript", 0, 1, 0, 0, 0, 0, 0, 0, 0, 1, 2
"c:\Users\MSI SWORD 15 A12V\source\repos\SoftWhatsAppCRMDash\SoftWhatsAppCRMDash\obj\Release\net8.0\PubTmp\Out\wwwroot\lib\highcharts\es-modules\Extensions\RegexLimits.min.js", "JavaScript", 0, 0, 0, 0, 0, 0, 0, 0, 0, 1, 1
"c:\Users\MSI SWORD 15 A12V\source\repos\SoftWhatsAppCRMDash\SoftWhatsAppCRMDash\obj\Release\net8.0\PubTmp\Out\wwwroot\lib\highcharts\es-modules\Extensions\ScrollablePlotArea.js", "JavaScript", 0, 251, 0, 0, 0, 0, 0, 0, 124, 1, 376
"c:\Users\MSI SWORD 15 A12V\source\repos\SoftWhatsAppCRMDash\SoftWhatsAppCRMDash\obj\Release\net8.0\PubTmp\Out\wwwroot\lib\highcharts\es-modules\Extensions\ScrollablePlotArea.min.js", "JavaScript", 0, 1, 0, 0, 0, 0, 0, 0, 0, 0, 1
"c:\Users\MSI SWORD 15 A12V\source\repos\SoftWhatsAppCRMDash\SoftWhatsAppCRMDash\obj\Release\net8.0\PubTmp\Out\wwwroot\lib\highcharts\es-modules\Extensions\SeriesLabel\SeriesLabel.js", "JavaScript", 0, 495, 0, 0, 0, 0, 0, 0, 179, 1, 675
"c:\Users\MSI SWORD 15 A12V\source\repos\SoftWhatsAppCRMDash\SoftWhatsAppCRMDash\obj\Release\net8.0\PubTmp\Out\wwwroot\lib\highcharts\es-modules\Extensions\SeriesLabel\SeriesLabel.min.js", "JavaScript", 0, 1, 0, 0, 0, 0, 0, 0, 0, 0, 1
"c:\Users\MSI SWORD 15 A12V\source\repos\SoftWhatsAppCRMDash\SoftWhatsAppCRMDash\obj\Release\net8.0\PubTmp\Out\wwwroot\lib\highcharts\es-modules\Extensions\SeriesLabel\SeriesLabelDefaults.js", "JavaScript", 0, 18, 0, 0, 0, 0, 0, 0, 119, 1, 138
"c:\Users\MSI SWORD 15 A12V\source\repos\SoftWhatsAppCRMDash\SoftWhatsAppCRMDash\obj\Release\net8.0\PubTmp\Out\wwwroot\lib\highcharts\es-modules\Extensions\SeriesLabel\SeriesLabelDefaults.min.js", "JavaScript", 0, 1, 0, 0, 0, 0, 0, 0, 0, 0, 1
"c:\Users\MSI SWORD 15 A12V\source\repos\SoftWhatsAppCRMDash\SoftWhatsAppCRMDash\obj\Release\net8.0\PubTmp\Out\wwwroot\lib\highcharts\es-modules\Extensions\SeriesLabel\SeriesLabelUtilities.js", "JavaScript", 0, 27, 0, 0, 0, 0, 0, 0, 40, 1, 68
"c:\Users\MSI SWORD 15 A12V\source\repos\SoftWhatsAppCRMDash\SoftWhatsAppCRMDash\obj\Release\net8.0\PubTmp\Out\wwwroot\lib\highcharts\es-modules\Extensions\SeriesLabel\SeriesLabelUtilities.min.js", "JavaScript", 0, 1, 0, 0, 0, 0, 0, 0, 0, 0, 1
"c:\Users\MSI SWORD 15 A12V\source\repos\SoftWhatsAppCRMDash\SoftWhatsAppCRMDash\obj\Release\net8.0\PubTmp\Out\wwwroot\lib\highcharts\es-modules\Extensions\Sonification\InstrumentPresets.js", "JavaScript", 0, 828, 0, 0, 0, 0, 0, 0, 46, 1, 875
"c:\Users\MSI SWORD 15 A12V\source\repos\SoftWhatsAppCRMDash\SoftWhatsAppCRMDash\obj\Release\net8.0\PubTmp\Out\wwwroot\lib\highcharts\es-modules\Extensions\Sonification\InstrumentPresets.min.js", "JavaScript", 0, 1, 0, 0, 0, 0, 0, 0, 0, 0, 1
"c:\Users\MSI SWORD 15 A12V\source\repos\SoftWhatsAppCRMDash\SoftWhatsAppCRMDash\obj\Release\net8.0\PubTmp\Out\wwwroot\lib\highcharts\es-modules\Extensions\Sonification\MIDI.js", "JavaScript", 0, 121, 0, 0, 0, 0, 0, 0, 25, 1, 147
"c:\Users\MSI SWORD 15 A12V\source\repos\SoftWhatsAppCRMDash\SoftWhatsAppCRMDash\obj\Release\net8.0\PubTmp\Out\wwwroot\lib\highcharts\es-modules\Extensions\Sonification\MIDI.min.js", "JavaScript", 0, 1, 0, 0, 0, 0, 0, 0, 0, 0, 1
"c:\Users\MSI SWORD 15 A12V\source\repos\SoftWhatsAppCRMDash\SoftWhatsAppCRMDash\obj\Release\net8.0\PubTmp\Out\wwwroot\lib\highcharts\es-modules\Extensions\Sonification\Options.js", "JavaScript", 0, 81, 0, 0, 0, 0, 0, 0, 965, 1, 1047
"c:\Users\MSI SWORD 15 A12V\source\repos\SoftWhatsAppCRMDash\SoftWhatsAppCRMDash\obj\Release\net8.0\PubTmp\Out\wwwroot\lib\highcharts\es-modules\Extensions\Sonification\Options.min.js", "JavaScript", 0, 1, 0, 0, 0, 0, 0, 0, 0, 0, 1
"c:\Users\MSI SWORD 15 A12V\source\repos\SoftWhatsAppCRMDash\SoftWhatsAppCRMDash\obj\Release\net8.0\PubTmp\Out\wwwroot\lib\highcharts\es-modules\Extensions\Sonification\Scales.js", "JavaScript", 0, 23, 0, 0, 0, 0, 0, 0, 53, 1, 77
"c:\Users\MSI SWORD 15 A12V\source\repos\SoftWhatsAppCRMDash\SoftWhatsAppCRMDash\obj\Release\net8.0\PubTmp\Out\wwwroot\lib\highcharts\es-modules\Extensions\Sonification\Scales.min.js", "JavaScript", 0, 1, 0, 0, 0, 0, 0, 0, 0, 0, 1
"c:\Users\MSI SWORD 15 A12V\source\repos\SoftWhatsAppCRMDash\SoftWhatsAppCRMDash\obj\Release\net8.0\PubTmp\Out\wwwroot\lib\highcharts\es-modules\Extensions\Sonification\Sonification.js", "JavaScript", 0, 355, 0, 0, 0, 0, 0, 0, 300, 1, 656
"c:\Users\MSI SWORD 15 A12V\source\repos\SoftWhatsAppCRMDash\SoftWhatsAppCRMDash\obj\Release\net8.0\PubTmp\Out\wwwroot\lib\highcharts\es-modules\Extensions\Sonification\Sonification.min.js", "JavaScript", 0, 1, 0, 0, 0, 0, 0, 0, 0, 0, 1
"c:\Users\MSI SWORD 15 A12V\source\repos\SoftWhatsAppCRMDash\SoftWhatsAppCRMDash\obj\Release\net8.0\PubTmp\Out\wwwroot\lib\highcharts\es-modules\Extensions\Sonification\SonificationInstrument.js", "JavaScript", 0, 180, 0, 0, 0, 0, 0, 0, 186, 1, 367
"c:\Users\MSI SWORD 15 A12V\source\repos\SoftWhatsAppCRMDash\SoftWhatsAppCRMDash\obj\Release\net8.0\PubTmp\Out\wwwroot\lib\highcharts\es-modules\Extensions\Sonification\SonificationInstrument.min.js", "JavaScript", 0, 1, 0, 0, 0, 0, 0, 0, 0, 0, 1
"c:\Users\MSI SWORD 15 A12V\source\repos\SoftWhatsAppCRMDash\SoftWhatsAppCRMDash\obj\Release\net8.0\PubTmp\Out\wwwroot\lib\highcharts\es-modules\Extensions\Sonification\SonificationSpeaker.js", "JavaScript", 0, 69, 0, 0, 0, 0, 0, 0, 99, 1, 169
"c:\Users\MSI SWORD 15 A12V\source\repos\SoftWhatsAppCRMDash\SoftWhatsAppCRMDash\obj\Release\net8.0\PubTmp\Out\wwwroot\lib\highcharts\es-modules\Extensions\Sonification\SonificationSpeaker.min.js", "JavaScript", 0, 1, 0, 0, 0, 0, 0, 0, 0, 0, 1
"c:\Users\MSI SWORD 15 A12V\source\repos\SoftWhatsAppCRMDash\SoftWhatsAppCRMDash\obj\Release\net8.0\PubTmp\Out\wwwroot\lib\highcharts\es-modules\Extensions\Sonification\SonificationTimeline.js", "JavaScript", 0, 394, 0, 0, 0, 0, 0, 0, 82, 1, 477
"c:\Users\MSI SWORD 15 A12V\source\repos\SoftWhatsAppCRMDash\SoftWhatsAppCRMDash\obj\Release\net8.0\PubTmp\Out\wwwroot\lib\highcharts\es-modules\Extensions\Sonification\SonificationTimeline.min.js", "JavaScript", 0, 1, 0, 0, 0, 0, 0, 0, 0, 0, 1
"c:\Users\MSI SWORD 15 A12V\source\repos\SoftWhatsAppCRMDash\SoftWhatsAppCRMDash\obj\Release\net8.0\PubTmp\Out\wwwroot\lib\highcharts\es-modules\Extensions\Sonification\SynthPatch.js", "JavaScript", 0, 408, 0, 0, 0, 0, 0, 0, 283, 1, 692
"c:\Users\MSI SWORD 15 A12V\source\repos\SoftWhatsAppCRMDash\SoftWhatsAppCRMDash\obj\Release\net8.0\PubTmp\Out\wwwroot\lib\highcharts\es-modules\Extensions\Sonification\SynthPatch.min.js", "JavaScript", 0, 1, 0, 0, 0, 0, 0, 0, 0, 0, 1
"c:\Users\MSI SWORD 15 A12V\source\repos\SoftWhatsAppCRMDash\SoftWhatsAppCRMDash\obj\Release\net8.0\PubTmp\Out\wwwroot\lib\highcharts\es-modules\Extensions\Sonification\TimelineChannel.js", "JavaScript", 0, 42, 0, 0, 0, 0, 0, 0, 52, 1, 95
"c:\Users\MSI SWORD 15 A12V\source\repos\SoftWhatsAppCRMDash\SoftWhatsAppCRMDash\obj\Release\net8.0\PubTmp\Out\wwwroot\lib\highcharts\es-modules\Extensions\Sonification\TimelineChannel.min.js", "JavaScript", 0, 1, 0, 0, 0, 0, 0, 0, 0, 0, 1
"c:\Users\MSI SWORD 15 A12V\source\repos\SoftWhatsAppCRMDash\SoftWhatsAppCRMDash\obj\Release\net8.0\PubTmp\Out\wwwroot\lib\highcharts\es-modules\Extensions\Sonification\TimelineFromChart.js", "JavaScript", 0, 635, 0, 0, 0, 0, 0, 0, 102, 1, 738
"c:\Users\MSI SWORD 15 A12V\source\repos\SoftWhatsAppCRMDash\SoftWhatsAppCRMDash\obj\Release\net8.0\PubTmp\Out\wwwroot\lib\highcharts\es-modules\Extensions\Sonification\TimelineFromChart.min.js", "JavaScript", 0, 1, 0, 0, 0, 0, 0, 0, 0, 0, 1
"c:\Users\MSI SWORD 15 A12V\source\repos\SoftWhatsAppCRMDash\SoftWhatsAppCRMDash\obj\Release\net8.0\PubTmp\Out\wwwroot\lib\highcharts\es-modules\Extensions\StaticScale.js", "JavaScript", 0, 58, 0, 0, 0, 0, 0, 0, 46, 1, 105
"c:\Users\MSI SWORD 15 A12V\source\repos\SoftWhatsAppCRMDash\SoftWhatsAppCRMDash\obj\Release\net8.0\PubTmp\Out\wwwroot\lib\highcharts\es-modules\Extensions\StaticScale.min.js", "JavaScript", 0, 1, 0, 0, 0, 0, 0, 0, 0, 0, 1
"c:\Users\MSI SWORD 15 A12V\source\repos\SoftWhatsAppCRMDash\SoftWhatsAppCRMDash\obj\Release\net8.0\PubTmp\Out\wwwroot\lib\highcharts\es-modules\Extensions\TextPath.js", "JavaScript", 0, 153, 0, 0, 0, 0, 0, 0, 74, 1, 228
"c:\Users\MSI SWORD 15 A12V\source\repos\SoftWhatsAppCRMDash\SoftWhatsAppCRMDash\obj\Release\net8.0\PubTmp\Out\wwwroot\lib\highcharts\es-modules\Extensions\TextPath.min.js", "JavaScript", 0, 1, 0, 0, 0, 0, 0, 0, 0, 0, 1
"c:\Users\MSI SWORD 15 A12V\source\repos\SoftWhatsAppCRMDash\SoftWhatsAppCRMDash\obj\Release\net8.0\PubTmp\Out\wwwroot\lib\highcharts\es-modules\Extensions\Themes\Avocado.js", "JavaScript", 0, 30, 0, 0, 0, 0, 0, 0, 37, 1, 68
"c:\Users\MSI SWORD 15 A12V\source\repos\SoftWhatsAppCRMDash\SoftWhatsAppCRMDash\obj\Release\net8.0\PubTmp\Out\wwwroot\lib\highcharts\es-modules\Extensions\Themes\Avocado.min.js", "JavaScript", 0, 1, 0, 0, 0, 0, 0, 0, 0, 0, 1
"c:\Users\MSI SWORD 15 A12V\source\repos\SoftWhatsAppCRMDash\SoftWhatsAppCRMDash\obj\Release\net8.0\PubTmp\Out\wwwroot\lib\highcharts\es-modules\Extensions\Themes\BrandDark.js", "JavaScript", 0, 262, 0, 0, 0, 0, 0, 0, 39, 1, 302
"c:\Users\MSI SWORD 15 A12V\source\repos\SoftWhatsAppCRMDash\SoftWhatsAppCRMDash\obj\Release\net8.0\PubTmp\Out\wwwroot\lib\highcharts\es-modules\Extensions\Themes\BrandDark.min.js", "JavaScript", 0, 1, 0, 0, 0, 0, 0, 0, 0, 0, 1
"c:\Users\MSI SWORD 15 A12V\source\repos\SoftWhatsAppCRMDash\SoftWhatsAppCRMDash\obj\Release\net8.0\PubTmp\Out\wwwroot\lib\highcharts\es-modules\Extensions\Themes\BrandLight.js", "JavaScript", 0, 217, 0, 0, 0, 0, 0, 0, 39, 1, 257
"c:\Users\MSI SWORD 15 A12V\source\repos\SoftWhatsAppCRMDash\SoftWhatsAppCRMDash\obj\Release\net8.0\PubTmp\Out\wwwroot\lib\highcharts\es-modules\Extensions\Themes\BrandLight.min.js", "JavaScript", 0, 1, 0, 0, 0, 0, 0, 0, 0, 0, 1
"c:\Users\MSI SWORD 15 A12V\source\repos\SoftWhatsAppCRMDash\SoftWhatsAppCRMDash\obj\Release\net8.0\PubTmp\Out\wwwroot\lib\highcharts\es-modules\Extensions\Themes\DarkBlue.js", "JavaScript", 0, 240, 0, 0, 0, 0, 0, 0, 35, 1, 276
"c:\Users\MSI SWORD 15 A12V\source\repos\SoftWhatsAppCRMDash\SoftWhatsAppCRMDash\obj\Release\net8.0\PubTmp\Out\wwwroot\lib\highcharts\es-modules\Extensions\Themes\DarkBlue.min.js", "JavaScript", 0, 1, 0, 0, 0, 0, 0, 0, 0, 0, 1
"c:\Users\MSI SWORD 15 A12V\source\repos\SoftWhatsAppCRMDash\SoftWhatsAppCRMDash\obj\Release\net8.0\PubTmp\Out\wwwroot\lib\highcharts\es-modules\Extensions\Themes\DarkGreen.js", "JavaScript", 0, 240, 0, 0, 0, 0, 0, 0, 35, 1, 276
"c:\Users\MSI SWORD 15 A12V\source\repos\SoftWhatsAppCRMDash\SoftWhatsAppCRMDash\obj\Release\net8.0\PubTmp\Out\wwwroot\lib\highcharts\es-modules\Extensions\Themes\DarkGreen.min.js", "JavaScript", 0, 1, 0, 0, 0, 0, 0, 0, 0, 0, 1
"c:\Users\MSI SWORD 15 A12V\source\repos\SoftWhatsAppCRMDash\SoftWhatsAppCRMDash\obj\Release\net8.0\PubTmp\Out\wwwroot\lib\highcharts\es-modules\Extensions\Themes\DarkUnica.js", "JavaScript", 0, 207, 0, 0, 0, 0, 0, 0, 37, 1, 245
"c:\Users\MSI SWORD 15 A12V\source\repos\SoftWhatsAppCRMDash\SoftWhatsAppCRMDash\obj\Release\net8.0\PubTmp\Out\wwwroot\lib\highcharts\es-modules\Extensions\Themes\DarkUnica.min.js", "JavaScript", 0, 1, 0, 0, 0, 0, 0, 0, 0, 0, 1
"c:\Users\MSI SWORD 15 A12V\source\repos\SoftWhatsAppCRMDash\SoftWhatsAppCRMDash\obj\Release\net8.0\PubTmp\Out\wwwroot\lib\highcharts\es-modules\Extensions\Themes\Gray.js", "JavaScript", 0, 249, 0, 0, 0, 0, 0, 0, 35, 1, 285
"c:\Users\MSI SWORD 15 A12V\source\repos\SoftWhatsAppCRMDash\SoftWhatsAppCRMDash\obj\Release\net8.0\PubTmp\Out\wwwroot\lib\highcharts\es-modules\Extensions\Themes\Gray.min.js", "JavaScript", 0, 1, 0, 0, 0, 0, 0, 0, 0, 0, 1
"c:\Users\MSI SWORD 15 A12V\source\repos\SoftWhatsAppCRMDash\SoftWhatsAppCRMDash\obj\Release\net8.0\PubTmp\Out\wwwroot\lib\highcharts\es-modules\Extensions\Themes\Grid.js", "JavaScript", 0, 101, 0, 0, 0, 0, 0, 0, 34, 1, 136
"c:\Users\MSI SWORD 15 A12V\source\repos\SoftWhatsAppCRMDash\SoftWhatsAppCRMDash\obj\Release\net8.0\PubTmp\Out\wwwroot\lib\highcharts\es-modules\Extensions\Themes\Grid.min.js", "JavaScript", 0, 1, 0, 0, 0, 0, 0, 0, 0, 0, 1
"c:\Users\MSI SWORD 15 A12V\source\repos\SoftWhatsAppCRMDash\SoftWhatsAppCRMDash\obj\Release\net8.0\PubTmp\Out\wwwroot\lib\highcharts\es-modules\Extensions\Themes\GridLight.js", "JavaScript", 0, 75, 0, 0, 0, 0, 0, 0, 36, 1, 112
"c:\Users\MSI SWORD 15 A12V\source\repos\SoftWhatsAppCRMDash\SoftWhatsAppCRMDash\obj\Release\net8.0\PubTmp\Out\wwwroot\lib\highcharts\es-modules\Extensions\Themes\GridLight.min.js", "JavaScript", 0, 1, 0, 0, 0, 0, 0, 0, 0, 0, 1
"c:\Users\MSI SWORD 15 A12V\source\repos\SoftWhatsAppCRMDash\SoftWhatsAppCRMDash\obj\Release\net8.0\PubTmp\Out\wwwroot\lib\highcharts\es-modules\Extensions\Themes\HighContrastDark.js", "JavaScript", 0, 196, 0, 0, 0, 0, 0, 0, 38, 1, 235
"c:\Users\MSI SWORD 15 A12V\source\repos\SoftWhatsAppCRMDash\SoftWhatsAppCRMDash\obj\Release\net8.0\PubTmp\Out\wwwroot\lib\highcharts\es-modules\Extensions\Themes\HighContrastDark.min.js", "JavaScript", 0, 1, 0, 0, 0, 0, 0, 0, 0, 0, 1
"c:\Users\MSI SWORD 15 A12V\source\repos\SoftWhatsAppCRMDash\SoftWhatsAppCRMDash\obj\Release\net8.0\PubTmp\Out\wwwroot\lib\highcharts\es-modules\Extensions\Themes\HighContrastLight.js", "JavaScript", 0, 36, 0, 0, 0, 0, 0, 0, 38, 1, 75
"c:\Users\MSI SWORD 15 A12V\source\repos\SoftWhatsAppCRMDash\SoftWhatsAppCRMDash\obj\Release\net8.0\PubTmp\Out\wwwroot\lib\highcharts\es-modules\Extensions\Themes\HighContrastLight.min.js", "JavaScript", 0, 1, 0, 0, 0, 0, 0, 0, 0, 0, 1
"c:\Users\MSI SWORD 15 A12V\source\repos\SoftWhatsAppCRMDash\SoftWhatsAppCRMDash\obj\Release\net8.0\PubTmp\Out\wwwroot\lib\highcharts\es-modules\Extensions\Themes\SandSignika.js", "JavaScript", 0, 102, 0, 0, 0, 0, 0, 0, 39, 1, 142
"c:\Users\MSI SWORD 15 A12V\source\repos\SoftWhatsAppCRMDash\SoftWhatsAppCRMDash\obj\Release\net8.0\PubTmp\Out\wwwroot\lib\highcharts\es-modules\Extensions\Themes\SandSignika.min.js", "JavaScript", 0, 1, 0, 0, 0, 0, 0, 0, 0, 0, 1
"c:\Users\MSI SWORD 15 A12V\source\repos\SoftWhatsAppCRMDash\SoftWhatsAppCRMDash\obj\Release\net8.0\PubTmp\Out\wwwroot\lib\highcharts\es-modules\Extensions\Themes\Skies.js", "JavaScript", 0, 94, 0, 0, 0, 0, 0, 0, 34, 1, 129
"c:\Users\MSI SWORD 15 A12V\source\repos\SoftWhatsAppCRMDash\SoftWhatsAppCRMDash\obj\Release\net8.0\PubTmp\Out\wwwroot\lib\highcharts\es-modules\Extensions\Themes\Skies.min.js", "JavaScript", 0, 1, 0, 0, 0, 0, 0, 0, 0, 0, 1
"c:\Users\MSI SWORD 15 A12V\source\repos\SoftWhatsAppCRMDash\SoftWhatsAppCRMDash\obj\Release\net8.0\PubTmp\Out\wwwroot\lib\highcharts\es-modules\Extensions\Themes\Sunset.js", "JavaScript", 0, 29, 0, 0, 0, 0, 0, 0, 37, 1, 67
"c:\Users\MSI SWORD 15 A12V\source\repos\SoftWhatsAppCRMDash\SoftWhatsAppCRMDash\obj\Release\net8.0\PubTmp\Out\wwwroot\lib\highcharts\es-modules\Extensions\Themes\Sunset.min.js", "JavaScript", 0, 1, 0, 0, 0, 0, 0, 0, 0, 0, 1
"c:\Users\MSI SWORD 15 A12V\source\repos\SoftWhatsAppCRMDash\SoftWhatsAppCRMDash\obj\Release\net8.0\PubTmp\Out\wwwroot\lib\highcharts\es-modules\Gantt\Connection.js", "JavaScript", 0, 183, 0, 0, 0, 0, 0, 0, 169, 1, 353
"c:\Users\MSI SWORD 15 A12V\source\repos\SoftWhatsAppCRMDash\SoftWhatsAppCRMDash\obj\Release\net8.0\PubTmp\Out\wwwroot\lib\highcharts\es-modules\Gantt\Connection.min.js", "JavaScript", 0, 1, 0, 0, 0, 0, 0, 0, 0, 0, 1
"c:\Users\MSI SWORD 15 A12V\source\repos\SoftWhatsAppCRMDash\SoftWhatsAppCRMDash\obj\Release\net8.0\PubTmp\Out\wwwroot\lib\highcharts\es-modules\Gantt\ConnectorsDefaults.js", "JavaScript", 0, 23, 0, 0, 0, 0, 0, 0, 261, 1, 285
"c:\Users\MSI SWORD 15 A12V\source\repos\SoftWhatsAppCRMDash\SoftWhatsAppCRMDash\obj\Release\net8.0\PubTmp\Out\wwwroot\lib\highcharts\es-modules\Gantt\ConnectorsDefaults.min.js", "JavaScript", 0, 1, 0, 0, 0, 0, 0, 0, 0, 0, 1
"c:\Users\MSI SWORD 15 A12V\source\repos\SoftWhatsAppCRMDash\SoftWhatsAppCRMDash\obj\Release\net8.0\PubTmp\Out\wwwroot\lib\highcharts\es-modules\Gantt\Legacy.js", "JavaScript", 0, 52, 0, 0, 0, 0, 0, 0, 64, 1, 117
"c:\Users\MSI SWORD 15 A12V\source\repos\SoftWhatsAppCRMDash\SoftWhatsAppCRMDash\obj\Release\net8.0\PubTmp\Out\wwwroot\lib\highcharts\es-modules\Gantt\Legacy.min.js", "JavaScript", 0, 1, 0, 0, 0, 0, 0, 0, 0, 0, 1
"c:\Users\MSI SWORD 15 A12V\source\repos\SoftWhatsAppCRMDash\SoftWhatsAppCRMDash\obj\Release\net8.0\PubTmp\Out\wwwroot\lib\highcharts\es-modules\Gantt\Pathfinder.js", "JavaScript", 0, 226, 0, 0, 0, 0, 0, 0, 216, 1, 443
"c:\Users\MSI SWORD 15 A12V\source\repos\SoftWhatsAppCRMDash\SoftWhatsAppCRMDash\obj\Release\net8.0\PubTmp\Out\wwwroot\lib\highcharts\es-modules\Gantt\Pathfinder.min.js", "JavaScript", 0, 1, 0, 0, 0, 0, 0, 0, 0, 0, 1
"c:\Users\MSI SWORD 15 A12V\source\repos\SoftWhatsAppCRMDash\SoftWhatsAppCRMDash\obj\Release\net8.0\PubTmp\Out\wwwroot\lib\highcharts\es-modules\Gantt\PathfinderAlgorithms.js", "JavaScript", 0, 358, 0, 0, 0, 0, 0, 0, 320, 1, 679
"c:\Users\MSI SWORD 15 A12V\source\repos\SoftWhatsAppCRMDash\SoftWhatsAppCRMDash\obj\Release\net8.0\PubTmp\Out\wwwroot\lib\highcharts\es-modules\Gantt\PathfinderAlgorithms.min.js", "JavaScript", 0, 1, 0, 0, 0, 0, 0, 0, 0, 0, 1
"c:\Users\MSI SWORD 15 A12V\source\repos\SoftWhatsAppCRMDash\SoftWhatsAppCRMDash\obj\Release\net8.0\PubTmp\Out\wwwroot\lib\highcharts\es-modules\Gantt\PathfinderComposition.js", "JavaScript", 0, 141, 0, 0, 0, 0, 0, 0, 107, 1, 249
"c:\Users\MSI SWORD 15 A12V\source\repos\SoftWhatsAppCRMDash\SoftWhatsAppCRMDash\obj\Release\net8.0\PubTmp\Out\wwwroot\lib\highcharts\es-modules\Gantt\PathfinderComposition.min.js", "JavaScript", 0, 1, 0, 0, 0, 0, 0, 0, 0, 0, 1
"c:\Users\MSI SWORD 15 A12V\source\repos\SoftWhatsAppCRMDash\SoftWhatsAppCRMDash\obj\Release\net8.0\PubTmp\Out\wwwroot\lib\highcharts\es-modules\Gantt\Tree.js", "JavaScript", 0, 76, 0, 0, 0, 0, 0, 0, 48, 1, 125
"c:\Users\MSI SWORD 15 A12V\source\repos\SoftWhatsAppCRMDash\SoftWhatsAppCRMDash\obj\Release\net8.0\PubTmp\Out\wwwroot\lib\highcharts\es-modules\Gantt\Tree.min.js", "JavaScript", 0, 1, 0, 0, 0, 0, 0, 0, 0, 0, 1
"c:\Users\MSI SWORD 15 A12V\source\repos\SoftWhatsAppCRMDash\SoftWhatsAppCRMDash\obj\Release\net8.0\PubTmp\Out\wwwroot\lib\highcharts\es-modules\Maps\GeoJSONComposition.js", "JavaScript", 0, 212, 0, 0, 0, 0, 0, 0, 297, 1, 510
"c:\Users\MSI SWORD 15 A12V\source\repos\SoftWhatsAppCRMDash\SoftWhatsAppCRMDash\obj\Release\net8.0\PubTmp\Out\wwwroot\lib\highcharts\es-modules\Maps\GeoJSONComposition.min.js", "JavaScript", 0, 1, 0, 0, 0, 0, 0, 0, 0, 0, 1
"c:\Users\MSI SWORD 15 A12V\source\repos\SoftWhatsAppCRMDash\SoftWhatsAppCRMDash\obj\Release\net8.0\PubTmp\Out\wwwroot\lib\highcharts\es-modules\Maps\MapNavigation.js", "JavaScript", 0, 173, 0, 0, 0, 0, 0, 0, 107, 1, 281
"c:\Users\MSI SWORD 15 A12V\source\repos\SoftWhatsAppCRMDash\SoftWhatsAppCRMDash\obj\Release\net8.0\PubTmp\Out\wwwroot\lib\highcharts\es-modules\Maps\MapNavigation.min.js", "JavaScript", 0, 1, 0, 0, 0, 0, 0, 0, 0, 0, 1
"c:\Users\MSI SWORD 15 A12V\source\repos\SoftWhatsAppCRMDash\SoftWhatsAppCRMDash\obj\Release\net8.0\PubTmp\Out\wwwroot\lib\highcharts\es-modules\Maps\MapNavigationDefaults.js", "JavaScript", 0, 49, 0, 0, 0, 0, 0, 0, 214, 1, 264
"c:\Users\MSI SWORD 15 A12V\source\repos\SoftWhatsAppCRMDash\SoftWhatsAppCRMDash\obj\Release\net8.0\PubTmp\Out\wwwroot\lib\highcharts\es-modules\Maps\MapNavigationDefaults.min.js", "JavaScript", 0, 1, 0, 0, 0, 0, 0, 0, 0, 0, 1
"c:\Users\MSI SWORD 15 A12V\source\repos\SoftWhatsAppCRMDash\SoftWhatsAppCRMDash\obj\Release\net8.0\PubTmp\Out\wwwroot\lib\highcharts\es-modules\Maps\MapPointer.js", "JavaScript", 0, 76, 0, 0, 0, 0, 0, 0, 60, 1, 137
"c:\Users\MSI SWORD 15 A12V\source\repos\SoftWhatsAppCRMDash\SoftWhatsAppCRMDash\obj\Release\net8.0\PubTmp\Out\wwwroot\lib\highcharts\es-modules\Maps\MapPointer.min.js", "JavaScript", 0, 1, 0, 0, 0, 0, 0, 0, 0, 0, 1
"c:\Users\MSI SWORD 15 A12V\source\repos\SoftWhatsAppCRMDash\SoftWhatsAppCRMDash\obj\Release\net8.0\PubTmp\Out\wwwroot\lib\highcharts\es-modules\Maps\MapSymbols.js", "JavaScript", 0, 26, 0, 0, 0, 0, 0, 0, 33, 1, 60
"c:\Users\MSI SWORD 15 A12V\source\repos\SoftWhatsAppCRMDash\SoftWhatsAppCRMDash\obj\Release\net8.0\PubTmp\Out\wwwroot\lib\highcharts\es-modules\Maps\MapSymbols.min.js", "JavaScript", 0, 1, 0, 0, 0, 0, 0, 0, 0, 0, 1
"c:\Users\MSI SWORD 15 A12V\source\repos\SoftWhatsAppCRMDash\SoftWhatsAppCRMDash\obj\Release\net8.0\PubTmp\Out\wwwroot\lib\highcharts\es-modules\Maps\MapUtilities.js", "JavaScript", 0, 22, 0, 0, 0, 0, 0, 0, 15, 1, 38
"c:\Users\MSI SWORD 15 A12V\source\repos\SoftWhatsAppCRMDash\SoftWhatsAppCRMDash\obj\Release\net8.0\PubTmp\Out\wwwroot\lib\highcharts\es-modules\Maps\MapUtilities.min.js", "JavaScript", 0, 1, 0, 0, 0, 0, 0, 0, 0, 0, 1
"c:\Users\MSI SWORD 15 A12V\source\repos\SoftWhatsAppCRMDash\SoftWhatsAppCRMDash\obj\Release\net8.0\PubTmp\Out\wwwroot\lib\highcharts\es-modules\Maps\MapView.js", "JavaScript", 0, 703, 0, 0, 0, 0, 0, 0, 403, 1, 1107
"c:\Users\MSI SWORD 15 A12V\source\repos\SoftWhatsAppCRMDash\SoftWhatsAppCRMDash\obj\Release\net8.0\PubTmp\Out\wwwroot\lib\highcharts\es-modules\Maps\MapView.min.js", "JavaScript", 0, 1, 0, 0, 0, 0, 0, 0, 0, 0, 1
"c:\Users\MSI SWORD 15 A12V\source\repos\SoftWhatsAppCRMDash\SoftWhatsAppCRMDash\obj\Release\net8.0\PubTmp\Out\wwwroot\lib\highcharts\es-modules\Maps\MapViewDefaults.js", "JavaScript", 0, 21, 0, 0, 0, 0, 0, 0, 282, 1, 304
"c:\Users\MSI SWORD 15 A12V\source\repos\SoftWhatsAppCRMDash\SoftWhatsAppCRMDash\obj\Release\net8.0\PubTmp\Out\wwwroot\lib\highcharts\es-modules\Maps\MapViewDefaults.min.js", "JavaScript", 0, 1, 0, 0, 0, 0, 0, 0, 0, 0, 1
"c:\Users\MSI SWORD 15 A12V\source\repos\SoftWhatsAppCRMDash\SoftWhatsAppCRMDash\obj\Release\net8.0\PubTmp\Out\wwwroot\lib\highcharts\es-modules\Maps\Projection.js", "JavaScript", 0, 402, 0, 0, 0, 0, 0, 0, 174, 1, 577
"c:\Users\MSI SWORD 15 A12V\source\repos\SoftWhatsAppCRMDash\SoftWhatsAppCRMDash\obj\Release\net8.0\PubTmp\Out\wwwroot\lib\highcharts\es-modules\Maps\Projection.min.js", "JavaScript", 0, 1, 0, 0, 0, 0, 0, 0, 0, 0, 1
"c:\Users\MSI SWORD 15 A12V\source\repos\SoftWhatsAppCRMDash\SoftWhatsAppCRMDash\obj\Release\net8.0\PubTmp\Out\wwwroot\lib\highcharts\es-modules\Maps\Projections\EqualEarth.js", "JavaScript", 0, 43, 0, 0, 0, 0, 0, 0, 35, 1, 79
"c:\Users\MSI SWORD 15 A12V\source\repos\SoftWhatsAppCRMDash\SoftWhatsAppCRMDash\obj\Release\net8.0\PubTmp\Out\wwwroot\lib\highcharts\es-modules\Maps\Projections\EqualEarth.min.js", "JavaScript", 0, 1, 0, 0, 0, 0, 0, 0, 0, 0, 1
"c:\Users\MSI SWORD 15 A12V\source\repos\SoftWhatsAppCRMDash\SoftWhatsAppCRMDash\obj\Release\net8.0\PubTmp\Out\wwwroot\lib\highcharts\es-modules\Maps\Projections\LambertConformalConic.js", "JavaScript", 0, 54, 0, 0, 0, 0, 0, 0, 29, 1, 84
"c:\Users\MSI SWORD 15 A12V\source\repos\SoftWhatsAppCRMDash\SoftWhatsAppCRMDash\obj\Release\net8.0\PubTmp\Out\wwwroot\lib\highcharts\es-modules\Maps\Projections\LambertConformalConic.min.js", "JavaScript", 0, 1, 0, 0, 0, 0, 0, 0, 0, 0, 1
"c:\Users\MSI SWORD 15 A12V\source\repos\SoftWhatsAppCRMDash\SoftWhatsAppCRMDash\obj\Release\net8.0\PubTmp\Out\wwwroot\lib\highcharts\es-modules\Maps\Projections\Miller.js", "JavaScript", 0, 25, 0, 0, 0, 0, 0, 0, 28, 1, 54
"c:\Users\MSI SWORD 15 A12V\source\repos\SoftWhatsAppCRMDash\SoftWhatsAppCRMDash\obj\Release\net8.0\PubTmp\Out\wwwroot\lib\highcharts\es-modules\Maps\Projections\Miller.min.js", "JavaScript", 0, 1, 0, 0, 0, 0, 0, 0, 0, 0, 1
"c:\Users\MSI SWORD 15 A12V\source\repos\SoftWhatsAppCRMDash\SoftWhatsAppCRMDash\obj\Release\net8.0\PubTmp\Out\wwwroot\lib\highcharts\es-modules\Maps\Projections\Orthographic.js", "JavaScript", 0, 31, 0, 0, 0, 0, 0, 0, 28, 1, 60
"c:\Users\MSI SWORD 15 A12V\source\repos\SoftWhatsAppCRMDash\SoftWhatsAppCRMDash\obj\Release\net8.0\PubTmp\Out\wwwroot\lib\highcharts\es-modules\Maps\Projections\Orthographic.min.js", "JavaScript", 0, 1, 0, 0, 0, 0, 0, 0, 0, 0, 1
"c:\Users\MSI SWORD 15 A12V\source\repos\SoftWhatsAppCRMDash\SoftWhatsAppCRMDash\obj\Release\net8.0\PubTmp\Out\wwwroot\lib\highcharts\es-modules\Maps\Projections\ProjectionRegistry.js", "JavaScript", 0, 14, 0, 0, 0, 0, 0, 0, 20, 1, 35
"c:\Users\MSI SWORD 15 A12V\source\repos\SoftWhatsAppCRMDash\SoftWhatsAppCRMDash\obj\Release\net8.0\PubTmp\Out\wwwroot\lib\highcharts\es-modules\Maps\Projections\ProjectionRegistry.min.js", "JavaScript", 0, 1, 0, 0, 0, 0, 0, 0, 0, 0, 1
"c:\Users\MSI SWORD 15 A12V\source\repos\SoftWhatsAppCRMDash\SoftWhatsAppCRMDash\obj\Release\net8.0\PubTmp\Out\wwwroot\lib\highcharts\es-modules\Maps\Projections\WebMercator.js", "JavaScript", 0, 30, 0, 0, 0, 0, 0, 0, 28, 1, 59
"c:\Users\MSI SWORD 15 A12V\source\repos\SoftWhatsAppCRMDash\SoftWhatsAppCRMDash\obj\Release\net8.0\PubTmp\Out\wwwroot\lib\highcharts\es-modules\Maps\Projections\WebMercator.min.js", "JavaScript", 0, 1, 0, 0, 0, 0, 0, 0, 0, 0, 1
"c:\Users\MSI SWORD 15 A12V\source\repos\SoftWhatsAppCRMDash\SoftWhatsAppCRMDash\obj\Release\net8.0\PubTmp\Out\wwwroot\lib\highcharts\es-modules\Maps\TilesProviders\Esri.js", "JavaScript", 0, 73, 0, 0, 0, 0, 0, 0, 18, 1, 92
"c:\Users\MSI SWORD 15 A12V\source\repos\SoftWhatsAppCRMDash\SoftWhatsAppCRMDash\obj\Release\net8.0\PubTmp\Out\wwwroot\lib\highcharts\es-modules\Maps\TilesProviders\Esri.min.js", "JavaScript", 0, 1, 0, 0, 0, 0, 0, 0, 0, 0, 1
"c:\Users\MSI SWORD 15 A12V\source\repos\SoftWhatsAppCRMDash\SoftWhatsAppCRMDash\obj\Release\net8.0\PubTmp\Out\wwwroot\lib\highcharts\es-modules\Maps\TilesProviders\LimaLabs.js", "JavaScript", 0, 17, 0, 0, 0, 0, 0, 0, 18, 1, 36
"c:\Users\MSI SWORD 15 A12V\source\repos\SoftWhatsAppCRMDash\SoftWhatsAppCRMDash\obj\Release\net8.0\PubTmp\Out\wwwroot\lib\highcharts\es-modules\Maps\TilesProviders\LimaLabs.min.js", "JavaScript", 0, 1, 0, 0, 0, 0, 0, 0, 0, 0, 1
"c:\Users\MSI SWORD 15 A12V\source\repos\SoftWhatsAppCRMDash\SoftWhatsAppCRMDash\obj\Release\net8.0\PubTmp\Out\wwwroot\lib\highcharts\es-modules\Maps\TilesProviders\OpenStreetMap.js", "JavaScript", 0, 31, 0, 0, 0, 0, 0, 0, 18, 1, 50
"c:\Users\MSI SWORD 15 A12V\source\repos\SoftWhatsAppCRMDash\SoftWhatsAppCRMDash\obj\Release\net8.0\PubTmp\Out\wwwroot\lib\highcharts\es-modules\Maps\TilesProviders\OpenStreetMap.min.js", "JavaScript", 0, 4, 0, 0, 0, 0, 0, 0, 0, 0, 4
"c:\Users\MSI SWORD 15 A12V\source\repos\SoftWhatsAppCRMDash\SoftWhatsAppCRMDash\obj\Release\net8.0\PubTmp\Out\wwwroot\lib\highcharts\es-modules\Maps\TilesProviders\Stamen.js", "JavaScript", 0, 49, 0, 0, 0, 0, 0, 0, 18, 1, 68
"c:\Users\MSI SWORD 15 A12V\source\repos\SoftWhatsAppCRMDash\SoftWhatsAppCRMDash\obj\Release\net8.0\PubTmp\Out\wwwroot\lib\highcharts\es-modules\Maps\TilesProviders\Stamen.min.js", "JavaScript", 0, 1, 0, 0, 0, 0, 0, 0, 0, 0, 1
"c:\Users\MSI SWORD 15 A12V\source\repos\SoftWhatsAppCRMDash\SoftWhatsAppCRMDash\obj\Release\net8.0\PubTmp\Out\wwwroot\lib\highcharts\es-modules\Maps\TilesProviders\Thunderforest.js", "JavaScript", 0, 59, 0, 0, 0, 0, 0, 0, 18, 1, 78
"c:\Users\MSI SWORD 15 A12V\source\repos\SoftWhatsAppCRMDash\SoftWhatsAppCRMDash\obj\Release\net8.0\PubTmp\Out\wwwroot\lib\highcharts\es-modules\Maps\TilesProviders\Thunderforest.min.js", "JavaScript", 0, 1, 0, 0, 0, 0, 0, 0, 0, 0, 1
"c:\Users\MSI SWORD 15 A12V\source\repos\SoftWhatsAppCRMDash\SoftWhatsAppCRMDash\obj\Release\net8.0\PubTmp\Out\wwwroot\lib\highcharts\es-modules\Maps\TilesProviders\TilesProviderRegistry.js", "JavaScript", 0, 16, 0, 0, 0, 0, 0, 0, 20, 1, 37
"c:\Users\MSI SWORD 15 A12V\source\repos\SoftWhatsAppCRMDash\SoftWhatsAppCRMDash\obj\Release\net8.0\PubTmp\Out\wwwroot\lib\highcharts\es-modules\Maps\TilesProviders\TilesProviderRegistry.min.js", "JavaScript", 0, 1, 0, 0, 0, 0, 0, 0, 0, 0, 1
"c:\Users\MSI SWORD 15 A12V\source\repos\SoftWhatsAppCRMDash\SoftWhatsAppCRMDash\obj\Release\net8.0\PubTmp\Out\wwwroot\lib\highcharts\es-modules\Maps\TilesProviders\USGS.js", "JavaScript", 0, 26, 0, 0, 0, 0, 0, 0, 18, 1, 45
"c:\Users\MSI SWORD 15 A12V\source\repos\SoftWhatsAppCRMDash\SoftWhatsAppCRMDash\obj\Release\net8.0\PubTmp\Out\wwwroot\lib\highcharts\es-modules\Maps\TilesProviders\USGS.min.js", "JavaScript", 0, 1, 0, 0, 0, 0, 0, 0, 0, 0, 1
"c:\Users\MSI SWORD 15 A12V\source\repos\SoftWhatsAppCRMDash\SoftWhatsAppCRMDash\obj\Release\net8.0\PubTmp\Out\wwwroot\lib\highcharts\es-modules\Series\ArcDiagram\ArcDiagramPoint.js", "JavaScript", 0, 15, 0, 0, 0, 0, 0, 0, 28, 1, 44
"c:\Users\MSI SWORD 15 A12V\source\repos\SoftWhatsAppCRMDash\SoftWhatsAppCRMDash\obj\Release\net8.0\PubTmp\Out\wwwroot\lib\highcharts\es-modules\Series\ArcDiagram\ArcDiagramPoint.min.js", "JavaScript", 0, 1, 0, 0, 0, 0, 0, 0, 0, 0, 1
"c:\Users\MSI SWORD 15 A12V\source\repos\SoftWhatsAppCRMDash\SoftWhatsAppCRMDash\obj\Release\net8.0\PubTmp\Out\wwwroot\lib\highcharts\es-modules\Series\ArcDiagram\ArcDiagramSeries.js", "JavaScript", 0, 258, 0, 0, 0, 0, 0, 0, 75, 1, 334
"c:\Users\MSI SWORD 15 A12V\source\repos\SoftWhatsAppCRMDash\SoftWhatsAppCRMDash\obj\Release\net8.0\PubTmp\Out\wwwroot\lib\highcharts\es-modules\Series\ArcDiagram\ArcDiagramSeries.min.js", "JavaScript", 0, 1, 0, 0, 0, 0, 0, 0, 0, 0, 1
"c:\Users\MSI SWORD 15 A12V\source\repos\SoftWhatsAppCRMDash\SoftWhatsAppCRMDash\obj\Release\net8.0\PubTmp\Out\wwwroot\lib\highcharts\es-modules\Series\ArcDiagram\ArcDiagramSeriesDefaults.js", "JavaScript", 0, 22, 0, 0, 0, 0, 0, 0, 222, 1, 245
"c:\Users\MSI SWORD 15 A12V\source\repos\SoftWhatsAppCRMDash\SoftWhatsAppCRMDash\obj\Release\net8.0\PubTmp\Out\wwwroot\lib\highcharts\es-modules\Series\ArcDiagram\ArcDiagramSeriesDefaults.min.js", "JavaScript", 0, 1, 0, 0, 0, 0, 0, 0, 0, 0, 1
"c:\Users\MSI SWORD 15 A12V\source\repos\SoftWhatsAppCRMDash\SoftWhatsAppCRMDash\obj\Release\net8.0\PubTmp\Out\wwwroot\lib\highcharts\es-modules\Series\Area3D\Area3DSeries.js", "JavaScript", 0, 65, 0, 0, 0, 0, 0, 0, 29, 1, 95
"c:\Users\MSI SWORD 15 A12V\source\repos\SoftWhatsAppCRMDash\SoftWhatsAppCRMDash\obj\Release\net8.0\PubTmp\Out\wwwroot\lib\highcharts\es-modules\Series\Area3D\Area3DSeries.min.js", "JavaScript", 0, 1, 0, 0, 0, 0, 0, 0, 0, 0, 1
"c:\Users\MSI SWORD 15 A12V\source\repos\SoftWhatsAppCRMDash\SoftWhatsAppCRMDash\obj\Release\net8.0\PubTmp\Out\wwwroot\lib\highcharts\es-modules\Series\AreaRange\AreaRangePoint.js", "JavaScript", 0, 59, 0, 0, 0, 0, 0, 0, 48, 1, 108
"c:\Users\MSI SWORD 15 A12V\source\repos\SoftWhatsAppCRMDash\SoftWhatsAppCRMDash\obj\Release\net8.0\PubTmp\Out\wwwroot\lib\highcharts\es-modules\Series\AreaRange\AreaRangePoint.min.js", "JavaScript", 0, 1, 0, 0, 0, 0, 0, 0, 0, 0, 1
"c:\Users\MSI SWORD 15 A12V\source\repos\SoftWhatsAppCRMDash\SoftWhatsAppCRMDash\obj\Release\net8.0\PubTmp\Out\wwwroot\lib\highcharts\es-modules\Series\AreaRange\AreaRangeSeries.js", "JavaScript", 0, 353, 0, 0, 0, 0, 0, 0, 226, 1, 580
"c:\Users\MSI SWORD 15 A12V\source\repos\SoftWhatsAppCRMDash\SoftWhatsAppCRMDash\obj\Release\net8.0\PubTmp\Out\wwwroot\lib\highcharts\es-modules\Series\AreaRange\AreaRangeSeries.min.js", "JavaScript", 0, 1, 0, 0, 0, 0, 0, 0, 0, 0, 1
"c:\Users\MSI SWORD 15 A12V\source\repos\SoftWhatsAppCRMDash\SoftWhatsAppCRMDash\obj\Release\net8.0\PubTmp\Out\wwwroot\lib\highcharts\es-modules\Series\AreaRange\AreaRangeSeriesDefaults.js", "JavaScript", 0, 20, 0, 0, 0, 0, 0, 0, 253, 1, 274
"c:\Users\MSI SWORD 15 A12V\source\repos\SoftWhatsAppCRMDash\SoftWhatsAppCRMDash\obj\Release\net8.0\PubTmp\Out\wwwroot\lib\highcharts\es-modules\Series\AreaRange\AreaRangeSeriesDefaults.min.js", "JavaScript", 0, 1, 0, 0, 0, 0, 0, 0, 0, 0, 1
"c:\Users\MSI SWORD 15 A12V\source\repos\SoftWhatsAppCRMDash\SoftWhatsAppCRMDash\obj\Release\net8.0\PubTmp\Out\wwwroot\lib\highcharts\es-modules\Series\AreaSplineRange\AreaSplineRangeSeries.js", "JavaScript", 0, 15, 0, 0, 0, 0, 0, 0, 155, 1, 171
"c:\Users\MSI SWORD 15 A12V\source\repos\SoftWhatsAppCRMDash\SoftWhatsAppCRMDash\obj\Release\net8.0\PubTmp\Out\wwwroot\lib\highcharts\es-modules\Series\AreaSplineRange\AreaSplineRangeSeries.min.js", "JavaScript", 0, 1, 0, 0, 0, 0, 0, 0, 0, 0, 1
"c:\Users\MSI SWORD 15 A12V\source\repos\SoftWhatsAppCRMDash\SoftWhatsAppCRMDash\obj\Release\net8.0\PubTmp\Out\wwwroot\lib\highcharts\es-modules\Series\AreaSpline\AreaSplineSeries.js", "JavaScript", 0, 17, 0, 0, 0, 0, 0, 0, 159, 1, 177
"c:\Users\MSI SWORD 15 A12V\source\repos\SoftWhatsAppCRMDash\SoftWhatsAppCRMDash\obj\Release\net8.0\PubTmp\Out\wwwroot\lib\highcharts\es-modules\Series\AreaSpline\AreaSplineSeries.min.js", "JavaScript", 0, 1, 0, 0, 0, 0, 0, 0, 0, 0, 1
"c:\Users\MSI SWORD 15 A12V\source\repos\SoftWhatsAppCRMDash\SoftWhatsAppCRMDash\obj\Release\net8.0\PubTmp\Out\wwwroot\lib\highcharts\es-modules\Series\Area\AreaSeries.js", "JavaScript", 0, 221, 0, 0, 0, 0, 0, 0, 111, 1, 333
"c:\Users\MSI SWORD 15 A12V\source\repos\SoftWhatsAppCRMDash\SoftWhatsAppCRMDash\obj\Release\net8.0\PubTmp\Out\wwwroot\lib\highcharts\es-modules\Series\Area\AreaSeries.min.js", "JavaScript", 0, 1, 0, 0, 0, 0, 0, 0, 0, 0, 1
"c:\Users\MSI SWORD 15 A12V\source\repos\SoftWhatsAppCRMDash\SoftWhatsAppCRMDash\obj\Release\net8.0\PubTmp\Out\wwwroot\lib\highcharts\es-modules\Series\Area\AreaSeriesDefaults.js", "JavaScript", 0, 7, 0, 0, 0, 0, 0, 0, 232, 1, 240
"c:\Users\MSI SWORD 15 A12V\source\repos\SoftWhatsAppCRMDash\SoftWhatsAppCRMDash\obj\Release\net8.0\PubTmp\Out\wwwroot\lib\highcharts\es-modules\Series\Area\AreaSeriesDefaults.min.js", "JavaScript", 0, 1, 0, 0, 0, 0, 0, 0, 0, 0, 1
"c:\Users\MSI SWORD 15 A12V\source\repos\SoftWhatsAppCRMDash\SoftWhatsAppCRMDash\obj\Release\net8.0\PubTmp\Out\wwwroot\lib\highcharts\es-modules\Series\Bar\BarSeries.js", "JavaScript", 0, 15, 0, 0, 0, 0, 0, 0, 129, 1, 145
"c:\Users\MSI SWORD 15 A12V\source\repos\SoftWhatsAppCRMDash\SoftWhatsAppCRMDash\obj\Release\net8.0\PubTmp\Out\wwwroot\lib\highcharts\es-modules\Series\Bar\BarSeries.min.js", "JavaScript", 0, 1, 0, 0, 0, 0, 0, 0, 0, 0, 1
"c:\Users\MSI SWORD 15 A12V\source\repos\SoftWhatsAppCRMDash\SoftWhatsAppCRMDash\obj\Release\net8.0\PubTmp\Out\wwwroot\lib\highcharts\es-modules\Series\Bellcurve\BellcurveSeries.js", "JavaScript", 0, 60, 0, 0, 0, 0, 0, 0, 48, 1, 109
"c:\Users\MSI SWORD 15 A12V\source\repos\SoftWhatsAppCRMDash\SoftWhatsAppCRMDash\obj\Release\net8.0\PubTmp\Out\wwwroot\lib\highcharts\es-modules\Series\Bellcurve\BellcurveSeries.min.js", "JavaScript", 0, 1, 0, 0, 0, 0, 0, 0, 0, 0, 1
"c:\Users\MSI SWORD 15 A12V\source\repos\SoftWhatsAppCRMDash\SoftWhatsAppCRMDash\obj\Release\net8.0\PubTmp\Out\wwwroot\lib\highcharts\es-modules\Series\Bellcurve\BellcurveSeriesDefaults.js", "JavaScript", 0, 10, 0, 0, 0, 0, 0, 0, 115, 1, 126
"c:\Users\MSI SWORD 15 A12V\source\repos\SoftWhatsAppCRMDash\SoftWhatsAppCRMDash\obj\Release\net8.0\PubTmp\Out\wwwroot\lib\highcharts\es-modules\Series\Bellcurve\BellcurveSeriesDefaults.min.js", "JavaScript", 0, 1, 0, 0, 0, 0, 0, 0, 0, 0, 1
"c:\Users\MSI SWORD 15 A12V\source\repos\SoftWhatsAppCRMDash\SoftWhatsAppCRMDash\obj\Release\net8.0\PubTmp\Out\wwwroot\lib\highcharts\es-modules\Series\BoxPlot\BoxPlotSeries.js", "JavaScript", 0, 175, 0, 0, 0, 0, 0, 0, 62, 1, 238
"c:\Users\MSI SWORD 15 A12V\source\repos\SoftWhatsAppCRMDash\SoftWhatsAppCRMDash\obj\Release\net8.0\PubTmp\Out\wwwroot\lib\highcharts\es-modules\Series\BoxPlot\BoxPlotSeries.min.js", "JavaScript", 0, 1, 0, 0, 0, 0, 0, 0, 0, 0, 1
"c:\Users\MSI SWORD 15 A12V\source\repos\SoftWhatsAppCRMDash\SoftWhatsAppCRMDash\obj\Release\net8.0\PubTmp\Out\wwwroot\lib\highcharts\es-modules\Series\BoxPlot\BoxPlotSeriesDefaults.js", "JavaScript", 0, 20, 0, 0, 0, 0, 0, 0, 429, 1, 450
"c:\Users\MSI SWORD 15 A12V\source\repos\SoftWhatsAppCRMDash\SoftWhatsAppCRMDash\obj\Release\net8.0\PubTmp\Out\wwwroot\lib\highcharts\es-modules\Series\BoxPlot\BoxPlotSeriesDefaults.min.js", "JavaScript", 0, 1, 0, 0, 0, 0, 0, 0, 0, 0, 1
"c:\Users\MSI SWORD 15 A12V\source\repos\SoftWhatsAppCRMDash\SoftWhatsAppCRMDash\obj\Release\net8.0\PubTmp\Out\wwwroot\lib\highcharts\es-modules\Series\Bubble\BubbleLegendComposition.js", "JavaScript", 0, 168, 0, 0, 0, 0, 0, 0, 96, 1, 265
"c:\Users\MSI SWORD 15 A12V\source\repos\SoftWhatsAppCRMDash\SoftWhatsAppCRMDash\obj\Release\net8.0\PubTmp\Out\wwwroot\lib\highcharts\es-modules\Series\Bubble\BubbleLegendComposition.min.js", "JavaScript", 0, 1, 0, 0, 0, 0, 0, 0, 0, 0, 1
"c:\Users\MSI SWORD 15 A12V\source\repos\SoftWhatsAppCRMDash\SoftWhatsAppCRMDash\obj\Release\net8.0\PubTmp\Out\wwwroot\lib\highcharts\es-modules\Series\Bubble\BubbleLegendDefaults.js", "JavaScript", 0, 39, 0, 0, 0, 0, 0, 0, 227, 1, 267
"c:\Users\MSI SWORD 15 A12V\source\repos\SoftWhatsAppCRMDash\SoftWhatsAppCRMDash\obj\Release\net8.0\PubTmp\Out\wwwroot\lib\highcharts\es-modules\Series\Bubble\BubbleLegendDefaults.min.js", "JavaScript", 0, 1, 0, 0, 0, 0, 0, 0, 0, 0, 1
"c:\Users\MSI SWORD 15 A12V\source\repos\SoftWhatsAppCRMDash\SoftWhatsAppCRMDash\obj\Release\net8.0\PubTmp\Out\wwwroot\lib\highcharts\es-modules\Series\Bubble\BubbleLegendItem.js", "JavaScript", 0, 261, 0, 0, 0, 0, 0, 0, 182, 1, 444
"c:\Users\MSI SWORD 15 A12V\source\repos\SoftWhatsAppCRMDash\SoftWhatsAppCRMDash\obj\Release\net8.0\PubTmp\Out\wwwroot\lib\highcharts\es-modules\Series\Bubble\BubbleLegendItem.min.js", "JavaScript", 0, 1, 0, 0, 0, 0, 0, 0, 0, 0, 1
"c:\Users\MSI SWORD 15 A12V\source\repos\SoftWhatsAppCRMDash\SoftWhatsAppCRMDash\obj\Release\net8.0\PubTmp\Out\wwwroot\lib\highcharts\es-modules\Series\Bubble\BubblePoint.js", "JavaScript", 0, 24, 0, 0, 0, 0, 0, 0, 34, 1, 59
"c:\Users\MSI SWORD 15 A12V\source\repos\SoftWhatsAppCRMDash\SoftWhatsAppCRMDash\obj\Release\net8.0\PubTmp\Out\wwwroot\lib\highcharts\es-modules\Series\Bubble\BubblePoint.min.js", "JavaScript", 0, 1, 0, 0, 0, 0, 0, 0, 0, 0, 1
"c:\Users\MSI SWORD 15 A12V\source\repos\SoftWhatsAppCRMDash\SoftWhatsAppCRMDash\obj\Release\net8.0\PubTmp\Out\wwwroot\lib\highcharts\es-modules\Series\Bubble\BubbleSeries.js", "JavaScript", 0, 315, 0, 0, 0, 0, 0, 0, 403, 1, 719
"c:\Users\MSI SWORD 15 A12V\source\repos\SoftWhatsAppCRMDash\SoftWhatsAppCRMDash\obj\Release\net8.0\PubTmp\Out\wwwroot\lib\highcharts\es-modules\Series\Bubble\BubbleSeries.min.js", "JavaScript", 0, 1, 0, 0, 0, 0, 0, 0, 0, 0, 1
"c:\Users\MSI SWORD 15 A12V\source\repos\SoftWhatsAppCRMDash\SoftWhatsAppCRMDash\obj\Release\net8.0\PubTmp\Out\wwwroot\lib\highcharts\es-modules\Series\Bullet\BulletPoint.js", "JavaScript", 0, 13, 0, 0, 0, 0, 0, 0, 28, 1, 42
"c:\Users\MSI SWORD 15 A12V\source\repos\SoftWhatsAppCRMDash\SoftWhatsAppCRMDash\obj\Release\net8.0\PubTmp\Out\wwwroot\lib\highcharts\es-modules\Series\Bullet\BulletPoint.min.js", "JavaScript", 0, 1, 0, 0, 0, 0, 0, 0, 0, 0, 1
"c:\Users\MSI SWORD 15 A12V\source\repos\SoftWhatsAppCRMDash\SoftWhatsAppCRMDash\obj\Release\net8.0\PubTmp\Out\wwwroot\lib\highcharts\es-modules\Series\Bullet\BulletSeries.js", "JavaScript", 0, 99, 0, 0, 0, 0, 0, 0, 59, 1, 159
"c:\Users\MSI SWORD 15 A12V\source\repos\SoftWhatsAppCRMDash\SoftWhatsAppCRMDash\obj\Release\net8.0\PubTmp\Out\wwwroot\lib\highcharts\es-modules\Series\Bullet\BulletSeries.min.js", "JavaScript", 0, 1, 0, 0, 0, 0, 0, 0, 0, 0, 1
"c:\Users\MSI SWORD 15 A12V\source\repos\SoftWhatsAppCRMDash\SoftWhatsAppCRMDash\obj\Release\net8.0\PubTmp\Out\wwwroot\lib\highcharts\es-modules\Series\Bullet\BulletSeriesDefaults.js", "JavaScript", 0, 15, 0, 0, 0, 0, 0, 0, 168, 1, 184
"c:\Users\MSI SWORD 15 A12V\source\repos\SoftWhatsAppCRMDash\SoftWhatsAppCRMDash\obj\Release\net8.0\PubTmp\Out\wwwroot\lib\highcharts\es-modules\Series\Bullet\BulletSeriesDefaults.min.js", "JavaScript", 0, 1, 0, 0, 0, 0, 0, 0, 0, 0, 1
"c:\Users\MSI SWORD 15 A12V\source\repos\SoftWhatsAppCRMDash\SoftWhatsAppCRMDash\obj\Release\net8.0\PubTmp\Out\wwwroot\lib\highcharts\es-modules\Series\Candlestick\CandlestickSeries.js", "JavaScript", 0, 83, 0, 0, 0, 0, 0, 0, 60, 1, 144
"c:\Users\MSI SWORD 15 A12V\source\repos\SoftWhatsAppCRMDash\SoftWhatsAppCRMDash\obj\Release\net8.0\PubTmp\Out\wwwroot\lib\highcharts\es-modules\Series\Candlestick\CandlestickSeries.min.js", "JavaScript", 0, 1, 0, 0, 0, 0, 0, 0, 0, 0, 1
"c:\Users\MSI SWORD 15 A12V\source\repos\SoftWhatsAppCRMDash\SoftWhatsAppCRMDash\obj\Release\net8.0\PubTmp\Out\wwwroot\lib\highcharts\es-modules\Series\Candlestick\CandlestickSeriesDefaults.js", "JavaScript", 0, 15, 0, 0, 0, 0, 0, 0, 160, 1, 176
"c:\Users\MSI SWORD 15 A12V\source\repos\SoftWhatsAppCRMDash\SoftWhatsAppCRMDash\obj\Release\net8.0\PubTmp\Out\wwwroot\lib\highcharts\es-modules\Series\Candlestick\CandlestickSeriesDefaults.min.js", "JavaScript", 0, 1, 0, 0, 0, 0, 0, 0, 0, 0, 1
"c:\Users\MSI SWORD 15 A12V\source\repos\SoftWhatsAppCRMDash\SoftWhatsAppCRMDash\obj\Release\net8.0\PubTmp\Out\wwwroot\lib\highcharts\es-modules\Series\CenteredUtilities.js", "JavaScript", 0, 60, 0, 0, 0, 0, 0, 0, 74, 1, 135
"c:\Users\MSI SWORD 15 A12V\source\repos\SoftWhatsAppCRMDash\SoftWhatsAppCRMDash\obj\Release\net8.0\PubTmp\Out\wwwroot\lib\highcharts\es-modules\Series\CenteredUtilities.min.js", "JavaScript", 0, 1, 0, 0, 0, 0, 0, 0, 0, 0, 1
"c:\Users\MSI SWORD 15 A12V\source\repos\SoftWhatsAppCRMDash\SoftWhatsAppCRMDash\obj\Release\net8.0\PubTmp\Out\wwwroot\lib\highcharts\es-modules\Series\ColorMapComposition.js", "JavaScript", 0, 71, 0, 0, 0, 0, 0, 0, 55, 1, 127
"c:\Users\MSI SWORD 15 A12V\source\repos\SoftWhatsAppCRMDash\SoftWhatsAppCRMDash\obj\Release\net8.0\PubTmp\Out\wwwroot\lib\highcharts\es-modules\Series\ColorMapComposition.min.js", "JavaScript", 0, 1, 0, 0, 0, 0, 0, 0, 0, 0, 1
"c:\Users\MSI SWORD 15 A12V\source\repos\SoftWhatsAppCRMDash\SoftWhatsAppCRMDash\obj\Release\net8.0\PubTmp\Out\wwwroot\lib\highcharts\es-modules\Series\Column3D\Column3DComposition.js", "JavaScript", 0, 327, 0, 0, 0, 0, 0, 0, 155, 1, 483
"c:\Users\MSI SWORD 15 A12V\source\repos\SoftWhatsAppCRMDash\SoftWhatsAppCRMDash\obj\Release\net8.0\PubTmp\Out\wwwroot\lib\highcharts\es-modules\Series\Column3D\Column3DComposition.min.js", "JavaScript", 0, 1, 0, 0, 0, 0, 0, 0, 0, 0, 1
"c:\Users\MSI SWORD 15 A12V\source\repos\SoftWhatsAppCRMDash\SoftWhatsAppCRMDash\obj\Release\net8.0\PubTmp\Out\wwwroot\lib\highcharts\es-modules\Series\ColumnPyramid\ColumnPyramidSeries.js", "JavaScript", 0, 107, 0, 0, 0, 0, 0, 0, 72, 1, 180
"c:\Users\MSI SWORD 15 A12V\source\repos\SoftWhatsAppCRMDash\SoftWhatsAppCRMDash\obj\Release\net8.0\PubTmp\Out\wwwroot\lib\highcharts\es-modules\Series\ColumnPyramid\ColumnPyramidSeries.min.js", "JavaScript", 0, 1, 0, 0, 0, 0, 0, 0, 0, 0, 1
"c:\Users\MSI SWORD 15 A12V\source\repos\SoftWhatsAppCRMDash\SoftWhatsAppCRMDash\obj\Release\net8.0\PubTmp\Out\wwwroot\lib\highcharts\es-modules\Series\ColumnPyramid\ColumnPyramidSeriesDefaults.js", "JavaScript", 0, 4, 0, 0, 0, 0, 0, 0, 121, 1, 126
"c:\Users\MSI SWORD 15 A12V\source\repos\SoftWhatsAppCRMDash\SoftWhatsAppCRMDash\obj\Release\net8.0\PubTmp\Out\wwwroot\lib\highcharts\es-modules\Series\ColumnPyramid\ColumnPyramidSeriesDefaults.min.js", "JavaScript", 0, 1, 0, 0, 0, 0, 0, 0, 0, 0, 1
"c:\Users\MSI SWORD 15 A12V\source\repos\SoftWhatsAppCRMDash\SoftWhatsAppCRMDash\obj\Release\net8.0\PubTmp\Out\wwwroot\lib\highcharts\es-modules\Series\ColumnRange\ColumnRangePoint.js", "JavaScript", 0, 14, 0, 0, 0, 0, 0, 0, 24, 1, 39
"c:\Users\MSI SWORD 15 A12V\source\repos\SoftWhatsAppCRMDash\SoftWhatsAppCRMDash\obj\Release\net8.0\PubTmp\Out\wwwroot\lib\highcharts\es-modules\Series\ColumnRange\ColumnRangePoint.min.js", "JavaScript", 0, 1, 0, 0, 0, 0, 0, 0, 0, 0, 1
"c:\Users\MSI SWORD 15 A12V\source\repos\SoftWhatsAppCRMDash\SoftWhatsAppCRMDash\obj\Release\net8.0\PubTmp\Out\wwwroot\lib\highcharts\es-modules\Series\ColumnRange\ColumnRangeSeries.js", "JavaScript", 0, 107, 0, 0, 0, 0, 0, 0, 194, 1, 302
"c:\Users\MSI SWORD 15 A12V\source\repos\SoftWhatsAppCRMDash\SoftWhatsAppCRMDash\obj\Release\net8.0\PubTmp\Out\wwwroot\lib\highcharts\es-modules\Series\ColumnRange\ColumnRangeSeries.min.js", "JavaScript", 0, 1, 0, 0, 0, 0, 0, 0, 0, 0, 1
"c:\Users\MSI SWORD 15 A12V\source\repos\SoftWhatsAppCRMDash\SoftWhatsAppCRMDash\obj\Release\net8.0\PubTmp\Out\wwwroot\lib\highcharts\es-modules\Series\Column\ColumnDataLabel.js", "JavaScript", 0, 65, 0, 0, 0, 0, 0, 0, 41, 1, 107
"c:\Users\MSI SWORD 15 A12V\source\repos\SoftWhatsAppCRMDash\SoftWhatsAppCRMDash\obj\Release\net8.0\PubTmp\Out\wwwroot\lib\highcharts\es-modules\Series\Column\ColumnDataLabel.min.js", "JavaScript", 0, 1, 0, 0, 0, 0, 0, 0, 0, 0, 1
"c:\Users\MSI SWORD 15 A12V\source\repos\SoftWhatsAppCRMDash\SoftWhatsAppCRMDash\obj\Release\net8.0\PubTmp\Out\wwwroot\lib\highcharts\es-modules\Series\Column\ColumnSeries.js", "JavaScript", 0, 410, 0, 0, 0, 0, 0, 0, 238, 1, 649
"c:\Users\MSI SWORD 15 A12V\source\repos\SoftWhatsAppCRMDash\SoftWhatsAppCRMDash\obj\Release\net8.0\PubTmp\Out\wwwroot\lib\highcharts\es-modules\Series\Column\ColumnSeries.min.js", "JavaScript", 0, 1, 0, 0, 0, 0, 0, 0, 0, 0, 1
"c:\Users\MSI SWORD 15 A12V\source\repos\SoftWhatsAppCRMDash\SoftWhatsAppCRMDash\obj\Release\net8.0\PubTmp\Out\wwwroot\lib\highcharts\es-modules\Series\Column\ColumnSeriesDefaults.js", "JavaScript", 0, 35, 0, 0, 0, 0, 0, 0, 460, 1, 496
"c:\Users\MSI SWORD 15 A12V\source\repos\SoftWhatsAppCRMDash\SoftWhatsAppCRMDash\obj\Release\net8.0\PubTmp\Out\wwwroot\lib\highcharts\es-modules\Series\Column\ColumnSeriesDefaults.min.js", "JavaScript", 0, 1, 0, 0, 0, 0, 0, 0, 0, 0, 1
"c:\Users\MSI SWORD 15 A12V\source\repos\SoftWhatsAppCRMDash\SoftWhatsAppCRMDash\obj\Release\net8.0\PubTmp\Out\wwwroot\lib\highcharts\es-modules\Series\Cylinder\CylinderComposition.js", "JavaScript", 0, 231, 0, 0, 0, 0, 0, 0, 67, 1, 299
"c:\Users\MSI SWORD 15 A12V\source\repos\SoftWhatsAppCRMDash\SoftWhatsAppCRMDash\obj\Release\net8.0\PubTmp\Out\wwwroot\lib\highcharts\es-modules\Series\Cylinder\CylinderComposition.min.js", "JavaScript", 0, 1, 0, 0, 0, 0, 0, 0, 0, 0, 1
"c:\Users\MSI SWORD 15 A12V\source\repos\SoftWhatsAppCRMDash\SoftWhatsAppCRMDash\obj\Release\net8.0\PubTmp\Out\wwwroot\lib\highcharts\es-modules\Series\Cylinder\CylinderPoint.js", "JavaScript", 0, 11, 0, 0, 0, 0, 0, 0, 23, 1, 35
"c:\Users\MSI SWORD 15 A12V\source\repos\SoftWhatsAppCRMDash\SoftWhatsAppCRMDash\obj\Release\net8.0\PubTmp\Out\wwwroot\lib\highcharts\es-modules\Series\Cylinder\CylinderPoint.min.js", "JavaScript", 0, 1, 0, 0, 0, 0, 0, 0, 0, 0, 1
"c:\Users\MSI SWORD 15 A12V\source\repos\SoftWhatsAppCRMDash\SoftWhatsAppCRMDash\obj\Release\net8.0\PubTmp\Out\wwwroot\lib\highcharts\es-modules\Series\Cylinder\CylinderSeries.js", "JavaScript", 0, 17, 0, 0, 0, 0, 0, 0, 40, 1, 58
"c:\Users\MSI SWORD 15 A12V\source\repos\SoftWhatsAppCRMDash\SoftWhatsAppCRMDash\obj\Release\net8.0\PubTmp\Out\wwwroot\lib\highcharts\es-modules\Series\Cylinder\CylinderSeries.min.js", "JavaScript", 0, 1, 0, 0, 0, 0, 0, 0, 0, 0, 1
"c:\Users\MSI SWORD 15 A12V\source\repos\SoftWhatsAppCRMDash\SoftWhatsAppCRMDash\obj\Release\net8.0\PubTmp\Out\wwwroot\lib\highcharts\es-modules\Series\Cylinder\CylinderSeriesDefaults.js", "JavaScript", 0, 4, 0, 0, 0, 0, 0, 0, 110, 1, 115
"c:\Users\MSI SWORD 15 A12V\source\repos\SoftWhatsAppCRMDash\SoftWhatsAppCRMDash\obj\Release\net8.0\PubTmp\Out\wwwroot\lib\highcharts\es-modules\Series\Cylinder\CylinderSeriesDefaults.min.js", "JavaScript", 0, 1, 0, 0, 0, 0, 0, 0, 0, 0, 1
"c:\Users\MSI SWORD 15 A12V\source\repos\SoftWhatsAppCRMDash\SoftWhatsAppCRMDash\obj\Release\net8.0\PubTmp\Out\wwwroot\lib\highcharts\es-modules\Series\Cylinder\SVGElement3DCylinder.js", "JavaScript", 0, 23, 0, 0, 0, 0, 0, 0, 34, 1, 58
"c:\Users\MSI SWORD 15 A12V\source\repos\SoftWhatsAppCRMDash\SoftWhatsAppCRMDash\obj\Release\net8.0\PubTmp\Out\wwwroot\lib\highcharts\es-modules\Series\Cylinder\SVGElement3DCylinder.min.js", "JavaScript", 0, 1, 0, 0, 0, 0, 0, 0, 0, 0, 1
"c:\Users\MSI SWORD 15 A12V\source\repos\SoftWhatsAppCRMDash\SoftWhatsAppCRMDash\obj\Release\net8.0\PubTmp\Out\wwwroot\lib\highcharts\es-modules\Series\DataModifyComposition.js", "JavaScript", 0, 220, 0, 0, 0, 0, 0, 0, 328, 1, 549
"c:\Users\MSI SWORD 15 A12V\source\repos\SoftWhatsAppCRMDash\SoftWhatsAppCRMDash\obj\Release\net8.0\PubTmp\Out\wwwroot\lib\highcharts\es-modules\Series\DataModifyComposition.min.js", "JavaScript", 0, 1, 0, 0, 0, 0, 0, 0, 0, 0, 1
"c:\Users\MSI SWORD 15 A12V\source\repos\SoftWhatsAppCRMDash\SoftWhatsAppCRMDash\obj\Release\net8.0\PubTmp\Out\wwwroot\lib\highcharts\es-modules\Series\DependencyWheel\DependencyWheelPoint.js", "JavaScript", 0, 41, 0, 0, 0, 0, 0, 0, 35, 1, 77
"c:\Users\MSI SWORD 15 A12V\source\repos\SoftWhatsAppCRMDash\SoftWhatsAppCRMDash\obj\Release\net8.0\PubTmp\Out\wwwroot\lib\highcharts\es-modules\Series\DependencyWheel\DependencyWheelPoint.min.js", "JavaScript", 0, 1, 0, 0, 0, 0, 0, 0, 0, 0, 1
"c:\Users\MSI SWORD 15 A12V\source\repos\SoftWhatsAppCRMDash\SoftWhatsAppCRMDash\obj\Release\net8.0\PubTmp\Out\wwwroot\lib\highcharts\es-modules\Series\DependencyWheel\DependencyWheelSeries.js", "JavaScript", 0, 176, 0, 0, 0, 0, 0, 0, 68, 1, 245
"c:\Users\MSI SWORD 15 A12V\source\repos\SoftWhatsAppCRMDash\SoftWhatsAppCRMDash\obj\Release\net8.0\PubTmp\Out\wwwroot\lib\highcharts\es-modules\Series\DependencyWheel\DependencyWheelSeries.min.js", "JavaScript", 0, 1, 0, 0, 0, 0, 0, 0, 0, 0, 1
"c:\Users\MSI SWORD 15 A12V\source\repos\SoftWhatsAppCRMDash\SoftWhatsAppCRMDash\obj\Release\net8.0\PubTmp\Out\wwwroot\lib\highcharts\es-modules\Series\DependencyWheel\DependencyWheelSeriesDefaults.js", "JavaScript", 0, 16, 0, 0, 0, 0, 0, 0, 173, 1, 190
"c:\Users\MSI SWORD 15 A12V\source\repos\SoftWhatsAppCRMDash\SoftWhatsAppCRMDash\obj\Release\net8.0\PubTmp\Out\wwwroot\lib\highcharts\es-modules\Series\DependencyWheel\DependencyWheelSeriesDefaults.min.js", "JavaScript", 0, 1, 0, 0, 0, 0, 0, 0, 0, 0, 1
"c:\Users\MSI SWORD 15 A12V\source\repos\SoftWhatsAppCRMDash\SoftWhatsAppCRMDash\obj\Release\net8.0\PubTmp\Out\wwwroot\lib\highcharts\es-modules\Series\DerivedComposition.js", "JavaScript", 0, 64, 0, 0, 0, 0, 0, 0, 67, 1, 132
"c:\Users\MSI SWORD 15 A12V\source\repos\SoftWhatsAppCRMDash\SoftWhatsAppCRMDash\obj\Release\net8.0\PubTmp\Out\wwwroot\lib\highcharts\es-modules\Series\DerivedComposition.min.js", "JavaScript", 0, 1, 0, 0, 0, 0, 0, 0, 0, 0, 1
"c:\Users\MSI SWORD 15 A12V\source\repos\SoftWhatsAppCRMDash\SoftWhatsAppCRMDash\obj\Release\net8.0\PubTmp\Out\wwwroot\lib\highcharts\es-modules\Series\DotPlot\DotPlotSeries.js", "JavaScript", 0, 92, 0, 0, 0, 0, 0, 0, 46, 1, 139
"c:\Users\MSI SWORD 15 A12V\source\repos\SoftWhatsAppCRMDash\SoftWhatsAppCRMDash\obj\Release\net8.0\PubTmp\Out\wwwroot\lib\highcharts\es-modules\Series\DotPlot\DotPlotSeries.min.js", "JavaScript", 0, 1, 0, 0, 0, 0, 0, 0, 0, 0, 1
"c:\Users\MSI SWORD 15 A12V\source\repos\SoftWhatsAppCRMDash\SoftWhatsAppCRMDash\obj\Release\net8.0\PubTmp\Out\wwwroot\lib\highcharts\es-modules\Series\DotPlot\DotPlotSeriesDefaults.js", "JavaScript", 0, 13, 0, 0, 0, 0, 0, 0, 21, 1, 35
"c:\Users\MSI SWORD 15 A12V\source\repos\SoftWhatsAppCRMDash\SoftWhatsAppCRMDash\obj\Release\net8.0\PubTmp\Out\wwwroot\lib\highcharts\es-modules\Series\DotPlot\DotPlotSeriesDefaults.min.js", "JavaScript", 0, 1, 0, 0, 0, 0, 0, 0, 0, 0, 1
"c:\Users\MSI SWORD 15 A12V\source\repos\SoftWhatsAppCRMDash\SoftWhatsAppCRMDash\obj\Release\net8.0\PubTmp\Out\wwwroot\lib\highcharts\es-modules\Series\DragNodesComposition.js", "JavaScript", 0, 98, 0, 0, 0, 0, 0, 0, 62, 1, 161
"c:\Users\MSI SWORD 15 A12V\source\repos\SoftWhatsAppCRMDash\SoftWhatsAppCRMDash\obj\Release\net8.0\PubTmp\Out\wwwroot\lib\highcharts\es-modules\Series\DragNodesComposition.min.js", "JavaScript", 0, 1, 0, 0, 0, 0, 0, 0, 0, 0, 1
"c:\Users\MSI SWORD 15 A12V\source\repos\SoftWhatsAppCRMDash\SoftWhatsAppCRMDash\obj\Release\net8.0\PubTmp\Out\wwwroot\lib\highcharts\es-modules\Series\DrawPointUtilities.js", "JavaScript", 0, 53, 0, 0, 0, 0, 0, 0, 28, 1, 82
"c:\Users\MSI SWORD 15 A12V\source\repos\SoftWhatsAppCRMDash\SoftWhatsAppCRMDash\obj\Release\net8.0\PubTmp\Out\wwwroot\lib\highcharts\es-modules\Series\DrawPointUtilities.min.js", "JavaScript", 0, 1, 0, 0, 0, 0, 0, 0, 0, 0, 1
"c:\Users\MSI SWORD 15 A12V\source\repos\SoftWhatsAppCRMDash\SoftWhatsAppCRMDash\obj\Release\net8.0\PubTmp\Out\wwwroot\lib\highcharts\es-modules\Series\Dumbbell\DumbbellPoint.js", "JavaScript", 0, 46, 0, 0, 0, 0, 0, 0, 31, 1, 78
"c:\Users\MSI SWORD 15 A12V\source\repos\SoftWhatsAppCRMDash\SoftWhatsAppCRMDash\obj\Release\net8.0\PubTmp\Out\wwwroot\lib\highcharts\es-modules\Series\Dumbbell\DumbbellPoint.min.js", "JavaScript", 0, 1, 0, 0, 0, 0, 0, 0, 0, 0, 1
"c:\Users\MSI SWORD 15 A12V\source\repos\SoftWhatsAppCRMDash\SoftWhatsAppCRMDash\obj\Release\net8.0\PubTmp\Out\wwwroot\lib\highcharts\es-modules\Series\Dumbbell\DumbbellSeries.js", "JavaScript", 0, 156, 0, 0, 0, 0, 0, 0, 92, 1, 249
"c:\Users\MSI SWORD 15 A12V\source\repos\SoftWhatsAppCRMDash\SoftWhatsAppCRMDash\obj\Release\net8.0\PubTmp\Out\wwwroot\lib\highcharts\es-modules\Series\Dumbbell\DumbbellSeries.min.js", "JavaScript", 0, 1, 0, 0, 0, 0, 0, 0, 0, 0, 1
"c:\Users\MSI SWORD 15 A12V\source\repos\SoftWhatsAppCRMDash\SoftWhatsAppCRMDash\obj\Release\net8.0\PubTmp\Out\wwwroot\lib\highcharts\es-modules\Series\Dumbbell\DumbbellSeriesDefaults.js", "JavaScript", 0, 23, 0, 0, 0, 0, 0, 0, 209, 1, 233
"c:\Users\MSI SWORD 15 A12V\source\repos\SoftWhatsAppCRMDash\SoftWhatsAppCRMDash\obj\Release\net8.0\PubTmp\Out\wwwroot\lib\highcharts\es-modules\Series\Dumbbell\DumbbellSeriesDefaults.min.js", "JavaScript", 0, 1, 0, 0, 0, 0, 0, 0, 0, 0, 1
"c:\Users\MSI SWORD 15 A12V\source\repos\SoftWhatsAppCRMDash\SoftWhatsAppCRMDash\obj\Release\net8.0\PubTmp\Out\wwwroot\lib\highcharts\es-modules\Series\ErrorBar\ErrorBarSeries.js", "JavaScript", 0, 40, 0, 0, 0, 0, 0, 0, 43, 1, 84
"c:\Users\MSI SWORD 15 A12V\source\repos\SoftWhatsAppCRMDash\SoftWhatsAppCRMDash\obj\Release\net8.0\PubTmp\Out\wwwroot\lib\highcharts\es-modules\Series\ErrorBar\ErrorBarSeries.min.js", "JavaScript", 0, 1, 0, 0, 0, 0, 0, 0, 0, 0, 1
"c:\Users\MSI SWORD 15 A12V\source\repos\SoftWhatsAppCRMDash\SoftWhatsAppCRMDash\obj\Release\net8.0\PubTmp\Out\wwwroot\lib\highcharts\es-modules\Series\ErrorBar\ErrorBarSeriesDefaults.js", "JavaScript", 0, 12, 0, 0, 0, 0, 0, 0, 135, 1, 148
"c:\Users\MSI SWORD 15 A12V\source\repos\SoftWhatsAppCRMDash\SoftWhatsAppCRMDash\obj\Release\net8.0\PubTmp\Out\wwwroot\lib\highcharts\es-modules\Series\ErrorBar\ErrorBarSeriesDefaults.min.js", "JavaScript", 0, 1, 0, 0, 0, 0, 0, 0, 0, 0, 1
"c:\Users\MSI SWORD 15 A12V\source\repos\SoftWhatsAppCRMDash\SoftWhatsAppCRMDash\obj\Release\net8.0\PubTmp\Out\wwwroot\lib\highcharts\es-modules\Series\Flags\FlagsPoint.js", "JavaScript", 0, 19, 0, 0, 0, 0, 0, 0, 37, 1, 57
"c:\Users\MSI SWORD 15 A12V\source\repos\SoftWhatsAppCRMDash\SoftWhatsAppCRMDash\obj\Release\net8.0\PubTmp\Out\wwwroot\lib\highcharts\es-modules\Series\Flags\FlagsPoint.min.js", "JavaScript", 0, 1, 0, 0, 0, 0, 0, 0, 0, 0, 1
"c:\Users\MSI SWORD 15 A12V\source\repos\SoftWhatsAppCRMDash\SoftWhatsAppCRMDash\obj\Release\net8.0\PubTmp\Out\wwwroot\lib\highcharts\es-modules\Series\Flags\FlagsSeries.js", "JavaScript", 0, 211, 0, 0, 0, 0, 0, 0, 96, 1, 308
"c:\Users\MSI SWORD 15 A12V\source\repos\SoftWhatsAppCRMDash\SoftWhatsAppCRMDash\obj\Release\net8.0\PubTmp\Out\wwwroot\lib\highcharts\es-modules\Series\Flags\FlagsSeries.min.js", "JavaScript", 0, 1, 0, 0, 0, 0, 0, 0, 0, 0, 1
"c:\Users\MSI SWORD 15 A12V\source\repos\SoftWhatsAppCRMDash\SoftWhatsAppCRMDash\obj\Release\net8.0\PubTmp\Out\wwwroot\lib\highcharts\es-modules\Series\Flags\FlagsSeriesDefaults.js", "JavaScript", 0, 28, 0, 0, 0, 0, 0, 0, 273, 1, 302
"c:\Users\MSI SWORD 15 A12V\source\repos\SoftWhatsAppCRMDash\SoftWhatsAppCRMDash\obj\Release\net8.0\PubTmp\Out\wwwroot\lib\highcharts\es-modules\Series\Flags\FlagsSeriesDefaults.min.js", "JavaScript", 0, 1, 0, 0, 0, 0, 0, 0, 0, 0, 1
"c:\Users\MSI SWORD 15 A12V\source\repos\SoftWhatsAppCRMDash\SoftWhatsAppCRMDash\obj\Release\net8.0\PubTmp\Out\wwwroot\lib\highcharts\es-modules\Series\Flags\FlagsSymbols.js", "JavaScript", 0, 62, 0, 0, 0, 0, 0, 0, 48, 1, 111
"c:\Users\MSI SWORD 15 A12V\source\repos\SoftWhatsAppCRMDash\SoftWhatsAppCRMDash\obj\Release\net8.0\PubTmp\Out\wwwroot\lib\highcharts\es-modules\Series\Flags\FlagsSymbols.min.js", "JavaScript", 0, 1, 0, 0, 0, 0, 0, 0, 0, 0, 1
"c:\Users\MSI SWORD 15 A12V\source\repos\SoftWhatsAppCRMDash\SoftWhatsAppCRMDash\obj\Release\net8.0\PubTmp\Out\wwwroot\lib\highcharts\es-modules\Series\FlowMap\FlowMapPoint.js", "JavaScript", 0, 18, 0, 0, 0, 0, 0, 0, 27, 1, 46
"c:\Users\MSI SWORD 15 A12V\source\repos\SoftWhatsAppCRMDash\SoftWhatsAppCRMDash\obj\Release\net8.0\PubTmp\Out\wwwroot\lib\highcharts\es-modules\Series\FlowMap\FlowMapPoint.min.js", "JavaScript", 0, 1, 0, 0, 0, 0, 0, 0, 0, 0, 1
"c:\Users\MSI SWORD 15 A12V\source\repos\SoftWhatsAppCRMDash\SoftWhatsAppCRMDash\obj\Release\net8.0\PubTmp\Out\wwwroot\lib\highcharts\es-modules\Series\FlowMap\FlowMapSeries.js", "JavaScript", 0, 312, 0, 0, 0, 0, 0, 0, 443, 1, 756
"c:\Users\MSI SWORD 15 A12V\source\repos\SoftWhatsAppCRMDash\SoftWhatsAppCRMDash\obj\Release\net8.0\PubTmp\Out\wwwroot\lib\highcharts\es-modules\Series\FlowMap\FlowMapSeries.min.js", "JavaScript", 0, 1, 0, 0, 0, 0, 0, 0, 0, 0, 1
"c:\Users\MSI SWORD 15 A12V\source\repos\SoftWhatsAppCRMDash\SoftWhatsAppCRMDash\obj\Release\net8.0\PubTmp\Out\wwwroot\lib\highcharts\es-modules\Series\Funnel3D\Funnel3DComposition.js", "JavaScript", 0, 129, 0, 0, 0, 0, 0, 0, 39, 1, 169
"c:\Users\MSI SWORD 15 A12V\source\repos\SoftWhatsAppCRMDash\SoftWhatsAppCRMDash\obj\Release\net8.0\PubTmp\Out\wwwroot\lib\highcharts\es-modules\Series\Funnel3D\Funnel3DComposition.min.js", "JavaScript", 0, 1, 0, 0, 0, 0, 0, 0, 0, 0, 1
"c:\Users\MSI SWORD 15 A12V\source\repos\SoftWhatsAppCRMDash\SoftWhatsAppCRMDash\obj\Release\net8.0\PubTmp\Out\wwwroot\lib\highcharts\es-modules\Series\Funnel3D\Funnel3DPoint.js", "JavaScript", 0, 11, 0, 0, 0, 0, 0, 0, 23, 1, 35
"c:\Users\MSI SWORD 15 A12V\source\repos\SoftWhatsAppCRMDash\SoftWhatsAppCRMDash\obj\Release\net8.0\PubTmp\Out\wwwroot\lib\highcharts\es-modules\Series\Funnel3D\Funnel3DPoint.min.js", "JavaScript", 0, 1, 0, 0, 0, 0, 0, 0, 0, 0, 1
"c:\Users\MSI SWORD 15 A12V\source\repos\SoftWhatsAppCRMDash\SoftWhatsAppCRMDash\obj\Release\net8.0\PubTmp\Out\wwwroot\lib\highcharts\es-modules\Series\Funnel3D\Funnel3DSeries.js", "JavaScript", 0, 171, 0, 0, 0, 0, 0, 0, 85, 1, 257
"c:\Users\MSI SWORD 15 A12V\source\repos\SoftWhatsAppCRMDash\SoftWhatsAppCRMDash\obj\Release\net8.0\PubTmp\Out\wwwroot\lib\highcharts\es-modules\Series\Funnel3D\Funnel3DSeries.min.js", "JavaScript", 0, 1, 0, 0, 0, 0, 0, 0, 0, 0, 1
"c:\Users\MSI SWORD 15 A12V\source\repos\SoftWhatsAppCRMDash\SoftWhatsAppCRMDash\obj\Release\net8.0\PubTmp\Out\wwwroot\lib\highcharts\es-modules\Series\Funnel3D\Funnel3DSeriesDefaults.js", "JavaScript", 0, 21, 0, 0, 0, 0, 0, 0, 155, 1, 177
"c:\Users\MSI SWORD 15 A12V\source\repos\SoftWhatsAppCRMDash\SoftWhatsAppCRMDash\obj\Release\net8.0\PubTmp\Out\wwwroot\lib\highcharts\es-modules\Series\Funnel3D\Funnel3DSeriesDefaults.min.js", "JavaScript", 0, 1, 0, 0, 0, 0, 0, 0, 0, 0, 1
"c:\Users\MSI SWORD 15 A12V\source\repos\SoftWhatsAppCRMDash\SoftWhatsAppCRMDash\obj\Release\net8.0\PubTmp\Out\wwwroot\lib\highcharts\es-modules\Series\Funnel3D\SVGElement3DFunnel.js", "JavaScript", 0, 190, 0, 0, 0, 0, 0, 0, 52, 1, 243
"c:\Users\MSI SWORD 15 A12V\source\repos\SoftWhatsAppCRMDash\SoftWhatsAppCRMDash\obj\Release\net8.0\PubTmp\Out\wwwroot\lib\highcharts\es-modules\Series\Funnel3D\SVGElement3DFunnel.min.js", "JavaScript", 0, 1, 0, 0, 0, 0, 0, 0, 0, 0, 1
"c:\Users\MSI SWORD 15 A12V\source\repos\SoftWhatsAppCRMDash\SoftWhatsAppCRMDash\obj\Release\net8.0\PubTmp\Out\wwwroot\lib\highcharts\es-modules\Series\Funnel\FunnelSeries.js", "JavaScript", 0, 333, 0, 0, 0, 0, 0, 0, 139, 1, 473
"c:\Users\MSI SWORD 15 A12V\source\repos\SoftWhatsAppCRMDash\SoftWhatsAppCRMDash\obj\Release\net8.0\PubTmp\Out\wwwroot\lib\highcharts\es-modules\Series\Funnel\FunnelSeries.min.js", "JavaScript", 0, 1, 0, 0, 0, 0, 0, 0, 0, 0, 1
"c:\Users\MSI SWORD 15 A12V\source\repos\SoftWhatsAppCRMDash\SoftWhatsAppCRMDash\obj\Release\net8.0\PubTmp\Out\wwwroot\lib\highcharts\es-modules\Series\Funnel\FunnelSeriesDefaults.js", "JavaScript", 0, 24, 0, 0, 0, 0, 0, 0, 178, 1, 203
"c:\Users\MSI SWORD 15 A12V\source\repos\SoftWhatsAppCRMDash\SoftWhatsAppCRMDash\obj\Release\net8.0\PubTmp\Out\wwwroot\lib\highcharts\es-modules\Series\Funnel\FunnelSeriesDefaults.min.js", "JavaScript", 0, 1, 0, 0, 0, 0, 0, 0, 0, 0, 1
"c:\Users\MSI SWORD 15 A12V\source\repos\SoftWhatsAppCRMDash\SoftWhatsAppCRMDash\obj\Release\net8.0\PubTmp\Out\wwwroot\lib\highcharts\es-modules\Series\Gantt\GanttPoint.js", "JavaScript", 0, 25, 0, 0, 0, 0, 0, 0, 50, 1, 76
"c:\Users\MSI SWORD 15 A12V\source\repos\SoftWhatsAppCRMDash\SoftWhatsAppCRMDash\obj\Release\net8.0\PubTmp\Out\wwwroot\lib\highcharts\es-modules\Series\Gantt\GanttPoint.min.js", "JavaScript", 0, 1, 0, 0, 0, 0, 0, 0, 0, 0, 1
"c:\Users\MSI SWORD 15 A12V\source\repos\SoftWhatsAppCRMDash\SoftWhatsAppCRMDash\obj\Release\net8.0\PubTmp\Out\wwwroot\lib\highcharts\es-modules\Series\Gantt\GanttSeries.js", "JavaScript", 0, 81, 0, 0, 0, 0, 0, 0, 65, 1, 147
"c:\Users\MSI SWORD 15 A12V\source\repos\SoftWhatsAppCRMDash\SoftWhatsAppCRMDash\obj\Release\net8.0\PubTmp\Out\wwwroot\lib\highcharts\es-modules\Series\Gantt\GanttSeries.min.js", "JavaScript", 0, 1, 0, 0, 0, 0, 0, 0, 0, 0, 1
"c:\Users\MSI SWORD 15 A12V\source\repos\SoftWhatsAppCRMDash\SoftWhatsAppCRMDash\obj\Release\net8.0\PubTmp\Out\wwwroot\lib\highcharts\es-modules\Series\Gantt\GanttSeriesDefaults.js", "JavaScript", 0, 53, 0, 0, 0, 0, 0, 0, 168, 1, 222
"c:\Users\MSI SWORD 15 A12V\source\repos\SoftWhatsAppCRMDash\SoftWhatsAppCRMDash\obj\Release\net8.0\PubTmp\Out\wwwroot\lib\highcharts\es-modules\Series\Gantt\GanttSeriesDefaults.min.js", "JavaScript", 0, 1, 0, 0, 0, 0, 0, 0, 0, 0, 1
"c:\Users\MSI SWORD 15 A12V\source\repos\SoftWhatsAppCRMDash\SoftWhatsAppCRMDash\obj\Release\net8.0\PubTmp\Out\wwwroot\lib\highcharts\es-modules\Series\Gauge\GaugePoint.js", "JavaScript", 0, 9, 0, 0, 0, 0, 0, 0, 29, 1, 39
"c:\Users\MSI SWORD 15 A12V\source\repos\SoftWhatsAppCRMDash\SoftWhatsAppCRMDash\obj\Release\net8.0\PubTmp\Out\wwwroot\lib\highcharts\es-modules\Series\Gauge\GaugePoint.min.js", "JavaScript", 0, 1, 0, 0, 0, 0, 0, 0, 0, 0, 1
"c:\Users\MSI SWORD 15 A12V\source\repos\SoftWhatsAppCRMDash\SoftWhatsAppCRMDash\obj\Release\net8.0\PubTmp\Out\wwwroot\lib\highcharts\es-modules\Series\Gauge\GaugeSeries.js", "JavaScript", 0, 171, 0, 0, 0, 0, 0, 0, 387, 1, 559
"c:\Users\MSI SWORD 15 A12V\source\repos\SoftWhatsAppCRMDash\SoftWhatsAppCRMDash\obj\Release\net8.0\PubTmp\Out\wwwroot\lib\highcharts\es-modules\Series\Gauge\GaugeSeries.min.js", "JavaScript", 0, 1, 0, 0, 0, 0, 0, 0, 0, 0, 1
"c:\Users\MSI SWORD 15 A12V\source\repos\SoftWhatsAppCRMDash\SoftWhatsAppCRMDash\obj\Release\net8.0\PubTmp\Out\wwwroot\lib\highcharts\es-modules\Series\GeoHeatmap\GeoHeatmapPoint.js", "JavaScript", 0, 27, 0, 0, 0, 0, 0, 0, 32, 1, 60
"c:\Users\MSI SWORD 15 A12V\source\repos\SoftWhatsAppCRMDash\SoftWhatsAppCRMDash\obj\Release\net8.0\PubTmp\Out\wwwroot\lib\highcharts\es-modules\Series\GeoHeatmap\GeoHeatmapPoint.min.js", "JavaScript", 0, 1, 0, 0, 0, 0, 0, 0, 0, 0, 1
"c:\Users\MSI SWORD 15 A12V\source\repos\SoftWhatsAppCRMDash\SoftWhatsAppCRMDash\obj\Release\net8.0\PubTmp\Out\wwwroot\lib\highcharts\es-modules\Series\GeoHeatmap\GeoHeatmapPointOptions.js", "JavaScript", 0, 1, 0, 0, 0, 0, 0, 0, 11, 1, 13
"c:\Users\MSI SWORD 15 A12V\source\repos\SoftWhatsAppCRMDash\SoftWhatsAppCRMDash\obj\Release\net8.0\PubTmp\Out\wwwroot\lib\highcharts\es-modules\Series\GeoHeatmap\GeoHeatmapPointOptions.min.js", "JavaScript", 0, 0, 0, 0, 0, 0, 0, 0, 0, 1, 1
"c:\Users\MSI SWORD 15 A12V\source\repos\SoftWhatsAppCRMDash\SoftWhatsAppCRMDash\obj\Release\net8.0\PubTmp\Out\wwwroot\lib\highcharts\es-modules\Series\GeoHeatmap\GeoHeatmapSeries.js", "JavaScript", 0, 260, 0, 0, 0, 0, 0, 0, 276, 1, 537
"c:\Users\MSI SWORD 15 A12V\source\repos\SoftWhatsAppCRMDash\SoftWhatsAppCRMDash\obj\Release\net8.0\PubTmp\Out\wwwroot\lib\highcharts\es-modules\Series\GeoHeatmap\GeoHeatmapSeries.min.js", "JavaScript", 0, 1, 0, 0, 0, 0, 0, 0, 0, 0, 1
"c:\Users\MSI SWORD 15 A12V\source\repos\SoftWhatsAppCRMDash\SoftWhatsAppCRMDash\obj\Release\net8.0\PubTmp\Out\wwwroot\lib\highcharts\es-modules\Series\GeoHeatmap\GeoHeatmapSeriesOptions.js", "JavaScript", 0, 1, 0, 0, 0, 0, 0, 0, 11, 1, 13
"c:\Users\MSI SWORD 15 A12V\source\repos\SoftWhatsAppCRMDash\SoftWhatsAppCRMDash\obj\Release\net8.0\PubTmp\Out\wwwroot\lib\highcharts\es-modules\Series\GeoHeatmap\GeoHeatmapSeriesOptions.min.js", "JavaScript", 0, 0, 0, 0, 0, 0, 0, 0, 0, 1, 1
"c:\Users\MSI SWORD 15 A12V\source\repos\SoftWhatsAppCRMDash\SoftWhatsAppCRMDash\obj\Release\net8.0\PubTmp\Out\wwwroot\lib\highcharts\es-modules\Series\GraphLayoutComposition.js", "JavaScript", 0, 77, 0, 0, 0, 0, 0, 0, 53, 1, 131
"c:\Users\MSI SWORD 15 A12V\source\repos\SoftWhatsAppCRMDash\SoftWhatsAppCRMDash\obj\Release\net8.0\PubTmp\Out\wwwroot\lib\highcharts\es-modules\Series\GraphLayoutComposition.min.js", "JavaScript", 0, 1, 0, 0, 0, 0, 0, 0, 0, 0, 1
"c:\Users\MSI SWORD 15 A12V\source\repos\SoftWhatsAppCRMDash\SoftWhatsAppCRMDash\obj\Release\net8.0\PubTmp\Out\wwwroot\lib\highcharts\es-modules\Series\HLC\HLCPoint.js", "JavaScript", 0, 6, 0, 0, 0, 0, 0, 0, 19, 1, 26
"c:\Users\MSI SWORD 15 A12V\source\repos\SoftWhatsAppCRMDash\SoftWhatsAppCRMDash\obj\Release\net8.0\PubTmp\Out\wwwroot\lib\highcharts\es-modules\Series\HLC\HLCPoint.min.js", "JavaScript", 0, 1, 0, 0, 0, 0, 0, 0, 0, 0, 1
"c:\Users\MSI SWORD 15 A12V\source\repos\SoftWhatsAppCRMDash\SoftWhatsAppCRMDash\obj\Release\net8.0\PubTmp\Out\wwwroot\lib\highcharts\es-modules\Series\HLC\HLCSeries.js", "JavaScript", 0, 99, 0, 0, 0, 0, 0, 0, 84, 1, 184
"c:\Users\MSI SWORD 15 A12V\source\repos\SoftWhatsAppCRMDash\SoftWhatsAppCRMDash\obj\Release\net8.0\PubTmp\Out\wwwroot\lib\highcharts\es-modules\Series\HLC\HLCSeries.min.js", "JavaScript", 0, 1, 0, 0, 0, 0, 0, 0, 0, 0, 1
"c:\Users\MSI SWORD 15 A12V\source\repos\SoftWhatsAppCRMDash\SoftWhatsAppCRMDash\obj\Release\net8.0\PubTmp\Out\wwwroot\lib\highcharts\es-modules\Series\HLC\HLCSeriesDefaults.js", "JavaScript", 0, 20, 0, 0, 0, 0, 0, 0, 165, 1, 186
"c:\Users\MSI SWORD 15 A12V\source\repos\SoftWhatsAppCRMDash\SoftWhatsAppCRMDash\obj\Release\net8.0\PubTmp\Out\wwwroot\lib\highcharts\es-modules\Series\HLC\HLCSeriesDefaults.min.js", "JavaScript", 0, 1, 0, 0, 0, 0, 0, 0, 0, 0, 1
"c:\Users\MSI SWORD 15 A12V\source\repos\SoftWhatsAppCRMDash\SoftWhatsAppCRMDash\obj\Release\net8.0\PubTmp\Out\wwwroot\lib\highcharts\es-modules\Series\Heatmap\HeatmapPoint.js", "JavaScript", 0, 72, 0, 0, 0, 0, 0, 0, 39, 1, 112
"c:\Users\MSI SWORD 15 A12V\source\repos\SoftWhatsAppCRMDash\SoftWhatsAppCRMDash\obj\Release\net8.0\PubTmp\Out\wwwroot\lib\highcharts\es-modules\Series\Heatmap\HeatmapPoint.min.js", "JavaScript", 0, 1, 0, 0, 0, 0, 0, 0, 0, 0, 1
"c:\Users\MSI SWORD 15 A12V\source\repos\SoftWhatsAppCRMDash\SoftWhatsAppCRMDash\obj\Release\net8.0\PubTmp\Out\wwwroot\lib\highcharts\es-modules\Series\Heatmap\HeatmapSeries.js", "JavaScript", 0, 211, 0, 0, 0, 0, 0, 0, 121, 1, 333
"c:\Users\MSI SWORD 15 A12V\source\repos\SoftWhatsAppCRMDash\SoftWhatsAppCRMDash\obj\Release\net8.0\PubTmp\Out\wwwroot\lib\highcharts\es-modules\Series\Heatmap\HeatmapSeries.min.js", "JavaScript", 0, 1, 0, 0, 0, 0, 0, 0, 0, 0, 1
"c:\Users\MSI SWORD 15 A12V\source\repos\SoftWhatsAppCRMDash\SoftWhatsAppCRMDash\obj\Release\net8.0\PubTmp\Out\wwwroot\lib\highcharts\es-modules\Series\Heatmap\HeatmapSeriesDefaults.js", "JavaScript", 0, 48, 0, 0, 0, 0, 0, 0, 591, 1, 640
"c:\Users\MSI SWORD 15 A12V\source\repos\SoftWhatsAppCRMDash\SoftWhatsAppCRMDash\obj\Release\net8.0\PubTmp\Out\wwwroot\lib\highcharts\es-modules\Series\Heatmap\HeatmapSeriesDefaults.min.js", "JavaScript", 0, 1, 0, 0, 0, 0, 0, 0, 0, 0, 1
"c:\Users\MSI SWORD 15 A12V\source\repos\SoftWhatsAppCRMDash\SoftWhatsAppCRMDash\obj\Release\net8.0\PubTmp\Out\wwwroot\lib\highcharts\es-modules\Series\HeikinAshi\HeikinAshiPoint.js", "JavaScript", 0, 7, 0, 0, 0, 0, 0, 0, 20, 1, 28
"c:\Users\MSI SWORD 15 A12V\source\repos\SoftWhatsAppCRMDash\SoftWhatsAppCRMDash\obj\Release\net8.0\PubTmp\Out\wwwroot\lib\highcharts\es-modules\Series\HeikinAshi\HeikinAshiPoint.min.js", "JavaScript", 0, 1, 0, 0, 0, 0, 0, 0, 0, 0, 1
"c:\Users\MSI SWORD 15 A12V\source\repos\SoftWhatsAppCRMDash\SoftWhatsAppCRMDash\obj\Release\net8.0\PubTmp\Out\wwwroot\lib\highcharts\es-modules\Series\HeikinAshi\HeikinAshiSeries.js", "JavaScript", 0, 80, 0, 0, 0, 0, 0, 0, 92, 1, 173
"c:\Users\MSI SWORD 15 A12V\source\repos\SoftWhatsAppCRMDash\SoftWhatsAppCRMDash\obj\Release\net8.0\PubTmp\Out\wwwroot\lib\highcharts\es-modules\Series\HeikinAshi\HeikinAshiSeries.min.js", "JavaScript", 0, 1, 0, 0, 0, 0, 0, 0, 0, 0, 1
"c:\Users\MSI SWORD 15 A12V\source\repos\SoftWhatsAppCRMDash\SoftWhatsAppCRMDash\obj\Release\net8.0\PubTmp\Out\wwwroot\lib\highcharts\es-modules\Series\HeikinAshi\HeikinAshiSeriesDefaults.js", "JavaScript", 0, 8, 0, 0, 0, 0, 0, 0, 94, 1, 103
"c:\Users\MSI SWORD 15 A12V\source\repos\SoftWhatsAppCRMDash\SoftWhatsAppCRMDash\obj\Release\net8.0\PubTmp\Out\wwwroot\lib\highcharts\es-modules\Series\HeikinAshi\HeikinAshiSeriesDefaults.min.js", "JavaScript", 0, 1, 0, 0, 0, 0, 0, 0, 0, 0, 1
"c:\Users\MSI SWORD 15 A12V\source\repos\SoftWhatsAppCRMDash\SoftWhatsAppCRMDash\obj\Release\net8.0\PubTmp\Out\wwwroot\lib\highcharts\es-modules\Series\Histogram\HistogramSeries.js", "JavaScript", 0, 90, 0, 0, 0, 0, 0, 0, 64, 1, 155
"c:\Users\MSI SWORD 15 A12V\source\repos\SoftWhatsAppCRMDash\SoftWhatsAppCRMDash\obj\Release\net8.0\PubTmp\Out\wwwroot\lib\highcharts\es-modules\Series\Histogram\HistogramSeries.min.js", "JavaScript", 0, 1, 0, 0, 0, 0, 0, 0, 0, 0, 1
"c:\Users\MSI SWORD 15 A12V\source\repos\SoftWhatsAppCRMDash\SoftWhatsAppCRMDash\obj\Release\net8.0\PubTmp\Out\wwwroot\lib\highcharts\es-modules\Series\Histogram\HistogramSeriesDefaults.js", "JavaScript", 0, 18, 0, 0, 0, 0, 0, 0, 71, 1, 90
"c:\Users\MSI SWORD 15 A12V\source\repos\SoftWhatsAppCRMDash\SoftWhatsAppCRMDash\obj\Release\net8.0\PubTmp\Out\wwwroot\lib\highcharts\es-modules\Series\Histogram\HistogramSeriesDefaults.min.js", "JavaScript", 0, 1, 0, 0, 0, 0, 0, 0, 0, 0, 1
"c:\Users\MSI SWORD 15 A12V\source\repos\SoftWhatsAppCRMDash\SoftWhatsAppCRMDash\obj\Release\net8.0\PubTmp\Out\wwwroot\lib\highcharts\es-modules\Series\HollowCandlestick\HollowCandlestickPoint.js", "JavaScript", 0, 14, 0, 0, 0, 0, 0, 0, 40, 1, 55
"c:\Users\MSI SWORD 15 A12V\source\repos\SoftWhatsAppCRMDash\SoftWhatsAppCRMDash\obj\Release\net8.0\PubTmp\Out\wwwroot\lib\highcharts\es-modules\Series\HollowCandlestick\HollowCandlestickPoint.min.js", "JavaScript", 0, 1, 0, 0, 0, 0, 0, 0, 0, 0, 1
"c:\Users\MSI SWORD 15 A12V\source\repos\SoftWhatsAppCRMDash\SoftWhatsAppCRMDash\obj\Release\net8.0\PubTmp\Out\wwwroot\lib\highcharts\es-modules\Series\HollowCandlestick\HollowCandlestickSeries.js", "JavaScript", 0, 94, 0, 0, 0, 0, 0, 0, 247, 1, 342
"c:\Users\MSI SWORD 15 A12V\source\repos\SoftWhatsAppCRMDash\SoftWhatsAppCRMDash\obj\Release\net8.0\PubTmp\Out\wwwroot\lib\highcharts\es-modules\Series\HollowCandlestick\HollowCandlestickSeries.min.js", "JavaScript", 0, 1, 0, 0, 0, 0, 0, 0, 0, 0, 1
"c:\Users\MSI SWORD 15 A12V\source\repos\SoftWhatsAppCRMDash\SoftWhatsAppCRMDash\obj\Release\net8.0\PubTmp\Out\wwwroot\lib\highcharts\es-modules\Series\InterpolationUtilities.js", "JavaScript", 0, 40, 0, 0, 0, 0, 0, 0, 32, 1, 73
"c:\Users\MSI SWORD 15 A12V\source\repos\SoftWhatsAppCRMDash\SoftWhatsAppCRMDash\obj\Release\net8.0\PubTmp\Out\wwwroot\lib\highcharts\es-modules\Series\InterpolationUtilities.min.js", "JavaScript", 0, 1, 0, 0, 0, 0, 0, 0, 0, 0, 1
"c:\Users\MSI SWORD 15 A12V\source\repos\SoftWhatsAppCRMDash\SoftWhatsAppCRMDash\obj\Release\net8.0\PubTmp\Out\wwwroot\lib\highcharts\es-modules\Series\Item\ItemPoint.js", "JavaScript", 0, 11, 0, 0, 0, 0, 0, 0, 21, 1, 33
"c:\Users\MSI SWORD 15 A12V\source\repos\SoftWhatsAppCRMDash\SoftWhatsAppCRMDash\obj\Release\net8.0\PubTmp\Out\wwwroot\lib\highcharts\es-modules\Series\Item\ItemPoint.min.js", "JavaScript", 0, 1, 0, 0, 0, 0, 0, 0, 0, 0, 1
"c:\Users\MSI SWORD 15 A12V\source\repos\SoftWhatsAppCRMDash\SoftWhatsAppCRMDash\obj\Release\net8.0\PubTmp\Out\wwwroot\lib\highcharts\es-modules\Series\Item\ItemSeries.js", "JavaScript", 0, 245, 0, 0, 0, 0, 0, 0, 92, 1, 338
"c:\Users\MSI SWORD 15 A12V\source\repos\SoftWhatsAppCRMDash\SoftWhatsAppCRMDash\obj\Release\net8.0\PubTmp\Out\wwwroot\lib\highcharts\es-modules\Series\Item\ItemSeries.min.js", "JavaScript", 0, 1, 0, 0, 0, 0, 0, 0, 0, 0, 1
"c:\Users\MSI SWORD 15 A12V\source\repos\SoftWhatsAppCRMDash\SoftWhatsAppCRMDash\obj\Release\net8.0\PubTmp\Out\wwwroot\lib\highcharts\es-modules\Series\Item\ItemSeriesDefaults.js", "JavaScript", 0, 19, 0, 0, 0, 0, 0, 0, 162, 1, 182
"c:\Users\MSI SWORD 15 A12V\source\repos\SoftWhatsAppCRMDash\SoftWhatsAppCRMDash\obj\Release\net8.0\PubTmp\Out\wwwroot\lib\highcharts\es-modules\Series\Item\ItemSeriesDefaults.min.js", "JavaScript", 0, 1, 0, 0, 0, 0, 0, 0, 0, 0, 1
"c:\Users\MSI SWORD 15 A12V\source\repos\SoftWhatsAppCRMDash\SoftWhatsAppCRMDash\obj\Release\net8.0\PubTmp\Out\wwwroot\lib\highcharts\es-modules\Series\Line\LineSeries.js", "JavaScript", 0, 155, 0, 0, 0, 0, 0, 0, 342, 1, 498
"c:\Users\MSI SWORD 15 A12V\source\repos\SoftWhatsAppCRMDash\SoftWhatsAppCRMDash\obj\Release\net8.0\PubTmp\Out\wwwroot\lib\highcharts\es-modules\Series\Line\LineSeries.min.js", "JavaScript", 0, 1, 0, 0, 0, 0, 0, 0, 0, 0, 1
"c:\Users\MSI SWORD 15 A12V\source\repos\SoftWhatsAppCRMDash\SoftWhatsAppCRMDash\obj\Release\net8.0\PubTmp\Out\wwwroot\lib\highcharts\es-modules\Series\Lollipop\LollipopPoint.js", "JavaScript", 0, 13, 0, 0, 0, 0, 0, 0, 19, 1, 33
"c:\Users\MSI SWORD 15 A12V\source\repos\SoftWhatsAppCRMDash\SoftWhatsAppCRMDash\obj\Release\net8.0\PubTmp\Out\wwwroot\lib\highcharts\es-modules\Series\Lollipop\LollipopPoint.min.js", "JavaScript", 0, 1, 0, 0, 0, 0, 0, 0, 0, 0, 1
"c:\Users\MSI SWORD 15 A12V\source\repos\SoftWhatsAppCRMDash\SoftWhatsAppCRMDash\obj\Release\net8.0\PubTmp\Out\wwwroot\lib\highcharts\es-modules\Series\Lollipop\LollipopSeries.js", "JavaScript", 0, 62, 0, 0, 0, 0, 0, 0, 175, 1, 238
"c:\Users\MSI SWORD 15 A12V\source\repos\SoftWhatsAppCRMDash\SoftWhatsAppCRMDash\obj\Release\net8.0\PubTmp\Out\wwwroot\lib\highcharts\es-modules\Series\Lollipop\LollipopSeries.min.js", "JavaScript", 0, 1, 0, 0, 0, 0, 0, 0, 0, 0, 1
"c:\Users\MSI SWORD 15 A12V\source\repos\SoftWhatsAppCRMDash\SoftWhatsAppCRMDash\obj\Release\net8.0\PubTmp\Out\wwwroot\lib\highcharts\es-modules\Series\MapBubble\MapBubblePoint.js", "JavaScript", 0, 16, 0, 0, 0, 0, 0, 0, 29, 1, 46
"c:\Users\MSI SWORD 15 A12V\source\repos\SoftWhatsAppCRMDash\SoftWhatsAppCRMDash\obj\Release\net8.0\PubTmp\Out\wwwroot\lib\highcharts\es-modules\Series\MapBubble\MapBubblePoint.min.js", "JavaScript", 0, 1, 0, 0, 0, 0, 0, 0, 0, 0, 1
"c:\Users\MSI SWORD 15 A12V\source\repos\SoftWhatsAppCRMDash\SoftWhatsAppCRMDash\obj\Release\net8.0\PubTmp\Out\wwwroot\lib\highcharts\es-modules\Series\MapBubble\MapBubbleSeries.js", "JavaScript", 0, 51, 0, 0, 0, 0, 0, 0, 272, 1, 324
"c:\Users\MSI SWORD 15 A12V\source\repos\SoftWhatsAppCRMDash\SoftWhatsAppCRMDash\obj\Release\net8.0\PubTmp\Out\wwwroot\lib\highcharts\es-modules\Series\MapBubble\MapBubbleSeries.min.js", "JavaScript", 0, 1, 0, 0, 0, 0, 0, 0, 0, 0, 1
"c:\Users\MSI SWORD 15 A12V\source\repos\SoftWhatsAppCRMDash\SoftWhatsAppCRMDash\obj\Release\net8.0\PubTmp\Out\wwwroot\lib\highcharts\es-modules\Series\MapLine\MapLineSeries.js", "JavaScript", 0, 24, 0, 0, 0, 0, 0, 0, 43, 1, 68
"c:\Users\MSI SWORD 15 A12V\source\repos\SoftWhatsAppCRMDash\SoftWhatsAppCRMDash\obj\Release\net8.0\PubTmp\Out\wwwroot\lib\highcharts\es-modules\Series\MapLine\MapLineSeries.min.js", "JavaScript", 0, 1, 0, 0, 0, 0, 0, 0, 0, 0, 1
"c:\Users\MSI SWORD 15 A12V\source\repos\SoftWhatsAppCRMDash\SoftWhatsAppCRMDash\obj\Release\net8.0\PubTmp\Out\wwwroot\lib\highcharts\es-modules\Series\MapLine\MapLineSeriesDefaults.js", "JavaScript", 0, 8, 0, 0, 0, 0, 0, 0, 128, 1, 137
"c:\Users\MSI SWORD 15 A12V\source\repos\SoftWhatsAppCRMDash\SoftWhatsAppCRMDash\obj\Release\net8.0\PubTmp\Out\wwwroot\lib\highcharts\es-modules\Series\MapLine\MapLineSeriesDefaults.min.js", "JavaScript", 0, 1, 0, 0, 0, 0, 0, 0, 0, 0, 1
"c:\Users\MSI SWORD 15 A12V\source\repos\SoftWhatsAppCRMDash\SoftWhatsAppCRMDash\obj\Release\net8.0\PubTmp\Out\wwwroot\lib\highcharts\es-modules\Series\MapPoint\MapPointPoint.js", "JavaScript", 0, 13, 0, 0, 0, 0, 0, 0, 24, 1, 38
"c:\Users\MSI SWORD 15 A12V\source\repos\SoftWhatsAppCRMDash\SoftWhatsAppCRMDash\obj\Release\net8.0\PubTmp\Out\wwwroot\lib\highcharts\es-modules\Series\MapPoint\MapPointPoint.min.js", "JavaScript", 0, 1, 0, 0, 0, 0, 0, 0, 0, 0, 1
"c:\Users\MSI SWORD 15 A12V\source\repos\SoftWhatsAppCRMDash\SoftWhatsAppCRMDash\obj\Release\net8.0\PubTmp\Out\wwwroot\lib\highcharts\es-modules\Series\MapPoint\MapPointSeries.js", "JavaScript", 0, 133, 0, 0, 0, 0, 0, 0, 64, 1, 198
"c:\Users\MSI SWORD 15 A12V\source\repos\SoftWhatsAppCRMDash\SoftWhatsAppCRMDash\obj\Release\net8.0\PubTmp\Out\wwwroot\lib\highcharts\es-modules\Series\MapPoint\MapPointSeries.min.js", "JavaScript", 0, 1, 0, 0, 0, 0, 0, 0, 0, 0, 1
"c:\Users\MSI SWORD 15 A12V\source\repos\SoftWhatsAppCRMDash\SoftWhatsAppCRMDash\obj\Release\net8.0\PubTmp\Out\wwwroot\lib\highcharts\es-modules\Series\MapPoint\MapPointSeriesDefaults.js", "JavaScript", 0, 18, 0, 0, 0, 0, 0, 0, 186, 1, 205
"c:\Users\MSI SWORD 15 A12V\source\repos\SoftWhatsAppCRMDash\SoftWhatsAppCRMDash\obj\Release\net8.0\PubTmp\Out\wwwroot\lib\highcharts\es-modules\Series\MapPoint\MapPointSeriesDefaults.min.js", "JavaScript", 0, 1, 0, 0, 0, 0, 0, 0, 0, 0, 1
"c:\Users\MSI SWORD 15 A12V\source\repos\SoftWhatsAppCRMDash\SoftWhatsAppCRMDash\obj\Release\net8.0\PubTmp\Out\wwwroot\lib\highcharts\es-modules\Series\Map\MapPoint.js", "JavaScript", 0, 121, 0, 0, 0, 0, 0, 0, 71, 1, 193
"c:\Users\MSI SWORD 15 A12V\source\repos\SoftWhatsAppCRMDash\SoftWhatsAppCRMDash\obj\Release\net8.0\PubTmp\Out\wwwroot\lib\highcharts\es-modules\Series\Map\MapPoint.min.js", "JavaScript", 0, 1, 0, 0, 0, 0, 0, 0, 0, 0, 1
"c:\Users\MSI SWORD 15 A12V\source\repos\SoftWhatsAppCRMDash\SoftWhatsAppCRMDash\obj\Release\net8.0\PubTmp\Out\wwwroot\lib\highcharts\es-modules\Series\Map\MapSeries.js", "JavaScript", 0, 529, 0, 0, 0, 0, 0, 0, 190, 1, 720
"c:\Users\MSI SWORD 15 A12V\source\repos\SoftWhatsAppCRMDash\SoftWhatsAppCRMDash\obj\Release\net8.0\PubTmp\Out\wwwroot\lib\highcharts\es-modules\Series\Map\MapSeries.min.js", "JavaScript", 0, 1, 0, 0, 0, 0, 0, 0, 0, 0, 1
"c:\Users\MSI SWORD 15 A12V\source\repos\SoftWhatsAppCRMDash\SoftWhatsAppCRMDash\obj\Release\net8.0\PubTmp\Out\wwwroot\lib\highcharts\es-modules\Series\Map\MapSeriesDefaults.js", "JavaScript", 0, 49, 0, 0, 0, 0, 0, 0, 508, 1, 558
"c:\Users\MSI SWORD 15 A12V\source\repos\SoftWhatsAppCRMDash\SoftWhatsAppCRMDash\obj\Release\net8.0\PubTmp\Out\wwwroot\lib\highcharts\es-modules\Series\Map\MapSeriesDefaults.min.js", "JavaScript", 0, 1, 0, 0, 0, 0, 0, 0, 0, 0, 1
"c:\Users\MSI SWORD 15 A12V\source\repos\SoftWhatsAppCRMDash\SoftWhatsAppCRMDash\obj\Release\net8.0\PubTmp\Out\wwwroot\lib\highcharts\es-modules\Series\Networkgraph\EulerIntegration.js", "JavaScript", 0, 71, 0, 0, 0, 0, 0, 0, 127, 1, 199
"c:\Users\MSI SWORD 15 A12V\source\repos\SoftWhatsAppCRMDash\SoftWhatsAppCRMDash\obj\Release\net8.0\PubTmp\Out\wwwroot\lib\highcharts\es-modules\Series\Networkgraph\EulerIntegration.min.js", "JavaScript", 0, 1, 0, 0, 0, 0, 0, 0, 0, 0, 1
"c:\Users\MSI SWORD 15 A12V\source\repos\SoftWhatsAppCRMDash\SoftWhatsAppCRMDash\obj\Release\net8.0\PubTmp\Out\wwwroot\lib\highcharts\es-modules\Series\Networkgraph\NetworkgraphPoint.js", "JavaScript", 0, 158, 0, 0, 0, 0, 0, 0, 113, 1, 272
"c:\Users\MSI SWORD 15 A12V\source\repos\SoftWhatsAppCRMDash\SoftWhatsAppCRMDash\obj\Release\net8.0\PubTmp\Out\wwwroot\lib\highcharts\es-modules\Series\Networkgraph\NetworkgraphPoint.min.js", "JavaScript", 0, 1, 0, 0, 0, 0, 0, 0, 0, 0, 1
"c:\Users\MSI SWORD 15 A12V\source\repos\SoftWhatsAppCRMDash\SoftWhatsAppCRMDash\obj\Release\net8.0\PubTmp\Out\wwwroot\lib\highcharts\es-modules\Series\Networkgraph\NetworkgraphSeries.js", "JavaScript", 0, 231, 0, 0, 0, 0, 0, 0, 145, 1, 377
"c:\Users\MSI SWORD 15 A12V\source\repos\SoftWhatsAppCRMDash\SoftWhatsAppCRMDash\obj\Release\net8.0\PubTmp\Out\wwwroot\lib\highcharts\es-modules\Series\Networkgraph\NetworkgraphSeries.min.js", "JavaScript", 0, 1, 0, 0, 0, 0, 0, 0, 0, 0, 1
"c:\Users\MSI SWORD 15 A12V\source\repos\SoftWhatsAppCRMDash\SoftWhatsAppCRMDash\obj\Release\net8.0\PubTmp\Out\wwwroot\lib\highcharts\es-modules\Series\Networkgraph\NetworkgraphSeriesDefaults.js", "JavaScript", 0, 68, 0, 0, 0, 0, 0, 0, 495, 1, 564
"c:\Users\MSI SWORD 15 A12V\source\repos\SoftWhatsAppCRMDash\SoftWhatsAppCRMDash\obj\Release\net8.0\PubTmp\Out\wwwroot\lib\highcharts\es-modules\Series\Networkgraph\NetworkgraphSeriesDefaults.min.js", "JavaScript", 0, 1, 0, 0, 0, 0, 0, 0, 0, 0, 1
"c:\Users\MSI SWORD 15 A12V\source\repos\SoftWhatsAppCRMDash\SoftWhatsAppCRMDash\obj\Release\net8.0\PubTmp\Out\wwwroot\lib\highcharts\es-modules\Series\Networkgraph\QuadTree.js", "JavaScript", 0, 62, 0, 0, 0, 0, 0, 0, 81, 1, 144
"c:\Users\MSI SWORD 15 A12V\source\repos\SoftWhatsAppCRMDash\SoftWhatsAppCRMDash\obj\Release\net8.0\PubTmp\Out\wwwroot\lib\highcharts\es-modules\Series\Networkgraph\QuadTree.min.js", "JavaScript", 0, 1, 0, 0, 0, 0, 0, 0, 0, 0, 1
"c:\Users\MSI SWORD 15 A12V\source\repos\SoftWhatsAppCRMDash\SoftWhatsAppCRMDash\obj\Release\net8.0\PubTmp\Out\wwwroot\lib\highcharts\es-modules\Series\Networkgraph\QuadTreeNode.js", "JavaScript", 0, 119, 0, 0, 0, 0, 0, 0, 150, 1, 270
"c:\Users\MSI SWORD 15 A12V\source\repos\SoftWhatsAppCRMDash\SoftWhatsAppCRMDash\obj\Release\net8.0\PubTmp\Out\wwwroot\lib\highcharts\es-modules\Series\Networkgraph\QuadTreeNode.min.js", "JavaScript", 0, 1, 0, 0, 0, 0, 0, 0, 0, 0, 1
"c:\Users\MSI SWORD 15 A12V\source\repos\SoftWhatsAppCRMDash\SoftWhatsAppCRMDash\obj\Release\net8.0\PubTmp\Out\wwwroot\lib\highcharts\es-modules\Series\Networkgraph\ReingoldFruchtermanLayout.js", "JavaScript", 0, 385, 0, 0, 0, 0, 0, 0, 124, 1, 510
"c:\Users\MSI SWORD 15 A12V\source\repos\SoftWhatsAppCRMDash\SoftWhatsAppCRMDash\obj\Release\net8.0\PubTmp\Out\wwwroot\lib\highcharts\es-modules\Series\Networkgraph\ReingoldFruchtermanLayout.min.js", "JavaScript", 0, 1, 0, 0, 0, 0, 0, 0, 0, 0, 1
"c:\Users\MSI SWORD 15 A12V\source\repos\SoftWhatsAppCRMDash\SoftWhatsAppCRMDash\obj\Release\net8.0\PubTmp\Out\wwwroot\lib\highcharts\es-modules\Series\Networkgraph\VerletIntegration.js", "JavaScript", 0, 71, 0, 0, 0, 0, 0, 0, 118, 1, 190
"c:\Users\MSI SWORD 15 A12V\source\repos\SoftWhatsAppCRMDash\SoftWhatsAppCRMDash\obj\Release\net8.0\PubTmp\Out\wwwroot\lib\highcharts\es-modules\Series\Networkgraph\VerletIntegration.min.js", "JavaScript", 0, 1, 0, 0, 0, 0, 0, 0, 0, 0, 1
"c:\Users\MSI SWORD 15 A12V\source\repos\SoftWhatsAppCRMDash\SoftWhatsAppCRMDash\obj\Release\net8.0\PubTmp\Out\wwwroot\lib\highcharts\es-modules\Series\NodesComposition.js", "JavaScript", 0, 182, 0, 0, 0, 0, 0, 0, 82, 1, 265
"c:\Users\MSI SWORD 15 A12V\source\repos\SoftWhatsAppCRMDash\SoftWhatsAppCRMDash\obj\Release\net8.0\PubTmp\Out\wwwroot\lib\highcharts\es-modules\Series\NodesComposition.min.js", "JavaScript", 0, 1, 0, 0, 0, 0, 0, 0, 0, 0, 1
"c:\Users\MSI SWORD 15 A12V\source\repos\SoftWhatsAppCRMDash\SoftWhatsAppCRMDash\obj\Release\net8.0\PubTmp\Out\wwwroot\lib\highcharts\es-modules\Series\OHLC\OHLCPoint.js", "JavaScript", 0, 37, 0, 0, 0, 0, 0, 0, 51, 1, 89
"c:\Users\MSI SWORD 15 A12V\source\repos\SoftWhatsAppCRMDash\SoftWhatsAppCRMDash\obj\Release\net8.0\PubTmp\Out\wwwroot\lib\highcharts\es-modules\Series\OHLC\OHLCPoint.min.js", "JavaScript", 0, 1, 0, 0, 0, 0, 0, 0, 0, 0, 1
"c:\Users\MSI SWORD 15 A12V\source\repos\SoftWhatsAppCRMDash\SoftWhatsAppCRMDash\obj\Release\net8.0\PubTmp\Out\wwwroot\lib\highcharts\es-modules\Series\OHLC\OHLCSeries.js", "JavaScript", 0, 65, 0, 0, 0, 0, 0, 0, 62, 1, 128
"c:\Users\MSI SWORD 15 A12V\source\repos\SoftWhatsAppCRMDash\SoftWhatsAppCRMDash\obj\Release\net8.0\PubTmp\Out\wwwroot\lib\highcharts\es-modules\Series\OHLC\OHLCSeries.min.js", "JavaScript", 0, 1, 0, 0, 0, 0, 0, 0, 0, 0, 1
"c:\Users\MSI SWORD 15 A12V\source\repos\SoftWhatsAppCRMDash\SoftWhatsAppCRMDash\obj\Release\net8.0\PubTmp\Out\wwwroot\lib\highcharts\es-modules\Series\OHLC\OHLCSeriesDefaults.js", "JavaScript", 0, 13, 0, 0, 0, 0, 0, 0, 139, 1, 153
"c:\Users\MSI SWORD 15 A12V\source\repos\SoftWhatsAppCRMDash\SoftWhatsAppCRMDash\obj\Release\net8.0\PubTmp\Out\wwwroot\lib\highcharts\es-modules\Series\OHLC\OHLCSeriesDefaults.min.js", "JavaScript", 0, 1, 0, 0, 0, 0, 0, 0, 0, 0, 1
"c:\Users\MSI SWORD 15 A12V\source\repos\SoftWhatsAppCRMDash\SoftWhatsAppCRMDash\obj\Release\net8.0\PubTmp\Out\wwwroot\lib\highcharts\es-modules\Series\OnSeriesComposition.js", "JavaScript", 0, 149, 0, 0, 0, 0, 0, 0, 63, 1, 213
"c:\Users\MSI SWORD 15 A12V\source\repos\SoftWhatsAppCRMDash\SoftWhatsAppCRMDash\obj\Release\net8.0\PubTmp\Out\wwwroot\lib\highcharts\es-modules\Series\OnSeriesComposition.min.js", "JavaScript", 0, 1, 0, 0, 0, 0, 0, 0, 0, 0, 1
"c:\Users\MSI SWORD 15 A12V\source\repos\SoftWhatsAppCRMDash\SoftWhatsAppCRMDash\obj\Release\net8.0\PubTmp\Out\wwwroot\lib\highcharts\es-modules\Series\Organization\OrganizationPoint.js", "JavaScript", 0, 60, 0, 0, 0, 0, 0, 0, 55, 1, 116
"c:\Users\MSI SWORD 15 A12V\source\repos\SoftWhatsAppCRMDash\SoftWhatsAppCRMDash\obj\Release\net8.0\PubTmp\Out\wwwroot\lib\highcharts\es-modules\Series\Organization\OrganizationPoint.min.js", "JavaScript", 0, 1, 0, 0, 0, 0, 0, 0, 0, 0, 1
"c:\Users\MSI SWORD 15 A12V\source\repos\SoftWhatsAppCRMDash\SoftWhatsAppCRMDash\obj\Release\net8.0\PubTmp\Out\wwwroot\lib\highcharts\es-modules\Series\Organization\OrganizationSeries.js", "JavaScript", 0, 208, 0, 0, 0, 0, 0, 0, 75, 1, 284
"c:\Users\MSI SWORD 15 A12V\source\repos\SoftWhatsAppCRMDash\SoftWhatsAppCRMDash\obj\Release\net8.0\PubTmp\Out\wwwroot\lib\highcharts\es-modules\Series\Organization\OrganizationSeries.min.js", "JavaScript", 0, 1, 0, 0, 0, 0, 0, 0, 0, 0, 1
"c:\Users\MSI SWORD 15 A12V\source\repos\SoftWhatsAppCRMDash\SoftWhatsAppCRMDash\obj\Release\net8.0\PubTmp\Out\wwwroot\lib\highcharts\es-modules\Series\Organization\OrganizationSeriesDefaults.js", "JavaScript", 0, 98, 0, 0, 0, 0, 0, 0, 373, 1, 472
"c:\Users\MSI SWORD 15 A12V\source\repos\SoftWhatsAppCRMDash\SoftWhatsAppCRMDash\obj\Release\net8.0\PubTmp\Out\wwwroot\lib\highcharts\es-modules\Series\Organization\OrganizationSeriesDefaults.min.js", "JavaScript", 0, 1, 0, 0, 0, 0, 0, 0, 0, 0, 1
"c:\Users\MSI SWORD 15 A12V\source\repos\SoftWhatsAppCRMDash\SoftWhatsAppCRMDash\obj\Release\net8.0\PubTmp\Out\wwwroot\lib\highcharts\es-modules\Series\PackedBubble\PackedBubbleIntegration.js", "JavaScript", 0, 52, 0, 0, 0, 0, 0, 0, 28, 1, 81
"c:\Users\MSI SWORD 15 A12V\source\repos\SoftWhatsAppCRMDash\SoftWhatsAppCRMDash\obj\Release\net8.0\PubTmp\Out\wwwroot\lib\highcharts\es-modules\Series\PackedBubble\PackedBubbleIntegration.min.js", "JavaScript", 0, 1, 0, 0, 0, 0, 0, 0, 0, 0, 1
"c:\Users\MSI SWORD 15 A12V\source\repos\SoftWhatsAppCRMDash\SoftWhatsAppCRMDash\obj\Release\net8.0\PubTmp\Out\wwwroot\lib\highcharts\es-modules\Series\PackedBubble\PackedBubbleLayout.js", "JavaScript", 0, 126, 0, 0, 0, 0, 0, 0, 54, 1, 181
"c:\Users\MSI SWORD 15 A12V\source\repos\SoftWhatsAppCRMDash\SoftWhatsAppCRMDash\obj\Release\net8.0\PubTmp\Out\wwwroot\lib\highcharts\es-modules\Series\PackedBubble\PackedBubbleLayout.min.js", "JavaScript", 0, 1, 0, 0, 0, 0, 0, 0, 0, 0, 1
"c:\Users\MSI SWORD 15 A12V\source\repos\SoftWhatsAppCRMDash\SoftWhatsAppCRMDash\obj\Release\net8.0\PubTmp\Out\wwwroot\lib\highcharts\es-modules\Series\PackedBubble\PackedBubblePoint.js", "JavaScript", 0, 37, 0, 0, 0, 0, 0, 0, 30, 1, 68
"c:\Users\MSI SWORD 15 A12V\source\repos\SoftWhatsAppCRMDash\SoftWhatsAppCRMDash\obj\Release\net8.0\PubTmp\Out\wwwroot\lib\highcharts\es-modules\Series\PackedBubble\PackedBubblePoint.min.js", "JavaScript", 0, 1, 0, 0, 0, 0, 0, 0, 0, 0, 1
"c:\Users\MSI SWORD 15 A12V\source\repos\SoftWhatsAppCRMDash\SoftWhatsAppCRMDash\obj\Release\net8.0\PubTmp\Out\wwwroot\lib\highcharts\es-modules\Series\PackedBubble\PackedBubbleSeries.js", "JavaScript", 0, 605, 0, 0, 0, 0, 0, 0, 228, 1, 834
"c:\Users\MSI SWORD 15 A12V\source\repos\SoftWhatsAppCRMDash\SoftWhatsAppCRMDash\obj\Release\net8.0\PubTmp\Out\wwwroot\lib\highcharts\es-modules\Series\PackedBubble\PackedBubbleSeries.min.js", "JavaScript", 0, 1, 0, 0, 0, 0, 0, 0, 0, 0, 1
"c:\Users\MSI SWORD 15 A12V\source\repos\SoftWhatsAppCRMDash\SoftWhatsAppCRMDash\obj\Release\net8.0\PubTmp\Out\wwwroot\lib\highcharts\es-modules\Series\PackedBubble\PackedBubbleSeriesDefaults.js", "JavaScript", 0, 66, 0, 0, 0, 0, 0, 0, 327, 1, 394
"c:\Users\MSI SWORD 15 A12V\source\repos\SoftWhatsAppCRMDash\SoftWhatsAppCRMDash\obj\Release\net8.0\PubTmp\Out\wwwroot\lib\highcharts\es-modules\Series\PackedBubble\PackedBubbleSeriesDefaults.min.js", "JavaScript", 0, 1, 0, 0, 0, 0, 0, 0, 0, 0, 1
"c:\Users\MSI SWORD 15 A12V\source\repos\SoftWhatsAppCRMDash\SoftWhatsAppCRMDash\obj\Release\net8.0\PubTmp\Out\wwwroot\lib\highcharts\es-modules\Series\ParetoSeries\ParetoSeries.js", "JavaScript", 0, 41, 0, 0, 0, 0, 0, 0, 68, 1, 110
"c:\Users\MSI SWORD 15 A12V\source\repos\SoftWhatsAppCRMDash\SoftWhatsAppCRMDash\obj\Release\net8.0\PubTmp\Out\wwwroot\lib\highcharts\es-modules\Series\ParetoSeries\ParetoSeries.min.js", "JavaScript", 0, 1, 0, 0, 0, 0, 0, 0, 0, 0, 1
"c:\Users\MSI SWORD 15 A12V\source\repos\SoftWhatsAppCRMDash\SoftWhatsAppCRMDash\obj\Release\net8.0\PubTmp\Out\wwwroot\lib\highcharts\es-modules\Series\ParetoSeries\ParetoSeriesDefaults.js", "JavaScript", 0, 6, 0, 0, 0, 0, 0, 0, 73, 1, 80
"c:\Users\MSI SWORD 15 A12V\source\repos\SoftWhatsAppCRMDash\SoftWhatsAppCRMDash\obj\Release\net8.0\PubTmp\Out\wwwroot\lib\highcharts\es-modules\Series\ParetoSeries\ParetoSeriesDefaults.min.js", "JavaScript", 0, 1, 0, 0, 0, 0, 0, 0, 0, 0, 1
"c:\Users\MSI SWORD 15 A12V\source\repos\SoftWhatsAppCRMDash\SoftWhatsAppCRMDash\obj\Release\net8.0\PubTmp\Out\wwwroot\lib\highcharts\es-modules\Series\PathUtilities.js", "JavaScript", 0, 111, 0, 0, 0, 0, 0, 0, 26, 1, 138
"c:\Users\MSI SWORD 15 A12V\source\repos\SoftWhatsAppCRMDash\SoftWhatsAppCRMDash\obj\Release\net8.0\PubTmp\Out\wwwroot\lib\highcharts\es-modules\Series\PathUtilities.min.js", "JavaScript", 0, 1, 0, 0, 0, 0, 0, 0, 0, 0, 1
"c:\Users\MSI SWORD 15 A12V\source\repos\SoftWhatsAppCRMDash\SoftWhatsAppCRMDash\obj\Release\net8.0\PubTmp\Out\wwwroot\lib\highcharts\es-modules\Series\Pictorial\PictorialPoint.js", "JavaScript", 0, 17, 0, 0, 0, 0, 0, 0, 24, 1, 42
"c:\Users\MSI SWORD 15 A12V\source\repos\SoftWhatsAppCRMDash\SoftWhatsAppCRMDash\obj\Release\net8.0\PubTmp\Out\wwwroot\lib\highcharts\es-modules\Series\Pictorial\PictorialPoint.min.js", "JavaScript", 0, 1, 0, 0, 0, 0, 0, 0, 0, 0, 1
"c:\Users\MSI SWORD 15 A12V\source\repos\SoftWhatsAppCRMDash\SoftWhatsAppCRMDash\obj\Release\net8.0\PubTmp\Out\wwwroot\lib\highcharts\es-modules\Series\Pictorial\PictorialSeries.js", "JavaScript", 0, 258, 0, 0, 0, 0, 0, 0, 265, 1, 524
"c:\Users\MSI SWORD 15 A12V\source\repos\SoftWhatsAppCRMDash\SoftWhatsAppCRMDash\obj\Release\net8.0\PubTmp\Out\wwwroot\lib\highcharts\es-modules\Series\Pictorial\PictorialSeries.min.js", "JavaScript", 0, 1, 0, 0, 0, 0, 0, 0, 0, 0, 1
"c:\Users\MSI SWORD 15 A12V\source\repos\SoftWhatsAppCRMDash\SoftWhatsAppCRMDash\obj\Release\net8.0\PubTmp\Out\wwwroot\lib\highcharts\es-modules\Series\Pictorial\PictorialUtilities.js", "JavaScript", 0, 47, 0, 0, 0, 0, 0, 0, 21, 1, 69
"c:\Users\MSI SWORD 15 A12V\source\repos\SoftWhatsAppCRMDash\SoftWhatsAppCRMDash\obj\Release\net8.0\PubTmp\Out\wwwroot\lib\highcharts\es-modules\Series\Pictorial\PictorialUtilities.min.js", "JavaScript", 0, 1, 0, 0, 0, 0, 0, 0, 0, 0, 1
"c:\Users\MSI SWORD 15 A12V\source\repos\SoftWhatsAppCRMDash\SoftWhatsAppCRMDash\obj\Release\net8.0\PubTmp\Out\wwwroot\lib\highcharts\es-modules\Series\Pie3D\Pie3DPoint.js", "JavaScript", 0, 10, 0, 0, 0, 0, 0, 0, 29, 1, 40
"c:\Users\MSI SWORD 15 A12V\source\repos\SoftWhatsAppCRMDash\SoftWhatsAppCRMDash\obj\Release\net8.0\PubTmp\Out\wwwroot\lib\highcharts\es-modules\Series\Pie3D\Pie3DPoint.min.js", "JavaScript", 0, 1, 0, 0, 0, 0, 0, 0, 0, 0, 1
"c:\Users\MSI SWORD 15 A12V\source\repos\SoftWhatsAppCRMDash\SoftWhatsAppCRMDash\obj\Release\net8.0\PubTmp\Out\wwwroot\lib\highcharts\es-modules\Series\Pie3D\Pie3DSeries.js", "JavaScript", 0, 138, 0, 0, 0, 0, 0, 0, 72, 1, 211
"c:\Users\MSI SWORD 15 A12V\source\repos\SoftWhatsAppCRMDash\SoftWhatsAppCRMDash\obj\Release\net8.0\PubTmp\Out\wwwroot\lib\highcharts\es-modules\Series\Pie3D\Pie3DSeries.min.js", "JavaScript", 0, 1, 0, 0, 0, 0, 0, 0, 0, 0, 1
"c:\Users\MSI SWORD 15 A12V\source\repos\SoftWhatsAppCRMDash\SoftWhatsAppCRMDash\obj\Release\net8.0\PubTmp\Out\wwwroot\lib\highcharts\es-modules\Series\Pie\PieDataLabel.js", "JavaScript", 0, 360, 0, 0, 0, 0, 0, 0, 147, 1, 508
"c:\Users\MSI SWORD 15 A12V\source\repos\SoftWhatsAppCRMDash\SoftWhatsAppCRMDash\obj\Release\net8.0\PubTmp\Out\wwwroot\lib\highcharts\es-modules\Series\Pie\PieDataLabel.min.js", "JavaScript", 0, 1, 0, 0, 0, 0, 0, 0, 0, 0, 1
"c:\Users\MSI SWORD 15 A12V\source\repos\SoftWhatsAppCRMDash\SoftWhatsAppCRMDash\obj\Release\net8.0\PubTmp\Out\wwwroot\lib\highcharts\es-modules\Series\Pie\PiePoint.js", "JavaScript", 0, 121, 0, 0, 0, 0, 0, 0, 96, 1, 218
"c:\Users\MSI SWORD 15 A12V\source\repos\SoftWhatsAppCRMDash\SoftWhatsAppCRMDash\obj\Release\net8.0\PubTmp\Out\wwwroot\lib\highcharts\es-modules\Series\Pie\PiePoint.min.js", "JavaScript", 0, 1, 0, 0, 0, 0, 0, 0, 0, 0, 1
"c:\Users\MSI SWORD 15 A12V\source\repos\SoftWhatsAppCRMDash\SoftWhatsAppCRMDash\obj\Release\net8.0\PubTmp\Out\wwwroot\lib\highcharts\es-modules\Series\Pie\PieSeries.js", "JavaScript", 0, 246, 0, 0, 0, 0, 0, 0, 119, 1, 366
"c:\Users\MSI SWORD 15 A12V\source\repos\SoftWhatsAppCRMDash\SoftWhatsAppCRMDash\obj\Release\net8.0\PubTmp\Out\wwwroot\lib\highcharts\es-modules\Series\Pie\PieSeries.min.js", "JavaScript", 0, 1, 0, 0, 0, 0, 0, 0, 0, 0, 1
"c:\Users\MSI SWORD 15 A12V\source\repos\SoftWhatsAppCRMDash\SoftWhatsAppCRMDash\obj\Release\net8.0\PubTmp\Out\wwwroot\lib\highcharts\es-modules\Series\Pie\PieSeriesDefaults.js", "JavaScript", 0, 41, 0, 0, 0, 0, 0, 0, 634, 1, 676
"c:\Users\MSI SWORD 15 A12V\source\repos\SoftWhatsAppCRMDash\SoftWhatsAppCRMDash\obj\Release\net8.0\PubTmp\Out\wwwroot\lib\highcharts\es-modules\Series\Pie\PieSeriesDefaults.min.js", "JavaScript", 0, 1, 0, 0, 0, 0, 0, 0, 0, 0, 1
"c:\Users\MSI SWORD 15 A12V\source\repos\SoftWhatsAppCRMDash\SoftWhatsAppCRMDash\obj\Release\net8.0\PubTmp\Out\wwwroot\lib\highcharts\es-modules\Series\PointAndFigure\PointAndFigurePoint.js", "JavaScript", 0, 22, 0, 0, 0, 0, 0, 0, 38, 1, 61
"c:\Users\MSI SWORD 15 A12V\source\repos\SoftWhatsAppCRMDash\SoftWhatsAppCRMDash\obj\Release\net8.0\PubTmp\Out\wwwroot\lib\highcharts\es-modules\Series\PointAndFigure\PointAndFigurePoint.min.js", "JavaScript", 0, 1, 0, 0, 0, 0, 0, 0, 0, 0, 1
"c:\Users\MSI SWORD 15 A12V\source\repos\SoftWhatsAppCRMDash\SoftWhatsAppCRMDash\obj\Release\net8.0\PubTmp\Out\wwwroot\lib\highcharts\es-modules\Series\PointAndFigure\PointAndFigureSeries.js", "JavaScript", 0, 144, 0, 0, 0, 0, 0, 0, 72, 1, 217
"c:\Users\MSI SWORD 15 A12V\source\repos\SoftWhatsAppCRMDash\SoftWhatsAppCRMDash\obj\Release\net8.0\PubTmp\Out\wwwroot\lib\highcharts\es-modules\Series\PointAndFigure\PointAndFigureSeries.min.js", "JavaScript", 0, 1, 0, 0, 0, 0, 0, 0, 0, 0, 1
"c:\Users\MSI SWORD 15 A12V\source\repos\SoftWhatsAppCRMDash\SoftWhatsAppCRMDash\obj\Release\net8.0\PubTmp\Out\wwwroot\lib\highcharts\es-modules\Series\PointAndFigure\PointAndFigureSeriesDefaults.js", "JavaScript", 0, 32, 0, 0, 0, 0, 0, 0, 109, 1, 142
"c:\Users\MSI SWORD 15 A12V\source\repos\SoftWhatsAppCRMDash\SoftWhatsAppCRMDash\obj\Release\net8.0\PubTmp\Out\wwwroot\lib\highcharts\es-modules\Series\PointAndFigure\PointAndFigureSeriesDefaults.min.js", "JavaScript", 0, 1, 0, 0, 0, 0, 0, 0, 0, 0, 1
"c:\Users\MSI SWORD 15 A12V\source\repos\SoftWhatsAppCRMDash\SoftWhatsAppCRMDash\obj\Release\net8.0\PubTmp\Out\wwwroot\lib\highcharts\es-modules\Series\PointAndFigure\PointAndFigureSymbols.js", "JavaScript", 0, 27, 0, 0, 0, 0, 0, 0, 34, 1, 62
"c:\Users\MSI SWORD 15 A12V\source\repos\SoftWhatsAppCRMDash\SoftWhatsAppCRMDash\obj\Release\net8.0\PubTmp\Out\wwwroot\lib\highcharts\es-modules\Series\PointAndFigure\PointAndFigureSymbols.min.js", "JavaScript", 0, 1, 0, 0, 0, 0, 0, 0, 0, 0, 1
"c:\Users\MSI SWORD 15 A12V\source\repos\SoftWhatsAppCRMDash\SoftWhatsAppCRMDash\obj\Release\net8.0\PubTmp\Out\wwwroot\lib\highcharts\es-modules\Series\PolarComposition.js", "JavaScript", 0, 770, 0, 0, 0, 0, 0, 0, 261, 1, 1032
"c:\Users\MSI SWORD 15 A12V\source\repos\SoftWhatsAppCRMDash\SoftWhatsAppCRMDash\obj\Release\net8.0\PubTmp\Out\wwwroot\lib\highcharts\es-modules\Series\PolarComposition.min.js", "JavaScript", 0, 1, 0, 0, 0, 0, 0, 0, 0, 0, 1
"c:\Users\MSI SWORD 15 A12V\source\repos\SoftWhatsAppCRMDash\SoftWhatsAppCRMDash\obj\Release\net8.0\PubTmp\Out\wwwroot\lib\highcharts\es-modules\Series\Polygon\PolygonSeries.js", "JavaScript", 0, 33, 0, 0, 0, 0, 0, 0, 31, 1, 65
"c:\Users\MSI SWORD 15 A12V\source\repos\SoftWhatsAppCRMDash\SoftWhatsAppCRMDash\obj\Release\net8.0\PubTmp\Out\wwwroot\lib\highcharts\es-modules\Series\Polygon\PolygonSeries.min.js", "JavaScript", 0, 1, 0, 0, 0, 0, 0, 0, 0, 0, 1
"c:\Users\MSI SWORD 15 A12V\source\repos\SoftWhatsAppCRMDash\SoftWhatsAppCRMDash\obj\Release\net8.0\PubTmp\Out\wwwroot\lib\highcharts\es-modules\Series\Polygon\PolygonSeriesDefaults.js", "JavaScript", 0, 20, 0, 0, 0, 0, 0, 0, 106, 1, 127
"c:\Users\MSI SWORD 15 A12V\source\repos\SoftWhatsAppCRMDash\SoftWhatsAppCRMDash\obj\Release\net8.0\PubTmp\Out\wwwroot\lib\highcharts\es-modules\Series\Polygon\PolygonSeriesDefaults.min.js", "JavaScript", 0, 1, 0, 0, 0, 0, 0, 0, 0, 0, 1
"c:\Users\MSI SWORD 15 A12V\source\repos\SoftWhatsAppCRMDash\SoftWhatsAppCRMDash\obj\Release\net8.0\PubTmp\Out\wwwroot\lib\highcharts\es-modules\Series\Pyramid3D\Pyramid3DSeries.js", "JavaScript", 0, 11, 0, 0, 0, 0, 0, 0, 39, 1, 51
"c:\Users\MSI SWORD 15 A12V\source\repos\SoftWhatsAppCRMDash\SoftWhatsAppCRMDash\obj\Release\net8.0\PubTmp\Out\wwwroot\lib\highcharts\es-modules\Series\Pyramid3D\Pyramid3DSeries.min.js", "JavaScript", 0, 1, 0, 0, 0, 0, 0, 0, 0, 0, 1
"c:\Users\MSI SWORD 15 A12V\source\repos\SoftWhatsAppCRMDash\SoftWhatsAppCRMDash\obj\Release\net8.0\PubTmp\Out\wwwroot\lib\highcharts\es-modules\Series\Pyramid3D\Pyramid3DSeriesDefaults.js", "JavaScript", 0, 11, 0, 0, 0, 0, 0, 0, 109, 1, 121
"c:\Users\MSI SWORD 15 A12V\source\repos\SoftWhatsAppCRMDash\SoftWhatsAppCRMDash\obj\Release\net8.0\PubTmp\Out\wwwroot\lib\highcharts\es-modules\Series\Pyramid3D\Pyramid3DSeriesDefaults.min.js", "JavaScript", 0, 1, 0, 0, 0, 0, 0, 0, 0, 0, 1
"c:\Users\MSI SWORD 15 A12V\source\repos\SoftWhatsAppCRMDash\SoftWhatsAppCRMDash\obj\Release\net8.0\PubTmp\Out\wwwroot\lib\highcharts\es-modules\Series\Pyramid\PyramidSeries.js", "JavaScript", 0, 11, 0, 0, 0, 0, 0, 0, 47, 1, 59
"c:\Users\MSI SWORD 15 A12V\source\repos\SoftWhatsAppCRMDash\SoftWhatsAppCRMDash\obj\Release\net8.0\PubTmp\Out\wwwroot\lib\highcharts\es-modules\Series\Pyramid\PyramidSeries.min.js", "JavaScript", 0, 1, 0, 0, 0, 0, 0, 0, 0, 0, 1
"c:\Users\MSI SWORD 15 A12V\source\repos\SoftWhatsAppCRMDash\SoftWhatsAppCRMDash\obj\Release\net8.0\PubTmp\Out\wwwroot\lib\highcharts\es-modules\Series\Pyramid\PyramidSeriesDefaults.js", "JavaScript", 0, 8, 0, 0, 0, 0, 0, 0, 88, 1, 97
"c:\Users\MSI SWORD 15 A12V\source\repos\SoftWhatsAppCRMDash\SoftWhatsAppCRMDash\obj\Release\net8.0\PubTmp\Out\wwwroot\lib\highcharts\es-modules\Series\Pyramid\PyramidSeriesDefaults.min.js", "JavaScript", 0, 1, 0, 0, 0, 0, 0, 0, 0, 0, 1
"c:\Users\MSI SWORD 15 A12V\source\repos\SoftWhatsAppCRMDash\SoftWhatsAppCRMDash\obj\Release\net8.0\PubTmp\Out\wwwroot\lib\highcharts\es-modules\Series\Renko\RenkoPoint.js", "JavaScript", 0, 10, 0, 0, 0, 0, 0, 0, 19, 1, 30
"c:\Users\MSI SWORD 15 A12V\source\repos\SoftWhatsAppCRMDash\SoftWhatsAppCRMDash\obj\Release\net8.0\PubTmp\Out\wwwroot\lib\highcharts\es-modules\Series\Renko\RenkoPoint.min.js", "JavaScript", 0, 1, 0, 0, 0, 0, 0, 0, 0, 0, 1
"c:\Users\MSI SWORD 15 A12V\source\repos\SoftWhatsAppCRMDash\SoftWhatsAppCRMDash\obj\Release\net8.0\PubTmp\Out\wwwroot\lib\highcharts\es-modules\Series\Renko\RenkoSeries.js", "JavaScript", 0, 108, 0, 0, 0, 0, 0, 0, 40, 1, 149
"c:\Users\MSI SWORD 15 A12V\source\repos\SoftWhatsAppCRMDash\SoftWhatsAppCRMDash\obj\Release\net8.0\PubTmp\Out\wwwroot\lib\highcharts\es-modules\Series\Renko\RenkoSeries.min.js", "JavaScript", 0, 1, 0, 0, 0, 0, 0, 0, 0, 0, 1
"c:\Users\MSI SWORD 15 A12V\source\repos\SoftWhatsAppCRMDash\SoftWhatsAppCRMDash\obj\Release\net8.0\PubTmp\Out\wwwroot\lib\highcharts\es-modules\Series\Renko\RenkoSeriesDefaults.js", "JavaScript", 0, 22, 0, 0, 0, 0, 0, 0, 104, 1, 127
"c:\Users\MSI SWORD 15 A12V\source\repos\SoftWhatsAppCRMDash\SoftWhatsAppCRMDash\obj\Release\net8.0\PubTmp\Out\wwwroot\lib\highcharts\es-modules\Series\Renko\RenkoSeriesDefaults.min.js", "JavaScript", 0, 1, 0, 0, 0, 0, 0, 0, 0, 0, 1
"c:\Users\MSI SWORD 15 A12V\source\repos\SoftWhatsAppCRMDash\SoftWhatsAppCRMDash\obj\Release\net8.0\PubTmp\Out\wwwroot\lib\highcharts\es-modules\Series\Sankey\SankeyColumnComposition.js", "JavaScript", 0, 106, 0, 0, 0, 0, 0, 0, 119, 1, 226
"c:\Users\MSI SWORD 15 A12V\source\repos\SoftWhatsAppCRMDash\SoftWhatsAppCRMDash\obj\Release\net8.0\PubTmp\Out\wwwroot\lib\highcharts\es-modules\Series\Sankey\SankeyColumnComposition.min.js", "JavaScript", 0, 1, 0, 0, 0, 0, 0, 0, 0, 0, 1
"c:\Users\MSI SWORD 15 A12V\source\repos\SoftWhatsAppCRMDash\SoftWhatsAppCRMDash\obj\Release\net8.0\PubTmp\Out\wwwroot\lib\highcharts\es-modules\Series\Sankey\SankeyPoint.js", "JavaScript", 0, 48, 0, 0, 0, 0, 0, 0, 47, 1, 96
"c:\Users\MSI SWORD 15 A12V\source\repos\SoftWhatsAppCRMDash\SoftWhatsAppCRMDash\obj\Release\net8.0\PubTmp\Out\wwwroot\lib\highcharts\es-modules\Series\Sankey\SankeyPoint.min.js", "JavaScript", 0, 1, 0, 0, 0, 0, 0, 0, 0, 0, 1
"c:\Users\MSI SWORD 15 A12V\source\repos\SoftWhatsAppCRMDash\SoftWhatsAppCRMDash\obj\Release\net8.0\PubTmp\Out\wwwroot\lib\highcharts\es-modules\Series\Sankey\SankeySeries.js", "JavaScript", 0, 352, 0, 0, 0, 0, 0, 0, 229, 1, 582
"c:\Users\MSI SWORD 15 A12V\source\repos\SoftWhatsAppCRMDash\SoftWhatsAppCRMDash\obj\Release\net8.0\PubTmp\Out\wwwroot\lib\highcharts\es-modules\Series\Sankey\SankeySeries.min.js", "JavaScript", 0, 1, 0, 0, 0, 0, 0, 0, 0, 0, 1
"c:\Users\MSI SWORD 15 A12V\source\repos\SoftWhatsAppCRMDash\SoftWhatsAppCRMDash\obj\Release\net8.0\PubTmp\Out\wwwroot\lib\highcharts\es-modules\Series\Sankey\SankeySeriesDefaults.js", "JavaScript", 0, 51, 0, 0, 0, 0, 0, 0, 544, 1, 596
"c:\Users\MSI SWORD 15 A12V\source\repos\SoftWhatsAppCRMDash\SoftWhatsAppCRMDash\obj\Release\net8.0\PubTmp\Out\wwwroot\lib\highcharts\es-modules\Series\Sankey\SankeySeriesDefaults.min.js", "JavaScript", 0, 1, 0, 0, 0, 0, 0, 0, 0, 0, 1
"c:\Users\MSI SWORD 15 A12V\source\repos\SoftWhatsAppCRMDash\SoftWhatsAppCRMDash\obj\Release\net8.0\PubTmp\Out\wwwroot\lib\highcharts\es-modules\Series\Scatter3D\Scatter3DPoint.js", "JavaScript", 0, 15, 0, 0, 0, 0, 0, 0, 26, 1, 42
"c:\Users\MSI SWORD 15 A12V\source\repos\SoftWhatsAppCRMDash\SoftWhatsAppCRMDash\obj\Release\net8.0\PubTmp\Out\wwwroot\lib\highcharts\es-modules\Series\Scatter3D\Scatter3DPoint.min.js", "JavaScript", 0, 1, 0, 0, 0, 0, 0, 0, 0, 0, 1
"c:\Users\MSI SWORD 15 A12V\source\repos\SoftWhatsAppCRMDash\SoftWhatsAppCRMDash\obj\Release\net8.0\PubTmp\Out\wwwroot\lib\highcharts\es-modules\Series\Scatter3D\Scatter3DSeries.js", "JavaScript", 0, 29, 0, 0, 0, 0, 0, 0, 41, 1, 71
"c:\Users\MSI SWORD 15 A12V\source\repos\SoftWhatsAppCRMDash\SoftWhatsAppCRMDash\obj\Release\net8.0\PubTmp\Out\wwwroot\lib\highcharts\es-modules\Series\Scatter3D\Scatter3DSeries.min.js", "JavaScript", 0, 1, 0, 0, 0, 0, 0, 0, 0, 0, 1
"c:\Users\MSI SWORD 15 A12V\source\repos\SoftWhatsAppCRMDash\SoftWhatsAppCRMDash\obj\Release\net8.0\PubTmp\Out\wwwroot\lib\highcharts\es-modules\Series\Scatter3D\Scatter3DSeriesDefaults.js", "JavaScript", 0, 8, 0, 0, 0, 0, 0, 0, 110, 1, 119
"c:\Users\MSI SWORD 15 A12V\source\repos\SoftWhatsAppCRMDash\SoftWhatsAppCRMDash\obj\Release\net8.0\PubTmp\Out\wwwroot\lib\highcharts\es-modules\Series\Scatter3D\Scatter3DSeriesDefaults.min.js", "JavaScript", 0, 1, 0, 0, 0, 0, 0, 0, 0, 0, 1
"c:\Users\MSI SWORD 15 A12V\source\repos\SoftWhatsAppCRMDash\SoftWhatsAppCRMDash\obj\Release\net8.0\PubTmp\Out\wwwroot\lib\highcharts\es-modules\Series\Scatter\ScatterSeries.js", "JavaScript", 0, 54, 0, 0, 0, 0, 0, 0, 56, 1, 111
"c:\Users\MSI SWORD 15 A12V\source\repos\SoftWhatsAppCRMDash\SoftWhatsAppCRMDash\obj\Release\net8.0\PubTmp\Out\wwwroot\lib\highcharts\es-modules\Series\Scatter\ScatterSeries.min.js", "JavaScript", 0, 1, 0, 0, 0, 0, 0, 0, 0, 0, 1
"c:\Users\MSI SWORD 15 A12V\source\repos\SoftWhatsAppCRMDash\SoftWhatsAppCRMDash\obj\Release\net8.0\PubTmp\Out\wwwroot\lib\highcharts\es-modules\Series\Scatter\ScatterSeriesDefaults.js", "JavaScript", 0, 19, 0, 0, 0, 0, 0, 0, 172, 1, 192
"c:\Users\MSI SWORD 15 A12V\source\repos\SoftWhatsAppCRMDash\SoftWhatsAppCRMDash\obj\Release\net8.0\PubTmp\Out\wwwroot\lib\highcharts\es-modules\Series\Scatter\ScatterSeriesDefaults.min.js", "JavaScript", 0, 1, 0, 0, 0, 0, 0, 0, 0, 0, 1
"c:\Users\MSI SWORD 15 A12V\source\repos\SoftWhatsAppCRMDash\SoftWhatsAppCRMDash\obj\Release\net8.0\PubTmp\Out\wwwroot\lib\highcharts\es-modules\Series\SeriesOnPointComposition.js", "JavaScript", 0, 165, 0, 0, 0, 0, 0, 0, 230, 1, 396
"c:\Users\MSI SWORD 15 A12V\source\repos\SoftWhatsAppCRMDash\SoftWhatsAppCRMDash\obj\Release\net8.0\PubTmp\Out\wwwroot\lib\highcharts\es-modules\Series\SeriesOnPointComposition.min.js", "JavaScript", 0, 1, 0, 0, 0, 0, 0, 0, 0, 0, 1
"c:\Users\MSI SWORD 15 A12V\source\repos\SoftWhatsAppCRMDash\SoftWhatsAppCRMDash\obj\Release\net8.0\PubTmp\Out\wwwroot\lib\highcharts\es-modules\Series\SimulationSeriesUtilities.js", "JavaScript", 0, 38, 0, 0, 0, 0, 0, 0, 25, 1, 64
"c:\Users\MSI SWORD 15 A12V\source\repos\SoftWhatsAppCRMDash\SoftWhatsAppCRMDash\obj\Release\net8.0\PubTmp\Out\wwwroot\lib\highcharts\es-modules\Series\SimulationSeriesUtilities.min.js", "JavaScript", 0, 1, 0, 0, 0, 0, 0, 0, 0, 0, 1
"c:\Users\MSI SWORD 15 A12V\source\repos\SoftWhatsAppCRMDash\SoftWhatsAppCRMDash\obj\Release\net8.0\PubTmp\Out\wwwroot\lib\highcharts\es-modules\Series\SolidGauge\SolidGaugeSeries.js", "JavaScript", 0, 110, 0, 0, 0, 0, 0, 0, 50, 1, 161
"c:\Users\MSI SWORD 15 A12V\source\repos\SoftWhatsAppCRMDash\SoftWhatsAppCRMDash\obj\Release\net8.0\PubTmp\Out\wwwroot\lib\highcharts\es-modules\Series\SolidGauge\SolidGaugeSeries.min.js", "JavaScript", 0, 1, 0, 0, 0, 0, 0, 0, 0, 0, 1
"c:\Users\MSI SWORD 15 A12V\source\repos\SoftWhatsAppCRMDash\SoftWhatsAppCRMDash\obj\Release\net8.0\PubTmp\Out\wwwroot\lib\highcharts\es-modules\Series\SolidGauge\SolidGaugeSeriesDefaults.js", "JavaScript", 0, 9, 0, 0, 0, 0, 0, 0, 194, 1, 204
"c:\Users\MSI SWORD 15 A12V\source\repos\SoftWhatsAppCRMDash\SoftWhatsAppCRMDash\obj\Release\net8.0\PubTmp\Out\wwwroot\lib\highcharts\es-modules\Series\SolidGauge\SolidGaugeSeriesDefaults.min.js", "JavaScript", 0, 1, 0, 0, 0, 0, 0, 0, 0, 0, 1
"c:\Users\MSI SWORD 15 A12V\source\repos\SoftWhatsAppCRMDash\SoftWhatsAppCRMDash\obj\Release\net8.0\PubTmp\Out\wwwroot\lib\highcharts\es-modules\Series\Spline\SplineSeries.js", "JavaScript", 0, 70, 0, 0, 0, 0, 0, 0, 202, 1, 273
"c:\Users\MSI SWORD 15 A12V\source\repos\SoftWhatsAppCRMDash\SoftWhatsAppCRMDash\obj\Release\net8.0\PubTmp\Out\wwwroot\lib\highcharts\es-modules\Series\Spline\SplineSeries.min.js", "JavaScript", 0, 1, 0, 0, 0, 0, 0, 0, 0, 0, 1
"c:\Users\MSI SWORD 15 A12V\source\repos\SoftWhatsAppCRMDash\SoftWhatsAppCRMDash\obj\Release\net8.0\PubTmp\Out\wwwroot\lib\highcharts\es-modules\Series\Streamgraph\StreamgraphSeries.js", "JavaScript", 0, 24, 0, 0, 0, 0, 0, 0, 43, 1, 68
"c:\Users\MSI SWORD 15 A12V\source\repos\SoftWhatsAppCRMDash\SoftWhatsAppCRMDash\obj\Release\net8.0\PubTmp\Out\wwwroot\lib\highcharts\es-modules\Series\Streamgraph\StreamgraphSeries.min.js", "JavaScript", 0, 1, 0, 0, 0, 0, 0, 0, 0, 0, 1
"c:\Users\MSI SWORD 15 A12V\source\repos\SoftWhatsAppCRMDash\SoftWhatsAppCRMDash\obj\Release\net8.0\PubTmp\Out\wwwroot\lib\highcharts\es-modules\Series\Streamgraph\StreamgraphSeriesDefaults.js", "JavaScript", 0, 11, 0, 0, 0, 0, 0, 0, 141, 1, 153
"c:\Users\MSI SWORD 15 A12V\source\repos\SoftWhatsAppCRMDash\SoftWhatsAppCRMDash\obj\Release\net8.0\PubTmp\Out\wwwroot\lib\highcharts\es-modules\Series\Streamgraph\StreamgraphSeriesDefaults.min.js", "JavaScript", 0, 1, 0, 0, 0, 0, 0, 0, 0, 0, 1
"c:\Users\MSI SWORD 15 A12V\source\repos\SoftWhatsAppCRMDash\SoftWhatsAppCRMDash\obj\Release\net8.0\PubTmp\Out\wwwroot\lib\highcharts\es-modules\Series\Sunburst\SunburstNode.js", "JavaScript", 0, 5, 0, 0, 0, 0, 0, 0, 19, 1, 25
"c:\Users\MSI SWORD 15 A12V\source\repos\SoftWhatsAppCRMDash\SoftWhatsAppCRMDash\obj\Release\net8.0\PubTmp\Out\wwwroot\lib\highcharts\es-modules\Series\Sunburst\SunburstNode.min.js", "JavaScript", 0, 1, 0, 0, 0, 0, 0, 0, 0, 0, 1
"c:\Users\MSI SWORD 15 A12V\source\repos\SoftWhatsAppCRMDash\SoftWhatsAppCRMDash\obj\Release\net8.0\PubTmp\Out\wwwroot\lib\highcharts\es-modules\Series\Sunburst\SunburstPoint.js", "JavaScript", 0, 56, 0, 0, 0, 0, 0, 0, 33, 1, 90
"c:\Users\MSI SWORD 15 A12V\source\repos\SoftWhatsAppCRMDash\SoftWhatsAppCRMDash\obj\Release\net8.0\PubTmp\Out\wwwroot\lib\highcharts\es-modules\Series\Sunburst\SunburstPoint.min.js", "JavaScript", 0, 1, 0, 0, 0, 0, 0, 0, 0, 0, 1
"c:\Users\MSI SWORD 15 A12V\source\repos\SoftWhatsAppCRMDash\SoftWhatsAppCRMDash\obj\Release\net8.0\PubTmp\Out\wwwroot\lib\highcharts\es-modules\Series\Sunburst\SunburstSeries.js", "JavaScript", 0, 504, 0, 0, 0, 0, 0, 0, 134, 1, 639
"c:\Users\MSI SWORD 15 A12V\source\repos\SoftWhatsAppCRMDash\SoftWhatsAppCRMDash\obj\Release\net8.0\PubTmp\Out\wwwroot\lib\highcharts\es-modules\Series\Sunburst\SunburstSeries.min.js", "JavaScript", 0, 1, 0, 0, 0, 0, 0, 0, 0, 0, 1
"c:\Users\MSI SWORD 15 A12V\source\repos\SoftWhatsAppCRMDash\SoftWhatsAppCRMDash\obj\Release\net8.0\PubTmp\Out\wwwroot\lib\highcharts\es-modules\Series\Sunburst\SunburstSeriesDefaults.js", "JavaScript", 0, 24, 0, 0, 0, 0, 0, 0, 331, 1, 356
"c:\Users\MSI SWORD 15 A12V\source\repos\SoftWhatsAppCRMDash\SoftWhatsAppCRMDash\obj\Release\net8.0\PubTmp\Out\wwwroot\lib\highcharts\es-modules\Series\Sunburst\SunburstSeriesDefaults.min.js", "JavaScript", 0, 1, 0, 0, 0, 0, 0, 0, 0, 0, 1
"c:\Users\MSI SWORD 15 A12V\source\repos\SoftWhatsAppCRMDash\SoftWhatsAppCRMDash\obj\Release\net8.0\PubTmp\Out\wwwroot\lib\highcharts\es-modules\Series\Sunburst\SunburstUtilities.js", "JavaScript", 0, 72, 0, 0, 0, 0, 0, 0, 51, 1, 124
"c:\Users\MSI SWORD 15 A12V\source\repos\SoftWhatsAppCRMDash\SoftWhatsAppCRMDash\obj\Release\net8.0\PubTmp\Out\wwwroot\lib\highcharts\es-modules\Series\Sunburst\SunburstUtilities.min.js", "JavaScript", 0, 1, 0, 0, 0, 0, 0, 0, 0, 0, 1
"c:\Users\MSI SWORD 15 A12V\source\repos\SoftWhatsAppCRMDash\SoftWhatsAppCRMDash\obj\Release\net8.0\PubTmp\Out\wwwroot\lib\highcharts\es-modules\Series\TiledWebMap\TiledWebMapSeries.js", "JavaScript", 0, 411, 0, 0, 0, 0, 0, 0, 87, 1, 499
"c:\Users\MSI SWORD 15 A12V\source\repos\SoftWhatsAppCRMDash\SoftWhatsAppCRMDash\obj\Release\net8.0\PubTmp\Out\wwwroot\lib\highcharts\es-modules\Series\TiledWebMap\TiledWebMapSeries.min.js", "JavaScript", 0, 1, 0, 0, 0, 0, 0, 0, 0, 0, 1
"c:\Users\MSI SWORD 15 A12V\source\repos\SoftWhatsAppCRMDash\SoftWhatsAppCRMDash\obj\Release\net8.0\PubTmp\Out\wwwroot\lib\highcharts\es-modules\Series\TiledWebMap\TiledWebMapSeriesDefaults.js", "JavaScript", 0, 10, 0, 0, 0, 0, 0, 0, 134, 1, 145
"c:\Users\MSI SWORD 15 A12V\source\repos\SoftWhatsAppCRMDash\SoftWhatsAppCRMDash\obj\Release\net8.0\PubTmp\Out\wwwroot\lib\highcharts\es-modules\Series\TiledWebMap\TiledWebMapSeriesDefaults.min.js", "JavaScript", 0, 1, 0, 0, 0, 0, 0, 0, 0, 0, 1
"c:\Users\MSI SWORD 15 A12V\source\repos\SoftWhatsAppCRMDash\SoftWhatsAppCRMDash\obj\Release\net8.0\PubTmp\Out\wwwroot\lib\highcharts\es-modules\Series\Tilemap\TilemapPoint.js", "JavaScript", 0, 16, 0, 0, 0, 0, 0, 0, 31, 1, 48
"c:\Users\MSI SWORD 15 A12V\source\repos\SoftWhatsAppCRMDash\SoftWhatsAppCRMDash\obj\Release\net8.0\PubTmp\Out\wwwroot\lib\highcharts\es-modules\Series\Tilemap\TilemapPoint.min.js", "JavaScript", 0, 1, 0, 0, 0, 0, 0, 0, 0, 0, 1
"c:\Users\MSI SWORD 15 A12V\source\repos\SoftWhatsAppCRMDash\SoftWhatsAppCRMDash\obj\Release\net8.0\PubTmp\Out\wwwroot\lib\highcharts\es-modules\Series\Tilemap\TilemapSeries.js", "JavaScript", 0, 93, 0, 0, 0, 0, 0, 0, 99, 1, 193
"c:\Users\MSI SWORD 15 A12V\source\repos\SoftWhatsAppCRMDash\SoftWhatsAppCRMDash\obj\Release\net8.0\PubTmp\Out\wwwroot\lib\highcharts\es-modules\Series\Tilemap\TilemapSeries.min.js", "JavaScript", 0, 1, 0, 0, 0, 0, 0, 0, 0, 0, 1
"c:\Users\MSI SWORD 15 A12V\source\repos\SoftWhatsAppCRMDash\SoftWhatsAppCRMDash\obj\Release\net8.0\PubTmp\Out\wwwroot\lib\highcharts\es-modules\Series\Tilemap\TilemapSeriesDefaults.js", "JavaScript", 0, 20, 0, 0, 0, 0, 0, 0, 200, 1, 221
"c:\Users\MSI SWORD 15 A12V\source\repos\SoftWhatsAppCRMDash\SoftWhatsAppCRMDash\obj\Release\net8.0\PubTmp\Out\wwwroot\lib\highcharts\es-modules\Series\Tilemap\TilemapSeriesDefaults.min.js", "JavaScript", 0, 1, 0, 0, 0, 0, 0, 0, 0, 0, 1
"c:\Users\MSI SWORD 15 A12V\source\repos\SoftWhatsAppCRMDash\SoftWhatsAppCRMDash\obj\Release\net8.0\PubTmp\Out\wwwroot\lib\highcharts\es-modules\Series\Tilemap\TilemapShapes.js", "JavaScript", 0, 202, 0, 0, 0, 0, 0, 0, 84, 1, 287
"c:\Users\MSI SWORD 15 A12V\source\repos\SoftWhatsAppCRMDash\SoftWhatsAppCRMDash\obj\Release\net8.0\PubTmp\Out\wwwroot\lib\highcharts\es-modules\Series\Tilemap\TilemapShapes.min.js", "JavaScript", 0, 1, 0, 0, 0, 0, 0, 0, 0, 0, 1
"c:\Users\MSI SWORD 15 A12V\source\repos\SoftWhatsAppCRMDash\SoftWhatsAppCRMDash\obj\Release\net8.0\PubTmp\Out\wwwroot\lib\highcharts\es-modules\Series\Timeline\TimelinePoint.js", "JavaScript", 0, 110, 0, 0, 0, 0, 0, 0, 36, 1, 147
"c:\Users\MSI SWORD 15 A12V\source\repos\SoftWhatsAppCRMDash\SoftWhatsAppCRMDash\obj\Release\net8.0\PubTmp\Out\wwwroot\lib\highcharts\es-modules\Series\Timeline\TimelinePoint.min.js", "JavaScript", 0, 1, 0, 0, 0, 0, 0, 0, 0, 0, 1
"c:\Users\MSI SWORD 15 A12V\source\repos\SoftWhatsAppCRMDash\SoftWhatsAppCRMDash\obj\Release\net8.0\PubTmp\Out\wwwroot\lib\highcharts\es-modules\Series\Timeline\TimelineSeries.js", "JavaScript", 0, 185, 0, 0, 0, 0, 0, 0, 75, 1, 261
"c:\Users\MSI SWORD 15 A12V\source\repos\SoftWhatsAppCRMDash\SoftWhatsAppCRMDash\obj\Release\net8.0\PubTmp\Out\wwwroot\lib\highcharts\es-modules\Series\Timeline\TimelineSeries.min.js", "JavaScript", 0, 1, 0, 0, 0, 0, 0, 0, 0, 0, 1
"c:\Users\MSI SWORD 15 A12V\source\repos\SoftWhatsAppCRMDash\SoftWhatsAppCRMDash\obj\Release\net8.0\PubTmp\Out\wwwroot\lib\highcharts\es-modules\Series\Timeline\TimelineSeriesDefaults.js", "JavaScript", 0, 65, 0, 0, 0, 0, 0, 0, 189, 1, 255
"c:\Users\MSI SWORD 15 A12V\source\repos\SoftWhatsAppCRMDash\SoftWhatsAppCRMDash\obj\Release\net8.0\PubTmp\Out\wwwroot\lib\highcharts\es-modules\Series\Timeline\TimelineSeriesDefaults.min.js", "JavaScript", 0, 1, 0, 0, 0, 0, 0, 0, 0, 0, 1
"c:\Users\MSI SWORD 15 A12V\source\repos\SoftWhatsAppCRMDash\SoftWhatsAppCRMDash\obj\Release\net8.0\PubTmp\Out\wwwroot\lib\highcharts\es-modules\Series\TreeUtilities.js", "JavaScript", 0, 135, 0, 0, 0, 0, 0, 0, 79, 1, 215
"c:\Users\MSI SWORD 15 A12V\source\repos\SoftWhatsAppCRMDash\SoftWhatsAppCRMDash\obj\Release\net8.0\PubTmp\Out\wwwroot\lib\highcharts\es-modules\Series\TreeUtilities.min.js", "JavaScript", 0, 1, 0, 0, 0, 0, 0, 0, 0, 0, 1
"c:\Users\MSI SWORD 15 A12V\source\repos\SoftWhatsAppCRMDash\SoftWhatsAppCRMDash\obj\Release\net8.0\PubTmp\Out\wwwroot\lib\highcharts\es-modules\Series\Treegraph\TreegraphLayout.js", "JavaScript", 0, 180, 0, 0, 0, 0, 0, 0, 145, 1, 326
"c:\Users\MSI SWORD 15 A12V\source\repos\SoftWhatsAppCRMDash\SoftWhatsAppCRMDash\obj\Release\net8.0\PubTmp\Out\wwwroot\lib\highcharts\es-modules\Series\Treegraph\TreegraphLayout.min.js", "JavaScript", 0, 1, 0, 0, 0, 0, 0, 0, 0, 0, 1
"c:\Users\MSI SWORD 15 A12V\source\repos\SoftWhatsAppCRMDash\SoftWhatsAppCRMDash\obj\Release\net8.0\PubTmp\Out\wwwroot\lib\highcharts\es-modules\Series\Treegraph\TreegraphLink.js", "JavaScript", 0, 37, 0, 0, 0, 0, 0, 0, 38, 1, 76
"c:\Users\MSI SWORD 15 A12V\source\repos\SoftWhatsAppCRMDash\SoftWhatsAppCRMDash\obj\Release\net8.0\PubTmp\Out\wwwroot\lib\highcharts\es-modules\Series\Treegraph\TreegraphLink.min.js", "JavaScript", 0, 1, 0, 0, 0, 0, 0, 0, 0, 0, 1
"c:\Users\MSI SWORD 15 A12V\source\repos\SoftWhatsAppCRMDash\SoftWhatsAppCRMDash\obj\Release\net8.0\PubTmp\Out\wwwroot\lib\highcharts\es-modules\Series\Treegraph\TreegraphNode.js", "JavaScript", 0, 87, 0, 0, 0, 0, 0, 0, 100, 1, 188
"c:\Users\MSI SWORD 15 A12V\source\repos\SoftWhatsAppCRMDash\SoftWhatsAppCRMDash\obj\Release\net8.0\PubTmp\Out\wwwroot\lib\highcharts\es-modules\Series\Treegraph\TreegraphNode.min.js", "JavaScript", 0, 1, 0, 0, 0, 0, 0, 0, 0, 0, 1
"c:\Users\MSI SWORD 15 A12V\source\repos\SoftWhatsAppCRMDash\SoftWhatsAppCRMDash\obj\Release\net8.0\PubTmp\Out\wwwroot\lib\highcharts\es-modules\Series\Treegraph\TreegraphPoint.js", "JavaScript", 0, 136, 0, 0, 0, 0, 0, 0, 35, 1, 172
"c:\Users\MSI SWORD 15 A12V\source\repos\SoftWhatsAppCRMDash\SoftWhatsAppCRMDash\obj\Release\net8.0\PubTmp\Out\wwwroot\lib\highcharts\es-modules\Series\Treegraph\TreegraphPoint.min.js", "JavaScript", 0, 1, 0, 0, 0, 0, 0, 0, 0, 0, 1
"c:\Users\MSI SWORD 15 A12V\source\repos\SoftWhatsAppCRMDash\SoftWhatsAppCRMDash\obj\Release\net8.0\PubTmp\Out\wwwroot\lib\highcharts\es-modules\Series\Treegraph\TreegraphSeries.js", "JavaScript", 0, 364, 0, 0, 0, 0, 0, 0, 196, 1, 561
"c:\Users\MSI SWORD 15 A12V\source\repos\SoftWhatsAppCRMDash\SoftWhatsAppCRMDash\obj\Release\net8.0\PubTmp\Out\wwwroot\lib\highcharts\es-modules\Series\Treegraph\TreegraphSeries.min.js", "JavaScript", 0, 1, 0, 0, 0, 0, 0, 0, 0, 0, 1
"c:\Users\MSI SWORD 15 A12V\source\repos\SoftWhatsAppCRMDash\SoftWhatsAppCRMDash\obj\Release\net8.0\PubTmp\Out\wwwroot\lib\highcharts\es-modules\Series\Treegraph\TreegraphSeriesDefaults.js", "JavaScript", 0, 55, 0, 0, 0, 0, 0, 0, 231, 1, 287
"c:\Users\MSI SWORD 15 A12V\source\repos\SoftWhatsAppCRMDash\SoftWhatsAppCRMDash\obj\Release\net8.0\PubTmp\Out\wwwroot\lib\highcharts\es-modules\Series\Treegraph\TreegraphSeriesDefaults.min.js", "JavaScript", 0, 1, 0, 0, 0, 0, 0, 0, 0, 0, 1
"c:\Users\MSI SWORD 15 A12V\source\repos\SoftWhatsAppCRMDash\SoftWhatsAppCRMDash\obj\Release\net8.0\PubTmp\Out\wwwroot\lib\highcharts\es-modules\Series\Treemap\TreemapAlgorithmGroup.js", "JavaScript", 0, 56, 0, 0, 0, 0, 0, 0, 35, 1, 92
"c:\Users\MSI SWORD 15 A12V\source\repos\SoftWhatsAppCRMDash\SoftWhatsAppCRMDash\obj\Release\net8.0\PubTmp\Out\wwwroot\lib\highcharts\es-modules\Series\Treemap\TreemapAlgorithmGroup.min.js", "JavaScript", 0, 1, 0, 0, 0, 0, 0, 0, 0, 0, 1
"c:\Users\MSI SWORD 15 A12V\source\repos\SoftWhatsAppCRMDash\SoftWhatsAppCRMDash\obj\Release\net8.0\PubTmp\Out\wwwroot\lib\highcharts\es-modules\Series\Treemap\TreemapNode.js", "JavaScript", 0, 18, 0, 0, 0, 0, 0, 0, 29, 1, 48
"c:\Users\MSI SWORD 15 A12V\source\repos\SoftWhatsAppCRMDash\SoftWhatsAppCRMDash\obj\Release\net8.0\PubTmp\Out\wwwroot\lib\highcharts\es-modules\Series\Treemap\TreemapNode.min.js", "JavaScript", 0, 1, 0, 0, 0, 0, 0, 0, 0, 0, 1
"c:\Users\MSI SWORD 15 A12V\source\repos\SoftWhatsAppCRMDash\SoftWhatsAppCRMDash\obj\Release\net8.0\PubTmp\Out\wwwroot\lib\highcharts\es-modules\Series\Treemap\TreemapPoint.js", "JavaScript", 0, 54, 0, 0, 0, 0, 0, 0, 40, 1, 95
"c:\Users\MSI SWORD 15 A12V\source\repos\SoftWhatsAppCRMDash\SoftWhatsAppCRMDash\obj\Release\net8.0\PubTmp\Out\wwwroot\lib\highcharts\es-modules\Series\Treemap\TreemapPoint.min.js", "JavaScript", 0, 1, 0, 0, 0, 0, 0, 0, 0, 0, 1
"c:\Users\MSI SWORD 15 A12V\source\repos\SoftWhatsAppCRMDash\SoftWhatsAppCRMDash\obj\Release\net8.0\PubTmp\Out\wwwroot\lib\highcharts\es-modules\Series\Treemap\TreemapSeries.js", "JavaScript", 0, 803, 0, 0, 0, 0, 0, 0, 278, 1, 1082
"c:\Users\MSI SWORD 15 A12V\source\repos\SoftWhatsAppCRMDash\SoftWhatsAppCRMDash\obj\Release\net8.0\PubTmp\Out\wwwroot\lib\highcharts\es-modules\Series\Treemap\TreemapSeries.min.js", "JavaScript", 0, 1, 0, 0, 0, 0, 0, 0, 0, 0, 1
"c:\Users\MSI SWORD 15 A12V\source\repos\SoftWhatsAppCRMDash\SoftWhatsAppCRMDash\obj\Release\net8.0\PubTmp\Out\wwwroot\lib\highcharts\es-modules\Series\Treemap\TreemapSeriesDefaults.js", "JavaScript", 0, 81, 0, 0, 0, 0, 0, 0, 607, 1, 689
"c:\Users\MSI SWORD 15 A12V\source\repos\SoftWhatsAppCRMDash\SoftWhatsAppCRMDash\obj\Release\net8.0\PubTmp\Out\wwwroot\lib\highcharts\es-modules\Series\Treemap\TreemapSeriesDefaults.min.js", "JavaScript", 0, 1, 0, 0, 0, 0, 0, 0, 0, 0, 1
"c:\Users\MSI SWORD 15 A12V\source\repos\SoftWhatsAppCRMDash\SoftWhatsAppCRMDash\obj\Release\net8.0\PubTmp\Out\wwwroot\lib\highcharts\es-modules\Series\Treemap\TreemapUtilities.js", "JavaScript", 0, 12, 0, 0, 0, 0, 0, 0, 35, 1, 48
"c:\Users\MSI SWORD 15 A12V\source\repos\SoftWhatsAppCRMDash\SoftWhatsAppCRMDash\obj\Release\net8.0\PubTmp\Out\wwwroot\lib\highcharts\es-modules\Series\Treemap\TreemapUtilities.min.js", "JavaScript", 0, 1, 0, 0, 0, 0, 0, 0, 0, 0, 1
"c:\Users\MSI SWORD 15 A12V\source\repos\SoftWhatsAppCRMDash\SoftWhatsAppCRMDash\obj\Release\net8.0\PubTmp\Out\wwwroot\lib\highcharts\es-modules\Series\VariablePie\VariablePieSeries.js", "JavaScript", 0, 148, 0, 0, 0, 0, 0, 0, 118, 1, 267
"c:\Users\MSI SWORD 15 A12V\source\repos\SoftWhatsAppCRMDash\SoftWhatsAppCRMDash\obj\Release\net8.0\PubTmp\Out\wwwroot\lib\highcharts\es-modules\Series\VariablePie\VariablePieSeries.min.js", "JavaScript", 0, 1, 0, 0, 0, 0, 0, 0, 0, 0, 1
"c:\Users\MSI SWORD 15 A12V\source\repos\SoftWhatsAppCRMDash\SoftWhatsAppCRMDash\obj\Release\net8.0\PubTmp\Out\wwwroot\lib\highcharts\es-modules\Series\VariablePie\VariablePieSeriesDefaults.js", "JavaScript", 0, 13, 0, 0, 0, 0, 0, 0, 154, 1, 168
"c:\Users\MSI SWORD 15 A12V\source\repos\SoftWhatsAppCRMDash\SoftWhatsAppCRMDash\obj\Release\net8.0\PubTmp\Out\wwwroot\lib\highcharts\es-modules\Series\VariablePie\VariablePieSeriesDefaults.min.js", "JavaScript", 0, 1, 0, 0, 0, 0, 0, 0, 0, 0, 1
"c:\Users\MSI SWORD 15 A12V\source\repos\SoftWhatsAppCRMDash\SoftWhatsAppCRMDash\obj\Release\net8.0\PubTmp\Out\wwwroot\lib\highcharts\es-modules\Series\Variwide\VariwideComposition.js", "JavaScript", 0, 71, 0, 0, 0, 0, 0, 0, 45, 1, 117
"c:\Users\MSI SWORD 15 A12V\source\repos\SoftWhatsAppCRMDash\SoftWhatsAppCRMDash\obj\Release\net8.0\PubTmp\Out\wwwroot\lib\highcharts\es-modules\Series\Variwide\VariwideComposition.min.js", "JavaScript", 0, 1, 0, 0, 0, 0, 0, 0, 0, 0, 1
"c:\Users\MSI SWORD 15 A12V\source\repos\SoftWhatsAppCRMDash\SoftWhatsAppCRMDash\obj\Release\net8.0\PubTmp\Out\wwwroot\lib\highcharts\es-modules\Series\Variwide\VariwidePoint.js", "JavaScript", 0, 11, 0, 0, 0, 0, 0, 0, 26, 1, 38
"c:\Users\MSI SWORD 15 A12V\source\repos\SoftWhatsAppCRMDash\SoftWhatsAppCRMDash\obj\Release\net8.0\PubTmp\Out\wwwroot\lib\highcharts\es-modules\Series\Variwide\VariwidePoint.min.js", "JavaScript", 0, 1, 0, 0, 0, 0, 0, 0, 0, 0, 1
"c:\Users\MSI SWORD 15 A12V\source\repos\SoftWhatsAppCRMDash\SoftWhatsAppCRMDash\obj\Release\net8.0\PubTmp\Out\wwwroot\lib\highcharts\es-modules\Series\Variwide\VariwideSeries.js", "JavaScript", 0, 114, 0, 0, 0, 0, 0, 0, 72, 1, 187
"c:\Users\MSI SWORD 15 A12V\source\repos\SoftWhatsAppCRMDash\SoftWhatsAppCRMDash\obj\Release\net8.0\PubTmp\Out\wwwroot\lib\highcharts\es-modules\Series\Variwide\VariwideSeries.min.js", "JavaScript", 0, 1, 0, 0, 0, 0, 0, 0, 0, 0, 1
"c:\Users\MSI SWORD 15 A12V\source\repos\SoftWhatsAppCRMDash\SoftWhatsAppCRMDash\obj\Release\net8.0\PubTmp\Out\wwwroot\lib\highcharts\es-modules\Series\Variwide\VariwideSeriesDefaults.js", "JavaScript", 0, 7, 0, 0, 0, 0, 0, 0, 122, 1, 130
"c:\Users\MSI SWORD 15 A12V\source\repos\SoftWhatsAppCRMDash\SoftWhatsAppCRMDash\obj\Release\net8.0\PubTmp\Out\wwwroot\lib\highcharts\es-modules\Series\Variwide\VariwideSeriesDefaults.min.js", "JavaScript", 0, 1, 0, 0, 0, 0, 0, 0, 0, 0, 1
"c:\Users\MSI SWORD 15 A12V\source\repos\SoftWhatsAppCRMDash\SoftWhatsAppCRMDash\obj\Release\net8.0\PubTmp\Out\wwwroot\lib\highcharts\es-modules\Series\Vector\VectorSeries.js", "JavaScript", 0, 98, 0, 0, 0, 0, 0, 0, 98, 1, 197
"c:\Users\MSI SWORD 15 A12V\source\repos\SoftWhatsAppCRMDash\SoftWhatsAppCRMDash\obj\Release\net8.0\PubTmp\Out\wwwroot\lib\highcharts\es-modules\Series\Vector\VectorSeries.min.js", "JavaScript", 0, 1, 0, 0, 0, 0, 0, 0, 0, 0, 1
"c:\Users\MSI SWORD 15 A12V\source\repos\SoftWhatsAppCRMDash\SoftWhatsAppCRMDash\obj\Release\net8.0\PubTmp\Out\wwwroot\lib\highcharts\es-modules\Series\Vector\VectorSeriesDefaults.js", "JavaScript", 0, 17, 0, 0, 0, 0, 0, 0, 137, 1, 155
"c:\Users\MSI SWORD 15 A12V\source\repos\SoftWhatsAppCRMDash\SoftWhatsAppCRMDash\obj\Release\net8.0\PubTmp\Out\wwwroot\lib\highcharts\es-modules\Series\Vector\VectorSeriesDefaults.min.js", "JavaScript", 0, 1, 0, 0, 0, 0, 0, 0, 0, 0, 1
"c:\Users\MSI SWORD 15 A12V\source\repos\SoftWhatsAppCRMDash\SoftWhatsAppCRMDash\obj\Release\net8.0\PubTmp\Out\wwwroot\lib\highcharts\es-modules\Series\Venn\VennPoint.js", "JavaScript", 0, 14, 0, 0, 0, 0, 0, 0, 32, 1, 47
"c:\Users\MSI SWORD 15 A12V\source\repos\SoftWhatsAppCRMDash\SoftWhatsAppCRMDash\obj\Release\net8.0\PubTmp\Out\wwwroot\lib\highcharts\es-modules\Series\Venn\VennPoint.min.js", "JavaScript", 0, 1, 0, 0, 0, 0, 0, 0, 0, 0, 1
"c:\Users\MSI SWORD 15 A12V\source\repos\SoftWhatsAppCRMDash\SoftWhatsAppCRMDash\obj\Release\net8.0\PubTmp\Out\wwwroot\lib\highcharts\es-modules\Series\Venn\VennSeries.js", "JavaScript", 0, 286, 0, 0, 0, 0, 0, 0, 174, 1, 461
"c:\Users\MSI SWORD 15 A12V\source\repos\SoftWhatsAppCRMDash\SoftWhatsAppCRMDash\obj\Release\net8.0\PubTmp\Out\wwwroot\lib\highcharts\es-modules\Series\Venn\VennSeries.min.js", "JavaScript", 0, 1, 0, 0, 0, 0, 0, 0, 0, 0, 1
"c:\Users\MSI SWORD 15 A12V\source\repos\SoftWhatsAppCRMDash\SoftWhatsAppCRMDash\obj\Release\net8.0\PubTmp\Out\wwwroot\lib\highcharts\es-modules\Series\Venn\VennSeriesDefaults.js", "JavaScript", 0, 41, 0, 0, 0, 0, 0, 0, 146, 1, 188
"c:\Users\MSI SWORD 15 A12V\source\repos\SoftWhatsAppCRMDash\SoftWhatsAppCRMDash\obj\Release\net8.0\PubTmp\Out\wwwroot\lib\highcharts\es-modules\Series\Venn\VennSeriesDefaults.min.js", "JavaScript", 0, 1, 0, 0, 0, 0, 0, 0, 0, 0, 1
"c:\Users\MSI SWORD 15 A12V\source\repos\SoftWhatsAppCRMDash\SoftWhatsAppCRMDash\obj\Release\net8.0\PubTmp\Out\wwwroot\lib\highcharts\es-modules\Series\Venn\VennUtils.js", "JavaScript", 0, 388, 0, 0, 0, 0, 0, 0, 250, 1, 639
"c:\Users\MSI SWORD 15 A12V\source\repos\SoftWhatsAppCRMDash\SoftWhatsAppCRMDash\obj\Release\net8.0\PubTmp\Out\wwwroot\lib\highcharts\es-modules\Series\Venn\VennUtils.min.js", "JavaScript", 0, 1, 0, 0, 0, 0, 0, 0, 0, 0, 1
"c:\Users\MSI SWORD 15 A12V\source\repos\SoftWhatsAppCRMDash\SoftWhatsAppCRMDash\obj\Release\net8.0\PubTmp\Out\wwwroot\lib\highcharts\es-modules\Series\Waterfall\WaterfallPoint.js", "JavaScript", 0, 22, 0, 0, 0, 0, 0, 0, 25, 1, 48
"c:\Users\MSI SWORD 15 A12V\source\repos\SoftWhatsAppCRMDash\SoftWhatsAppCRMDash\obj\Release\net8.0\PubTmp\Out\wwwroot\lib\highcharts\es-modules\Series\Waterfall\WaterfallPoint.min.js", "JavaScript", 0, 1, 0, 0, 0, 0, 0, 0, 0, 0, 1
"c:\Users\MSI SWORD 15 A12V\source\repos\SoftWhatsAppCRMDash\SoftWhatsAppCRMDash\obj\Release\net8.0\PubTmp\Out\wwwroot\lib\highcharts\es-modules\Series\Waterfall\WaterfallSeries.js", "JavaScript", 0, 428, 0, 0, 0, 0, 0, 0, 108, 1, 537
"c:\Users\MSI SWORD 15 A12V\source\repos\SoftWhatsAppCRMDash\SoftWhatsAppCRMDash\obj\Release\net8.0\PubTmp\Out\wwwroot\lib\highcharts\es-modules\Series\Waterfall\WaterfallSeries.min.js", "JavaScript", 0, 1, 0, 0, 0, 0, 0, 0, 0, 0, 1
"c:\Users\MSI SWORD 15 A12V\source\repos\SoftWhatsAppCRMDash\SoftWhatsAppCRMDash\obj\Release\net8.0\PubTmp\Out\wwwroot\lib\highcharts\es-modules\Series\Waterfall\WaterfallSeriesDefaults.js", "JavaScript", 0, 17, 0, 0, 0, 0, 0, 0, 188, 1, 206
"c:\Users\MSI SWORD 15 A12V\source\repos\SoftWhatsAppCRMDash\SoftWhatsAppCRMDash\obj\Release\net8.0\PubTmp\Out\wwwroot\lib\highcharts\es-modules\Series\Waterfall\WaterfallSeriesDefaults.min.js", "JavaScript", 0, 1, 0, 0, 0, 0, 0, 0, 0, 0, 1
"c:\Users\MSI SWORD 15 A12V\source\repos\SoftWhatsAppCRMDash\SoftWhatsAppCRMDash\obj\Release\net8.0\PubTmp\Out\wwwroot\lib\highcharts\es-modules\Series\Windbarb\WindbarbPoint.js", "JavaScript", 0, 9, 0, 0, 0, 0, 0, 0, 26, 1, 36
"c:\Users\MSI SWORD 15 A12V\source\repos\SoftWhatsAppCRMDash\SoftWhatsAppCRMDash\obj\Release\net8.0\PubTmp\Out\wwwroot\lib\highcharts\es-modules\Series\Windbarb\WindbarbPoint.min.js", "JavaScript", 0, 1, 0, 0, 0, 0, 0, 0, 0, 0, 1
"c:\Users\MSI SWORD 15 A12V\source\repos\SoftWhatsAppCRMDash\SoftWhatsAppCRMDash\obj\Release\net8.0\PubTmp\Out\wwwroot\lib\highcharts\es-modules\Series\Windbarb\WindbarbSeries.js", "JavaScript", 0, 187, 0, 0, 0, 0, 0, 0, 67, 1, 255
"c:\Users\MSI SWORD 15 A12V\source\repos\SoftWhatsAppCRMDash\SoftWhatsAppCRMDash\obj\Release\net8.0\PubTmp\Out\wwwroot\lib\highcharts\es-modules\Series\Windbarb\WindbarbSeries.min.js", "JavaScript", 0, 1, 0, 0, 0, 0, 0, 0, 0, 0, 1
"c:\Users\MSI SWORD 15 A12V\source\repos\SoftWhatsAppCRMDash\SoftWhatsAppCRMDash\obj\Release\net8.0\PubTmp\Out\wwwroot\lib\highcharts\es-modules\Series\Windbarb\WindbarbSeriesDefaults.js", "JavaScript", 0, 24, 0, 0, 0, 0, 0, 0, 178, 1, 203
"c:\Users\MSI SWORD 15 A12V\source\repos\SoftWhatsAppCRMDash\SoftWhatsAppCRMDash\obj\Release\net8.0\PubTmp\Out\wwwroot\lib\highcharts\es-modules\Series\Windbarb\WindbarbSeriesDefaults.min.js", "JavaScript", 0, 1, 0, 0, 0, 0, 0, 0, 0, 0, 1
"c:\Users\MSI SWORD 15 A12V\source\repos\SoftWhatsAppCRMDash\SoftWhatsAppCRMDash\obj\Release\net8.0\PubTmp\Out\wwwroot\lib\highcharts\es-modules\Series\Wordcloud\WordcloudPoint.js", "JavaScript", 0, 14, 0, 0, 0, 0, 0, 0, 26, 1, 41
"c:\Users\MSI SWORD 15 A12V\source\repos\SoftWhatsAppCRMDash\SoftWhatsAppCRMDash\obj\Release\net8.0\PubTmp\Out\wwwroot\lib\highcharts\es-modules\Series\Wordcloud\WordcloudPoint.min.js", "JavaScript", 0, 1, 0, 0, 0, 0, 0, 0, 0, 0, 1
"c:\Users\MSI SWORD 15 A12V\source\repos\SoftWhatsAppCRMDash\SoftWhatsAppCRMDash\obj\Release\net8.0\PubTmp\Out\wwwroot\lib\highcharts\es-modules\Series\Wordcloud\WordcloudSeries.js", "JavaScript", 0, 198, 0, 0, 0, 0, 0, 0, 84, 1, 283
"c:\Users\MSI SWORD 15 A12V\source\repos\SoftWhatsAppCRMDash\SoftWhatsAppCRMDash\obj\Release\net8.0\PubTmp\Out\wwwroot\lib\highcharts\es-modules\Series\Wordcloud\WordcloudSeries.min.js", "JavaScript", 0, 1, 0, 0, 0, 0, 0, 0, 0, 0, 1
"c:\Users\MSI SWORD 15 A12V\source\repos\SoftWhatsAppCRMDash\SoftWhatsAppCRMDash\obj\Release\net8.0\PubTmp\Out\wwwroot\lib\highcharts\es-modules\Series\Wordcloud\WordcloudSeriesDefaults.js", "JavaScript", 0, 32, 0, 0, 0, 0, 0, 0, 173, 1, 206
"c:\Users\MSI SWORD 15 A12V\source\repos\SoftWhatsAppCRMDash\SoftWhatsAppCRMDash\obj\Release\net8.0\PubTmp\Out\wwwroot\lib\highcharts\es-modules\Series\Wordcloud\WordcloudSeriesDefaults.min.js", "JavaScript", 0, 1, 0, 0, 0, 0, 0, 0, 0, 0, 1
"c:\Users\MSI SWORD 15 A12V\source\repos\SoftWhatsAppCRMDash\SoftWhatsAppCRMDash\obj\Release\net8.0\PubTmp\Out\wwwroot\lib\highcharts\es-modules\Series\Wordcloud\WordcloudUtils.js", "JavaScript", 0, 339, 0, 0, 0, 0, 0, 0, 375, 1, 715
"c:\Users\MSI SWORD 15 A12V\source\repos\SoftWhatsAppCRMDash\SoftWhatsAppCRMDash\obj\Release\net8.0\PubTmp\Out\wwwroot\lib\highcharts\es-modules\Series\Wordcloud\WordcloudUtils.min.js", "JavaScript", 0, 1, 0, 0, 0, 0, 0, 0, 0, 0, 1
"c:\Users\MSI SWORD 15 A12V\source\repos\SoftWhatsAppCRMDash\SoftWhatsAppCRMDash\obj\Release\net8.0\PubTmp\Out\wwwroot\lib\highcharts\es-modules\Series\XRange\XRangePoint.js", "JavaScript", 0, 58, 0, 0, 0, 0, 0, 0, 88, 1, 147
"c:\Users\MSI SWORD 15 A12V\source\repos\SoftWhatsAppCRMDash\SoftWhatsAppCRMDash\obj\Release\net8.0\PubTmp\Out\wwwroot\lib\highcharts\es-modules\Series\XRange\XRangePoint.min.js", "JavaScript", 0, 1, 0, 0, 0, 0, 0, 0, 0, 0, 1
"c:\Users\MSI SWORD 15 A12V\source\repos\SoftWhatsAppCRMDash\SoftWhatsAppCRMDash\obj\Release\net8.0\PubTmp\Out\wwwroot\lib\highcharts\es-modules\Series\XRange\XRangeSeries.js", "JavaScript", 0, 296, 0, 0, 0, 0, 0, 0, 130, 1, 427
"c:\Users\MSI SWORD 15 A12V\source\repos\SoftWhatsAppCRMDash\SoftWhatsAppCRMDash\obj\Release\net8.0\PubTmp\Out\wwwroot\lib\highcharts\es-modules\Series\XRange\XRangeSeries.min.js", "JavaScript", 0, 1, 0, 0, 0, 0, 0, 0, 0, 0, 1
"c:\Users\MSI SWORD 15 A12V\source\repos\SoftWhatsAppCRMDash\SoftWhatsAppCRMDash\obj\Release\net8.0\PubTmp\Out\wwwroot\lib\highcharts\es-modules\Series\XRange\XRangeSeriesDefaults.js", "JavaScript", 0, 30, 0, 0, 0, 0, 0, 0, 184, 1, 215
"c:\Users\MSI SWORD 15 A12V\source\repos\SoftWhatsAppCRMDash\SoftWhatsAppCRMDash\obj\Release\net8.0\PubTmp\Out\wwwroot\lib\highcharts\es-modules\Series\XRange\XRangeSeriesDefaults.min.js", "JavaScript", 0, 1, 0, 0, 0, 0, 0, 0, 0, 0, 1
"c:\Users\MSI SWORD 15 A12V\source\repos\SoftWhatsAppCRMDash\SoftWhatsAppCRMDash\obj\Release\net8.0\PubTmp\Out\wwwroot\lib\highcharts\es-modules\Shared\BaseForm.js", "JavaScript", 0, 49, 0, 0, 0, 0, 0, 0, 74, 1, 124
"c:\Users\MSI SWORD 15 A12V\source\repos\SoftWhatsAppCRMDash\SoftWhatsAppCRMDash\obj\Release\net8.0\PubTmp\Out\wwwroot\lib\highcharts\es-modules\Shared\BaseForm.min.js", "JavaScript", 0, 1, 0, 0, 0, 0, 0, 0, 0, 0, 1
"c:\Users\MSI SWORD 15 A12V\source\repos\SoftWhatsAppCRMDash\SoftWhatsAppCRMDash\obj\Release\net8.0\PubTmp\Out\wwwroot\lib\highcharts\es-modules\Shared\Types.js", "JavaScript", 0, 2, 0, 0, 0, 0, 0, 0, 9, 1, 12
"c:\Users\MSI SWORD 15 A12V\source\repos\SoftWhatsAppCRMDash\SoftWhatsAppCRMDash\obj\Release\net8.0\PubTmp\Out\wwwroot\lib\highcharts\es-modules\Shared\Types.min.js", "JavaScript", 0, 1, 0, 0, 0, 0, 0, 0, 0, 0, 1
"c:\Users\MSI SWORD 15 A12V\source\repos\SoftWhatsAppCRMDash\SoftWhatsAppCRMDash\obj\Release\net8.0\PubTmp\Out\wwwroot\lib\highcharts\es-modules\Stock\Indicators\ABands\ABandsIndicator.js", "JavaScript", 0, 103, 0, 0, 0, 0, 0, 0, 121, 1, 225
"c:\Users\MSI SWORD 15 A12V\source\repos\SoftWhatsAppCRMDash\SoftWhatsAppCRMDash\obj\Release\net8.0\PubTmp\Out\wwwroot\lib\highcharts\es-modules\Stock\Indicators\ABands\ABandsIndicator.min.js", "JavaScript", 0, 1, 0, 0, 0, 0, 0, 0, 0, 0, 1
"c:\Users\MSI SWORD 15 A12V\source\repos\SoftWhatsAppCRMDash\SoftWhatsAppCRMDash\obj\Release\net8.0\PubTmp\Out\wwwroot\lib\highcharts\es-modules\Stock\Indicators\AD\ADIndicator.js", "JavaScript", 0, 57, 0, 0, 0, 0, 0, 0, 84, 1, 142
"c:\Users\MSI SWORD 15 A12V\source\repos\SoftWhatsAppCRMDash\SoftWhatsAppCRMDash\obj\Release\net8.0\PubTmp\Out\wwwroot\lib\highcharts\es-modules\Stock\Indicators\AD\ADIndicator.min.js", "JavaScript", 0, 1, 0, 0, 0, 0, 0, 0, 0, 0, 1
"c:\Users\MSI SWORD 15 A12V\source\repos\SoftWhatsAppCRMDash\SoftWhatsAppCRMDash\obj\Release\net8.0\PubTmp\Out\wwwroot\lib\highcharts\es-modules\Stock\Indicators\AO\AOIndicator.js", "JavaScript", 0, 101, 0, 0, 0, 0, 0, 0, 96, 1, 198
"c:\Users\MSI SWORD 15 A12V\source\repos\SoftWhatsAppCRMDash\SoftWhatsAppCRMDash\obj\Release\net8.0\PubTmp\Out\wwwroot\lib\highcharts\es-modules\Stock\Indicators\AO\AOIndicator.min.js", "JavaScript", 0, 1, 0, 0, 0, 0, 0, 0, 0, 0, 1
"c:\Users\MSI SWORD 15 A12V\source\repos\SoftWhatsAppCRMDash\SoftWhatsAppCRMDash\obj\Release\net8.0\PubTmp\Out\wwwroot\lib\highcharts\es-modules\Stock\Indicators\APO\APOIndicator.js", "JavaScript", 0, 54, 0, 0, 0, 0, 0, 0, 90, 1, 145
"c:\Users\MSI SWORD 15 A12V\source\repos\SoftWhatsAppCRMDash\SoftWhatsAppCRMDash\obj\Release\net8.0\PubTmp\Out\wwwroot\lib\highcharts\es-modules\Stock\Indicators\APO\APOIndicator.min.js", "JavaScript", 0, 1, 0, 0, 0, 0, 0, 0, 0, 0, 1
"c:\Users\MSI SWORD 15 A12V\source\repos\SoftWhatsAppCRMDash\SoftWhatsAppCRMDash\obj\Release\net8.0\PubTmp\Out\wwwroot\lib\highcharts\es-modules\Stock\Indicators\ATR\ATRIndicator.js", "JavaScript", 0, 62, 0, 0, 0, 0, 0, 0, 85, 1, 148
"c:\Users\MSI SWORD 15 A12V\source\repos\SoftWhatsAppCRMDash\SoftWhatsAppCRMDash\obj\Release\net8.0\PubTmp\Out\wwwroot\lib\highcharts\es-modules\Stock\Indicators\ATR\ATRIndicator.min.js", "JavaScript", 0, 1, 0, 0, 0, 0, 0, 0, 0, 0, 1
"c:\Users\MSI SWORD 15 A12V\source\repos\SoftWhatsAppCRMDash\SoftWhatsAppCRMDash\obj\Release\net8.0\PubTmp\Out\wwwroot\lib\highcharts\es-modules\Stock\Indicators\AroonOscillator\AroonOscillatorIndicator.js", "JavaScript", 0, 41, 0, 0, 0, 0, 0, 0, 78, 1, 120
"c:\Users\MSI SWORD 15 A12V\source\repos\SoftWhatsAppCRMDash\SoftWhatsAppCRMDash\obj\Release\net8.0\PubTmp\Out\wwwroot\lib\highcharts\es-modules\Stock\Indicators\AroonOscillator\AroonOscillatorIndicator.min.js", "JavaScript", 0, 1, 0, 0, 0, 0, 0, 0, 0, 0, 1
"c:\Users\MSI SWORD 15 A12V\source\repos\SoftWhatsAppCRMDash\SoftWhatsAppCRMDash\obj\Release\net8.0\PubTmp\Out\wwwroot\lib\highcharts\es-modules\Stock\Indicators\Aroon\AroonIndicator.js", "JavaScript", 0, 77, 0, 0, 0, 0, 0, 0, 107, 1, 185
"c:\Users\MSI SWORD 15 A12V\source\repos\SoftWhatsAppCRMDash\SoftWhatsAppCRMDash\obj\Release\net8.0\PubTmp\Out\wwwroot\lib\highcharts\es-modules\Stock\Indicators\Aroon\AroonIndicator.min.js", "JavaScript", 0, 1, 0, 0, 0, 0, 0, 0, 0, 0, 1
"c:\Users\MSI SWORD 15 A12V\source\repos\SoftWhatsAppCRMDash\SoftWhatsAppCRMDash\obj\Release\net8.0\PubTmp\Out\wwwroot\lib\highcharts\es-modules\Stock\Indicators\ArrayUtilities.js", "JavaScript", 0, 11, 0, 0, 0, 0, 0, 0, 36, 1, 48
"c:\Users\MSI SWORD 15 A12V\source\repos\SoftWhatsAppCRMDash\SoftWhatsAppCRMDash\obj\Release\net8.0\PubTmp\Out\wwwroot\lib\highcharts\es-modules\Stock\Indicators\ArrayUtilities.min.js", "JavaScript", 0, 1, 0, 0, 0, 0, 0, 0, 0, 0, 1
"c:\Users\MSI SWORD 15 A12V\source\repos\SoftWhatsAppCRMDash\SoftWhatsAppCRMDash\obj\Release\net8.0\PubTmp\Out\wwwroot\lib\highcharts\es-modules\Stock\Indicators\BB\BBIndicator.js", "JavaScript", 0, 103, 0, 0, 0, 0, 0, 0, 127, 1, 231
"c:\Users\MSI SWORD 15 A12V\source\repos\SoftWhatsAppCRMDash\SoftWhatsAppCRMDash\obj\Release\net8.0\PubTmp\Out\wwwroot\lib\highcharts\es-modules\Stock\Indicators\BB\BBIndicator.min.js", "JavaScript", 0, 1, 0, 0, 0, 0, 0, 0, 0, 0, 1
"c:\Users\MSI SWORD 15 A12V\source\repos\SoftWhatsAppCRMDash\SoftWhatsAppCRMDash\obj\Release\net8.0\PubTmp\Out\wwwroot\lib\highcharts\es-modules\Stock\Indicators\CCI\CCIIndicator.js", "JavaScript", 0, 59, 0, 0, 0, 0, 0, 0, 83, 1, 143
"c:\Users\MSI SWORD 15 A12V\source\repos\SoftWhatsAppCRMDash\SoftWhatsAppCRMDash\obj\Release\net8.0\PubTmp\Out\wwwroot\lib\highcharts\es-modules\Stock\Indicators\CCI\CCIIndicator.min.js", "JavaScript", 0, 1, 0, 0, 0, 0, 0, 0, 0, 0, 1
"c:\Users\MSI SWORD 15 A12V\source\repos\SoftWhatsAppCRMDash\SoftWhatsAppCRMDash\obj\Release\net8.0\PubTmp\Out\wwwroot\lib\highcharts\es-modules\Stock\Indicators\CMF\CMFIndicator.js", "JavaScript", 0, 89, 0, 0, 0, 0, 0, 0, 146, 1, 236
"c:\Users\MSI SWORD 15 A12V\source\repos\SoftWhatsAppCRMDash\SoftWhatsAppCRMDash\obj\Release\net8.0\PubTmp\Out\wwwroot\lib\highcharts\es-modules\Stock\Indicators\CMF\CMFIndicator.min.js", "JavaScript", 0, 1, 0, 0, 0, 0, 0, 0, 0, 0, 1
"c:\Users\MSI SWORD 15 A12V\source\repos\SoftWhatsAppCRMDash\SoftWhatsAppCRMDash\obj\Release\net8.0\PubTmp\Out\wwwroot\lib\highcharts\es-modules\Stock\Indicators\CMO\CMOIndicator.js", "JavaScript", 0, 75, 0, 0, 0, 0, 0, 0, 78, 1, 154
"c:\Users\MSI SWORD 15 A12V\source\repos\SoftWhatsAppCRMDash\SoftWhatsAppCRMDash\obj\Release\net8.0\PubTmp\Out\wwwroot\lib\highcharts\es-modules\Stock\Indicators\CMO\CMOIndicator.min.js", "JavaScript", 0, 1, 0, 0, 0, 0, 0, 0, 0, 0, 1
"c:\Users\MSI SWORD 15 A12V\source\repos\SoftWhatsAppCRMDash\SoftWhatsAppCRMDash\obj\Release\net8.0\PubTmp\Out\wwwroot\lib\highcharts\es-modules\Stock\Indicators\Chaikin\ChaikinIndicator.js", "JavaScript", 0, 62, 0, 0, 0, 0, 0, 0, 101, 1, 164
"c:\Users\MSI SWORD 15 A12V\source\repos\SoftWhatsAppCRMDash\SoftWhatsAppCRMDash\obj\Release\net8.0\PubTmp\Out\wwwroot\lib\highcharts\es-modules\Stock\Indicators\Chaikin\ChaikinIndicator.min.js", "JavaScript", 0, 1, 0, 0, 0, 0, 0, 0, 0, 0, 1
"c:\Users\MSI SWORD 15 A12V\source\repos\SoftWhatsAppCRMDash\SoftWhatsAppCRMDash\obj\Release\net8.0\PubTmp\Out\wwwroot\lib\highcharts\es-modules\Stock\Indicators\DEMA\DEMAIndicator.js", "JavaScript", 0, 62, 0, 0, 0, 0, 0, 0, 85, 1, 148
"c:\Users\MSI SWORD 15 A12V\source\repos\SoftWhatsAppCRMDash\SoftWhatsAppCRMDash\obj\Release\net8.0\PubTmp\Out\wwwroot\lib\highcharts\es-modules\Stock\Indicators\DEMA\DEMAIndicator.min.js", "JavaScript", 0, 1, 0, 0, 0, 0, 0, 0, 0, 0, 1
"c:\Users\MSI SWORD 15 A12V\source\repos\SoftWhatsAppCRMDash\SoftWhatsAppCRMDash\obj\Release\net8.0\PubTmp\Out\wwwroot\lib\highcharts\es-modules\Stock\Indicators\DMI\DMIIndicator.js", "JavaScript", 0, 135, 0, 0, 0, 0, 0, 0, 121, 1, 257
"c:\Users\MSI SWORD 15 A12V\source\repos\SoftWhatsAppCRMDash\SoftWhatsAppCRMDash\obj\Release\net8.0\PubTmp\Out\wwwroot\lib\highcharts\es-modules\Stock\Indicators\DMI\DMIIndicator.min.js", "JavaScript", 0, 1, 0, 0, 0, 0, 0, 0, 0, 0, 1
"c:\Users\MSI SWORD 15 A12V\source\repos\SoftWhatsAppCRMDash\SoftWhatsAppCRMDash\obj\Release\net8.0\PubTmp\Out\wwwroot\lib\highcharts\es-modules\Stock\Indicators\DPO\DPOIndicator.js", "JavaScript", 0, 53, 0, 0, 0, 0, 0, 0, 95, 1, 149
"c:\Users\MSI SWORD 15 A12V\source\repos\SoftWhatsAppCRMDash\SoftWhatsAppCRMDash\obj\Release\net8.0\PubTmp\Out\wwwroot\lib\highcharts\es-modules\Stock\Indicators\DPO\DPOIndicator.min.js", "JavaScript", 0, 1, 0, 0, 0, 0, 0, 0, 0, 0, 1
"c:\Users\MSI SWORD 15 A12V\source\repos\SoftWhatsAppCRMDash\SoftWhatsAppCRMDash\obj\Release\net8.0\PubTmp\Out\wwwroot\lib\highcharts\es-modules\Stock\Indicators\DisparityIndex\DisparityIndexIndicator.js", "JavaScript", 0, 61, 0, 0, 0, 0, 0, 0, 90, 1, 152
"c:\Users\MSI SWORD 15 A12V\source\repos\SoftWhatsAppCRMDash\SoftWhatsAppCRMDash\obj\Release\net8.0\PubTmp\Out\wwwroot\lib\highcharts\es-modules\Stock\Indicators\DisparityIndex\DisparityIndexIndicator.min.js", "JavaScript", 0, 1, 0, 0, 0, 0, 0, 0, 0, 0, 1
"c:\Users\MSI SWORD 15 A12V\source\repos\SoftWhatsAppCRMDash\SoftWhatsAppCRMDash\obj\Release\net8.0\PubTmp\Out\wwwroot\lib\highcharts\es-modules\Stock\Indicators\EMA\EMAIndicator.js", "JavaScript", 0, 57, 0, 0, 0, 0, 0, 0, 80, 1, 138
"c:\Users\MSI SWORD 15 A12V\source\repos\SoftWhatsAppCRMDash\SoftWhatsAppCRMDash\obj\Release\net8.0\PubTmp\Out\wwwroot\lib\highcharts\es-modules\Stock\Indicators\EMA\EMAIndicator.min.js", "JavaScript", 0, 1, 0, 0, 0, 0, 0, 0, 0, 0, 1
"c:\Users\MSI SWORD 15 A12V\source\repos\SoftWhatsAppCRMDash\SoftWhatsAppCRMDash\obj\Release\net8.0\PubTmp\Out\wwwroot\lib\highcharts\es-modules\Stock\Indicators\IKH\IKHIndicator.js", "JavaScript", 0, 441, 0, 0, 0, 0, 0, 0, 251, 1, 693
"c:\Users\MSI SWORD 15 A12V\source\repos\SoftWhatsAppCRMDash\SoftWhatsAppCRMDash\obj\Release\net8.0\PubTmp\Out\wwwroot\lib\highcharts\es-modules\Stock\Indicators\IKH\IKHIndicator.min.js", "JavaScript", 0, 1, 0, 0, 0, 0, 0, 0, 0, 0, 1
"c:\Users\MSI SWORD 15 A12V\source\repos\SoftWhatsAppCRMDash\SoftWhatsAppCRMDash\obj\Release\net8.0\PubTmp\Out\wwwroot\lib\highcharts\es-modules\Stock\Indicators\KeltnerChannels\KeltnerChannelsIndicator.js", "JavaScript", 0, 94, 0, 0, 0, 0, 0, 0, 121, 1, 216
"c:\Users\MSI SWORD 15 A12V\source\repos\SoftWhatsAppCRMDash\SoftWhatsAppCRMDash\obj\Release\net8.0\PubTmp\Out\wwwroot\lib\highcharts\es-modules\Stock\Indicators\KeltnerChannels\KeltnerChannelsIndicator.min.js", "JavaScript", 0, 1, 0, 0, 0, 0, 0, 0, 0, 0, 1
"c:\Users\MSI SWORD 15 A12V\source\repos\SoftWhatsAppCRMDash\SoftWhatsAppCRMDash\obj\Release\net8.0\PubTmp\Out\wwwroot\lib\highcharts\es-modules\Stock\Indicators\Klinger\KlingerIndicator.js", "JavaScript", 0, 136, 0, 0, 0, 0, 0, 0, 112, 1, 249
"c:\Users\MSI SWORD 15 A12V\source\repos\SoftWhatsAppCRMDash\SoftWhatsAppCRMDash\obj\Release\net8.0\PubTmp\Out\wwwroot\lib\highcharts\es-modules\Stock\Indicators\Klinger\KlingerIndicator.min.js", "JavaScript", 0, 1, 0, 0, 0, 0, 0, 0, 0, 0, 1
"c:\Users\MSI SWORD 15 A12V\source\repos\SoftWhatsAppCRMDash\SoftWhatsAppCRMDash\obj\Release\net8.0\PubTmp\Out\wwwroot\lib\highcharts\es-modules\Stock\Indicators\LinearRegressionAngle\LinearRegressionAngleIndicator.js", "JavaScript", 0, 25, 0, 0, 0, 0, 0, 0, 72, 1, 98
"c:\Users\MSI SWORD 15 A12V\source\repos\SoftWhatsAppCRMDash\SoftWhatsAppCRMDash\obj\Release\net8.0\PubTmp\Out\wwwroot\lib\highcharts\es-modules\Stock\Indicators\LinearRegressionAngle\LinearRegressionAngleIndicator.min.js", "JavaScript", 0, 1, 0, 0, 0, 0, 0, 0, 0, 0, 1
"c:\Users\MSI SWORD 15 A12V\source\repos\SoftWhatsAppCRMDash\SoftWhatsAppCRMDash\obj\Release\net8.0\PubTmp\Out\wwwroot\lib\highcharts\es-modules\Stock\Indicators\LinearRegressionIntercept\LinearRegressionInterceptIndicator.js", "JavaScript", 0, 17, 0, 0, 0, 0, 0, 0, 70, 1, 88
"c:\Users\MSI SWORD 15 A12V\source\repos\SoftWhatsAppCRMDash\SoftWhatsAppCRMDash\obj\Release\net8.0\PubTmp\Out\wwwroot\lib\highcharts\es-modules\Stock\Indicators\LinearRegressionIntercept\LinearRegressionInterceptIndicator.min.js", "JavaScript", 0, 1, 0, 0, 0, 0, 0, 0, 0, 0, 1
"c:\Users\MSI SWORD 15 A12V\source\repos\SoftWhatsAppCRMDash\SoftWhatsAppCRMDash\obj\Release\net8.0\PubTmp\Out\wwwroot\lib\highcharts\es-modules\Stock\Indicators\LinearRegressionSlopes\LinearRegressionSlopesIndicator.js", "JavaScript", 0, 17, 0, 0, 0, 0, 0, 0, 70, 1, 88
"c:\Users\MSI SWORD 15 A12V\source\repos\SoftWhatsAppCRMDash\SoftWhatsAppCRMDash\obj\Release\net8.0\PubTmp\Out\wwwroot\lib\highcharts\es-modules\Stock\Indicators\LinearRegressionSlopes\LinearRegressionSlopesIndicator.min.js", "JavaScript", 0, 1, 0, 0, 0, 0, 0, 0, 0, 0, 1
"c:\Users\MSI SWORD 15 A12V\source\repos\SoftWhatsAppCRMDash\SoftWhatsAppCRMDash\obj\Release\net8.0\PubTmp\Out\wwwroot\lib\highcharts\es-modules\Stock\Indicators\LinearRegression\LinearRegressionIndicator.js", "JavaScript", 0, 96, 0, 0, 0, 0, 0, 0, 175, 1, 272
"c:\Users\MSI SWORD 15 A12V\source\repos\SoftWhatsAppCRMDash\SoftWhatsAppCRMDash\obj\Release\net8.0\PubTmp\Out\wwwroot\lib\highcharts\es-modules\Stock\Indicators\LinearRegression\LinearRegressionIndicator.min.js", "JavaScript", 0, 1, 0, 0, 0, 0, 0, 0, 0, 0, 1
"c:\Users\MSI SWORD 15 A12V\source\repos\SoftWhatsAppCRMDash\SoftWhatsAppCRMDash\obj\Release\net8.0\PubTmp\Out\wwwroot\lib\highcharts\es-modules\Stock\Indicators\MACD\MACDIndicator.js", "JavaScript", 0, 231, 0, 0, 0, 0, 0, 0, 141, 1, 373
"c:\Users\MSI SWORD 15 A12V\source\repos\SoftWhatsAppCRMDash\SoftWhatsAppCRMDash\obj\Release\net8.0\PubTmp\Out\wwwroot\lib\highcharts\es-modules\Stock\Indicators\MACD\MACDIndicator.min.js", "JavaScript", 0, 1, 0, 0, 0, 0, 0, 0, 0, 0, 1
"c:\Users\MSI SWORD 15 A12V\source\repos\SoftWhatsAppCRMDash\SoftWhatsAppCRMDash\obj\Release\net8.0\PubTmp\Out\wwwroot\lib\highcharts\es-modules\Stock\Indicators\MFI\MFIIndicator.js", "JavaScript", 0, 84, 0, 0, 0, 0, 0, 0, 113, 1, 198
"c:\Users\MSI SWORD 15 A12V\source\repos\SoftWhatsAppCRMDash\SoftWhatsAppCRMDash\obj\Release\net8.0\PubTmp\Out\wwwroot\lib\highcharts\es-modules\Stock\Indicators\MFI\MFIIndicator.min.js", "JavaScript", 0, 1, 0, 0, 0, 0, 0, 0, 0, 0, 1
"c:\Users\MSI SWORD 15 A12V\source\repos\SoftWhatsAppCRMDash\SoftWhatsAppCRMDash\obj\Release\net8.0\PubTmp\Out\wwwroot\lib\highcharts\es-modules\Stock\Indicators\Momentum\MomentumIndicator.js", "JavaScript", 0, 47, 0, 0, 0, 0, 0, 0, 76, 1, 124
"c:\Users\MSI SWORD 15 A12V\source\repos\SoftWhatsAppCRMDash\SoftWhatsAppCRMDash\obj\Release\net8.0\PubTmp\Out\wwwroot\lib\highcharts\es-modules\Stock\Indicators\Momentum\MomentumIndicator.min.js", "JavaScript", 0, 1, 0, 0, 0, 0, 0, 0, 0, 0, 1
"c:\Users\MSI SWORD 15 A12V\source\repos\SoftWhatsAppCRMDash\SoftWhatsAppCRMDash\obj\Release\net8.0\PubTmp\Out\wwwroot\lib\highcharts\es-modules\Stock\Indicators\MultipleLinesComposition.js", "JavaScript", 0, 150, 0, 0, 0, 0, 0, 0, 129, 1, 280
"c:\Users\MSI SWORD 15 A12V\source\repos\SoftWhatsAppCRMDash\SoftWhatsAppCRMDash\obj\Release\net8.0\PubTmp\Out\wwwroot\lib\highcharts\es-modules\Stock\Indicators\MultipleLinesComposition.min.js", "JavaScript", 0, 1, 0, 0, 0, 0, 0, 0, 0, 0, 1
"c:\Users\MSI SWORD 15 A12V\source\repos\SoftWhatsAppCRMDash\SoftWhatsAppCRMDash\obj\Release\net8.0\PubTmp\Out\wwwroot\lib\highcharts\es-modules\Stock\Indicators\NATR\NATRIndicator.js", "JavaScript", 0, 28, 0, 0, 0, 0, 0, 0, 69, 1, 98
"c:\Users\MSI SWORD 15 A12V\source\repos\SoftWhatsAppCRMDash\SoftWhatsAppCRMDash\obj\Release\net8.0\PubTmp\Out\wwwroot\lib\highcharts\es-modules\Stock\Indicators\NATR\NATRIndicator.min.js", "JavaScript", 0, 1, 0, 0, 0, 0, 0, 0, 0, 0, 1
"c:\Users\MSI SWORD 15 A12V\source\repos\SoftWhatsAppCRMDash\SoftWhatsAppCRMDash\obj\Release\net8.0\PubTmp\Out\wwwroot\lib\highcharts\es-modules\Stock\Indicators\OBV\OBVIndicator.js", "JavaScript", 0, 69, 0, 0, 0, 0, 0, 0, 84, 1, 154
"c:\Users\MSI SWORD 15 A12V\source\repos\SoftWhatsAppCRMDash\SoftWhatsAppCRMDash\obj\Release\net8.0\PubTmp\Out\wwwroot\lib\highcharts\es-modules\Stock\Indicators\OBV\OBVIndicator.min.js", "JavaScript", 0, 1, 0, 0, 0, 0, 0, 0, 0, 0, 1
"c:\Users\MSI SWORD 15 A12V\source\repos\SoftWhatsAppCRMDash\SoftWhatsAppCRMDash\obj\Release\net8.0\PubTmp\Out\wwwroot\lib\highcharts\es-modules\Stock\Indicators\PC\PCIndicator.js", "JavaScript", 0, 69, 0, 0, 0, 0, 0, 0, 107, 1, 177
"c:\Users\MSI SWORD 15 A12V\source\repos\SoftWhatsAppCRMDash\SoftWhatsAppCRMDash\obj\Release\net8.0\PubTmp\Out\wwwroot\lib\highcharts\es-modules\Stock\Indicators\PC\PCIndicator.min.js", "JavaScript", 0, 1, 0, 0, 0, 0, 0, 0, 0, 0, 1
"c:\Users\MSI SWORD 15 A12V\source\repos\SoftWhatsAppCRMDash\SoftWhatsAppCRMDash\obj\Release\net8.0\PubTmp\Out\wwwroot\lib\highcharts\es-modules\Stock\Indicators\PPO\PPOIndicator.js", "JavaScript", 0, 56, 0, 0, 0, 0, 0, 0, 90, 1, 147
"c:\Users\MSI SWORD 15 A12V\source\repos\SoftWhatsAppCRMDash\SoftWhatsAppCRMDash\obj\Release\net8.0\PubTmp\Out\wwwroot\lib\highcharts\es-modules\Stock\Indicators\PPO\PPOIndicator.min.js", "JavaScript", 0, 1, 0, 0, 0, 0, 0, 0, 0, 0, 1
"c:\Users\MSI SWORD 15 A12V\source\repos\SoftWhatsAppCRMDash\SoftWhatsAppCRMDash\obj\Release\net8.0\PubTmp\Out\wwwroot\lib\highcharts\es-modules\Stock\Indicators\PSAR\PSARIndicator.js", "JavaScript", 0, 132, 0, 0, 0, 0, 0, 0, 157, 1, 290
"c:\Users\MSI SWORD 15 A12V\source\repos\SoftWhatsAppCRMDash\SoftWhatsAppCRMDash\obj\Release\net8.0\PubTmp\Out\wwwroot\lib\highcharts\es-modules\Stock\Indicators\PSAR\PSARIndicator.min.js", "JavaScript", 0, 1, 0, 0, 0, 0, 0, 0, 0, 0, 1
"c:\Users\MSI SWORD 15 A12V\source\repos\SoftWhatsAppCRMDash\SoftWhatsAppCRMDash\obj\Release\net8.0\PubTmp\Out\wwwroot\lib\highcharts\es-modules\Stock\Indicators\PivotPoints\PivotPointsIndicator.js", "JavaScript", 0, 197, 0, 0, 0, 0, 0, 0, 98, 1, 296
"c:\Users\MSI SWORD 15 A12V\source\repos\SoftWhatsAppCRMDash\SoftWhatsAppCRMDash\obj\Release\net8.0\PubTmp\Out\wwwroot\lib\highcharts\es-modules\Stock\Indicators\PivotPoints\PivotPointsIndicator.min.js", "JavaScript", 0, 1, 0, 0, 0, 0, 0, 0, 0, 0, 1
"c:\Users\MSI SWORD 15 A12V\source\repos\SoftWhatsAppCRMDash\SoftWhatsAppCRMDash\obj\Release\net8.0\PubTmp\Out\wwwroot\lib\highcharts\es-modules\Stock\Indicators\PivotPoints\PivotPointsPoint.js", "JavaScript", 0, 24, 0, 0, 0, 0, 0, 0, 32, 1, 57
"c:\Users\MSI SWORD 15 A12V\source\repos\SoftWhatsAppCRMDash\SoftWhatsAppCRMDash\obj\Release\net8.0\PubTmp\Out\wwwroot\lib\highcharts\es-modules\Stock\Indicators\PivotPoints\PivotPointsPoint.min.js", "JavaScript", 0, 1, 0, 0, 0, 0, 0, 0, 0, 0, 1
"c:\Users\MSI SWORD 15 A12V\source\repos\SoftWhatsAppCRMDash\SoftWhatsAppCRMDash\obj\Release\net8.0\PubTmp\Out\wwwroot\lib\highcharts\es-modules\Stock\Indicators\PriceEnvelopes\PriceEnvelopesIndicator.js", "JavaScript", 0, 94, 0, 0, 0, 0, 0, 0, 109, 1, 204
"c:\Users\MSI SWORD 15 A12V\source\repos\SoftWhatsAppCRMDash\SoftWhatsAppCRMDash\obj\Release\net8.0\PubTmp\Out\wwwroot\lib\highcharts\es-modules\Stock\Indicators\PriceEnvelopes\PriceEnvelopesIndicator.min.js", "JavaScript", 0, 1, 0, 0, 0, 0, 0, 0, 0, 0, 1
"c:\Users\MSI SWORD 15 A12V\source\repos\SoftWhatsAppCRMDash\SoftWhatsAppCRMDash\obj\Release\net8.0\PubTmp\Out\wwwroot\lib\highcharts\es-modules\Stock\Indicators\ROC\ROCIndicator.js", "JavaScript", 0, 56, 0, 0, 0, 0, 0, 0, 110, 1, 167
"c:\Users\MSI SWORD 15 A12V\source\repos\SoftWhatsAppCRMDash\SoftWhatsAppCRMDash\obj\Release\net8.0\PubTmp\Out\wwwroot\lib\highcharts\es-modules\Stock\Indicators\ROC\ROCIndicator.min.js", "JavaScript", 0, 1, 0, 0, 0, 0, 0, 0, 0, 0, 1
"c:\Users\MSI SWORD 15 A12V\source\repos\SoftWhatsAppCRMDash\SoftWhatsAppCRMDash\obj\Release\net8.0\PubTmp\Out\wwwroot\lib\highcharts\es-modules\Stock\Indicators\RSI\RSIIndicator.js", "JavaScript", 0, 77, 0, 0, 0, 0, 0, 0, 89, 1, 167
"c:\Users\MSI SWORD 15 A12V\source\repos\SoftWhatsAppCRMDash\SoftWhatsAppCRMDash\obj\Release\net8.0\PubTmp\Out\wwwroot\lib\highcharts\es-modules\Stock\Indicators\RSI\RSIIndicator.min.js", "JavaScript", 0, 1, 0, 0, 0, 0, 0, 0, 0, 0, 1
"c:\Users\MSI SWORD 15 A12V\source\repos\SoftWhatsAppCRMDash\SoftWhatsAppCRMDash\obj\Release\net8.0\PubTmp\Out\wwwroot\lib\highcharts\es-modules\Stock\Indicators\SMA\SMAIndicator.js", "JavaScript", 0, 224, 0, 0, 0, 0, 0, 0, 175, 1, 400
"c:\Users\MSI SWORD 15 A12V\source\repos\SoftWhatsAppCRMDash\SoftWhatsAppCRMDash\obj\Release\net8.0\PubTmp\Out\wwwroot\lib\highcharts\es-modules\Stock\Indicators\SMA\SMAIndicator.min.js", "JavaScript", 0, 1, 0, 0, 0, 0, 0, 0, 0, 0, 1
"c:\Users\MSI SWORD 15 A12V\source\repos\SoftWhatsAppCRMDash\SoftWhatsAppCRMDash\obj\Release\net8.0\PubTmp\Out\wwwroot\lib\highcharts\es-modules\Stock\Indicators\SlowStochastic\SlowStochasticIndicator.js", "JavaScript", 0, 52, 0, 0, 0, 0, 0, 0, 77, 1, 130
"c:\Users\MSI SWORD 15 A12V\source\repos\SoftWhatsAppCRMDash\SoftWhatsAppCRMDash\obj\Release\net8.0\PubTmp\Out\wwwroot\lib\highcharts\es-modules\Stock\Indicators\SlowStochastic\SlowStochasticIndicator.min.js", "JavaScript", 0, 1, 0, 0, 0, 0, 0, 0, 0, 0, 1
"c:\Users\MSI SWORD 15 A12V\source\repos\SoftWhatsAppCRMDash\SoftWhatsAppCRMDash\obj\Release\net8.0\PubTmp\Out\wwwroot\lib\highcharts\es-modules\Stock\Indicators\Stochastic\StochasticIndicator.js", "JavaScript", 0, 108, 0, 0, 0, 0, 0, 0, 111, 1, 220
"c:\Users\MSI SWORD 15 A12V\source\repos\SoftWhatsAppCRMDash\SoftWhatsAppCRMDash\obj\Release\net8.0\PubTmp\Out\wwwroot\lib\highcharts\es-modules\Stock\Indicators\Stochastic\StochasticIndicator.min.js", "JavaScript", 0, 1, 0, 0, 0, 0, 0, 0, 0, 0, 1
"c:\Users\MSI SWORD 15 A12V\source\repos\SoftWhatsAppCRMDash\SoftWhatsAppCRMDash\obj\Release\net8.0\PubTmp\Out\wwwroot\lib\highcharts\es-modules\Stock\Indicators\Supertrend\SupertrendIndicator.js", "JavaScript", 0, 274, 0, 0, 0, 0, 0, 0, 201, 1, 476
"c:\Users\MSI SWORD 15 A12V\source\repos\SoftWhatsAppCRMDash\SoftWhatsAppCRMDash\obj\Release\net8.0\PubTmp\Out\wwwroot\lib\highcharts\es-modules\Stock\Indicators\Supertrend\SupertrendIndicator.min.js", "JavaScript", 0, 1, 0, 0, 0, 0, 0, 0, 0, 0, 1
"c:\Users\MSI SWORD 15 A12V\source\repos\SoftWhatsAppCRMDash\SoftWhatsAppCRMDash\obj\Release\net8.0\PubTmp\Out\wwwroot\lib\highcharts\es-modules\Stock\Indicators\TEMA\TEMAIndicator.js", "JavaScript", 0, 87, 0, 0, 0, 0, 0, 0, 93, 1, 181
"c:\Users\MSI SWORD 15 A12V\source\repos\SoftWhatsAppCRMDash\SoftWhatsAppCRMDash\obj\Release\net8.0\PubTmp\Out\wwwroot\lib\highcharts\es-modules\Stock\Indicators\TEMA\TEMAIndicator.min.js", "JavaScript", 0, 1, 0, 0, 0, 0, 0, 0, 0, 0, 1
"c:\Users\MSI SWORD 15 A12V\source\repos\SoftWhatsAppCRMDash\SoftWhatsAppCRMDash\obj\Release\net8.0\PubTmp\Out\wwwroot\lib\highcharts\es-modules\Stock\Indicators\TRIX\TRIXIndicator.js", "JavaScript", 0, 21, 0, 0, 0, 0, 0, 0, 75, 1, 97
"c:\Users\MSI SWORD 15 A12V\source\repos\SoftWhatsAppCRMDash\SoftWhatsAppCRMDash\obj\Release\net8.0\PubTmp\Out\wwwroot\lib\highcharts\es-modules\Stock\Indicators\TRIX\TRIXIndicator.min.js", "JavaScript", 0, 1, 0, 0, 0, 0, 0, 0, 0, 0, 1
"c:\Users\MSI SWORD 15 A12V\source\repos\SoftWhatsAppCRMDash\SoftWhatsAppCRMDash\obj\Release\net8.0\PubTmp\Out\wwwroot\lib\highcharts\es-modules\Stock\Indicators\TrendLine\TrendLineIndicator.js", "JavaScript", 0, 58, 0, 0, 0, 0, 0, 0, 81, 1, 140
"c:\Users\MSI SWORD 15 A12V\source\repos\SoftWhatsAppCRMDash\SoftWhatsAppCRMDash\obj\Release\net8.0\PubTmp\Out\wwwroot\lib\highcharts\es-modules\Stock\Indicators\TrendLine\TrendLineIndicator.min.js", "JavaScript", 0, 1, 0, 0, 0, 0, 0, 0, 0, 0, 1
"c:\Users\MSI SWORD 15 A12V\source\repos\SoftWhatsAppCRMDash\SoftWhatsAppCRMDash\obj\Release\net8.0\PubTmp\Out\wwwroot\lib\highcharts\es-modules\Stock\Indicators\VBP\VBPIndicator.js", "JavaScript", 0, 419, 0, 0, 0, 0, 0, 0, 168, 1, 588
"c:\Users\MSI SWORD 15 A12V\source\repos\SoftWhatsAppCRMDash\SoftWhatsAppCRMDash\obj\Release\net8.0\PubTmp\Out\wwwroot\lib\highcharts\es-modules\Stock\Indicators\VBP\VBPIndicator.min.js", "JavaScript", 0, 1, 0, 0, 0, 0, 0, 0, 0, 0, 1
"c:\Users\MSI SWORD 15 A12V\source\repos\SoftWhatsAppCRMDash\SoftWhatsAppCRMDash\obj\Release\net8.0\PubTmp\Out\wwwroot\lib\highcharts\es-modules\Stock\Indicators\VBP\VBPPoint.js", "JavaScript", 0, 12, 0, 0, 0, 0, 0, 0, 24, 1, 37
"c:\Users\MSI SWORD 15 A12V\source\repos\SoftWhatsAppCRMDash\SoftWhatsAppCRMDash\obj\Release\net8.0\PubTmp\Out\wwwroot\lib\highcharts\es-modules\Stock\Indicators\VBP\VBPPoint.min.js", "JavaScript", 0, 1, 0, 0, 0, 0, 0, 0, 0, 0, 1
"c:\Users\MSI SWORD 15 A12V\source\repos\SoftWhatsAppCRMDash\SoftWhatsAppCRMDash\obj\Release\net8.0\PubTmp\Out\wwwroot\lib\highcharts\es-modules\Stock\Indicators\VWAP\VWAPIndicator.js", "JavaScript", 0, 68, 0, 0, 0, 0, 0, 0, 110, 1, 179
"c:\Users\MSI SWORD 15 A12V\source\repos\SoftWhatsAppCRMDash\SoftWhatsAppCRMDash\obj\Release\net8.0\PubTmp\Out\wwwroot\lib\highcharts\es-modules\Stock\Indicators\VWAP\VWAPIndicator.min.js", "JavaScript", 0, 1, 0, 0, 0, 0, 0, 0, 0, 0, 1
"c:\Users\MSI SWORD 15 A12V\source\repos\SoftWhatsAppCRMDash\SoftWhatsAppCRMDash\obj\Release\net8.0\PubTmp\Out\wwwroot\lib\highcharts\es-modules\Stock\Indicators\WMA\WMAIndicator.js", "JavaScript", 0, 63, 0, 0, 0, 0, 0, 0, 92, 1, 156
"c:\Users\MSI SWORD 15 A12V\source\repos\SoftWhatsAppCRMDash\SoftWhatsAppCRMDash\obj\Release\net8.0\PubTmp\Out\wwwroot\lib\highcharts\es-modules\Stock\Indicators\WMA\WMAIndicator.min.js", "JavaScript", 0, 1, 0, 0, 0, 0, 0, 0, 0, 0, 1
"c:\Users\MSI SWORD 15 A12V\source\repos\SoftWhatsAppCRMDash\SoftWhatsAppCRMDash\obj\Release\net8.0\PubTmp\Out\wwwroot\lib\highcharts\es-modules\Stock\Indicators\WilliamsR\WilliamsRIndicator.js", "JavaScript", 0, 51, 0, 0, 0, 0, 0, 0, 83, 1, 135
"c:\Users\MSI SWORD 15 A12V\source\repos\SoftWhatsAppCRMDash\SoftWhatsAppCRMDash\obj\Release\net8.0\PubTmp\Out\wwwroot\lib\highcharts\es-modules\Stock\Indicators\WilliamsR\WilliamsRIndicator.min.js", "JavaScript", 0, 1, 0, 0, 0, 0, 0, 0, 0, 0, 1
"c:\Users\MSI SWORD 15 A12V\source\repos\SoftWhatsAppCRMDash\SoftWhatsAppCRMDash\obj\Release\net8.0\PubTmp\Out\wwwroot\lib\highcharts\es-modules\Stock\Indicators\Zigzag\ZigzagIndicator.js", "JavaScript", 0, 98, 0, 0, 0, 0, 0, 0, 113, 1, 212
"c:\Users\MSI SWORD 15 A12V\source\repos\SoftWhatsAppCRMDash\SoftWhatsAppCRMDash\obj\Release\net8.0\PubTmp\Out\wwwroot\lib\highcharts\es-modules\Stock\Indicators\Zigzag\ZigzagIndicator.min.js", "JavaScript", 0, 1, 0, 0, 0, 0, 0, 0, 0, 0, 1
"c:\Users\MSI SWORD 15 A12V\source\repos\SoftWhatsAppCRMDash\SoftWhatsAppCRMDash\obj\Release\net8.0\PubTmp\Out\wwwroot\lib\highcharts\es-modules\Stock\Navigator\ChartNavigatorComposition.js", "JavaScript", 0, 121, 0, 0, 0, 0, 0, 0, 67, 1, 189
"c:\Users\MSI SWORD 15 A12V\source\repos\SoftWhatsAppCRMDash\SoftWhatsAppCRMDash\obj\Release\net8.0\PubTmp\Out\wwwroot\lib\highcharts\es-modules\Stock\Navigator\ChartNavigatorComposition.min.js", "JavaScript", 0, 1, 0, 0, 0, 0, 0, 0, 0, 0, 1
"c:\Users\MSI SWORD 15 A12V\source\repos\SoftWhatsAppCRMDash\SoftWhatsAppCRMDash\obj\Release\net8.0\PubTmp\Out\wwwroot\lib\highcharts\es-modules\Stock\Navigator\Navigator.js", "JavaScript", 0, 1005, 0, 0, 0, 0, 0, 0, 478, 1, 1484
"c:\Users\MSI SWORD 15 A12V\source\repos\SoftWhatsAppCRMDash\SoftWhatsAppCRMDash\obj\Release\net8.0\PubTmp\Out\wwwroot\lib\highcharts\es-modules\Stock\Navigator\Navigator.min.js", "JavaScript", 0, 1, 0, 0, 0, 0, 0, 0, 0, 0, 1
"c:\Users\MSI SWORD 15 A12V\source\repos\SoftWhatsAppCRMDash\SoftWhatsAppCRMDash\obj\Release\net8.0\PubTmp\Out\wwwroot\lib\highcharts\es-modules\Stock\Navigator\NavigatorComposition.js", "JavaScript", 0, 32, 0, 0, 0, 0, 0, 0, 31, 1, 64
"c:\Users\MSI SWORD 15 A12V\source\repos\SoftWhatsAppCRMDash\SoftWhatsAppCRMDash\obj\Release\net8.0\PubTmp\Out\wwwroot\lib\highcharts\es-modules\Stock\Navigator\NavigatorComposition.min.js", "JavaScript", 0, 1, 0, 0, 0, 0, 0, 0, 0, 0, 1
"c:\Users\MSI SWORD 15 A12V\source\repos\SoftWhatsAppCRMDash\SoftWhatsAppCRMDash\obj\Release\net8.0\PubTmp\Out\wwwroot\lib\highcharts\es-modules\Stock\Navigator\NavigatorDefaults.js", "JavaScript", 0, 104, 0, 0, 0, 0, 0, 0, 423, 1, 528
"c:\Users\MSI SWORD 15 A12V\source\repos\SoftWhatsAppCRMDash\SoftWhatsAppCRMDash\obj\Release\net8.0\PubTmp\Out\wwwroot\lib\highcharts\es-modules\Stock\Navigator\NavigatorDefaults.min.js", "JavaScript", 0, 1, 0, 0, 0, 0, 0, 0, 0, 0, 1
"c:\Users\MSI SWORD 15 A12V\source\repos\SoftWhatsAppCRMDash\SoftWhatsAppCRMDash\obj\Release\net8.0\PubTmp\Out\wwwroot\lib\highcharts\es-modules\Stock\Navigator\NavigatorSymbols.js", "JavaScript", 0, 19, 0, 0, 0, 0, 0, 0, 23, 1, 43
"c:\Users\MSI SWORD 15 A12V\source\repos\SoftWhatsAppCRMDash\SoftWhatsAppCRMDash\obj\Release\net8.0\PubTmp\Out\wwwroot\lib\highcharts\es-modules\Stock\Navigator\NavigatorSymbols.min.js", "JavaScript", 0, 1, 0, 0, 0, 0, 0, 0, 0, 0, 1
"c:\Users\MSI SWORD 15 A12V\source\repos\SoftWhatsAppCRMDash\SoftWhatsAppCRMDash\obj\Release\net8.0\PubTmp\Out\wwwroot\lib\highcharts\es-modules\Stock\Navigator\StandaloneNavigator.js", "JavaScript", 0, 164, 0, 0, 0, 0, 0, 0, 173, 1, 338
"c:\Users\MSI SWORD 15 A12V\source\repos\SoftWhatsAppCRMDash\SoftWhatsAppCRMDash\obj\Release\net8.0\PubTmp\Out\wwwroot\lib\highcharts\es-modules\Stock\Navigator\StandaloneNavigator.min.js", "JavaScript", 0, 1, 0, 0, 0, 0, 0, 0, 0, 0, 1
"c:\Users\MSI SWORD 15 A12V\source\repos\SoftWhatsAppCRMDash\SoftWhatsAppCRMDash\obj\Release\net8.0\PubTmp\Out\wwwroot\lib\highcharts\es-modules\Stock\Navigator\StandaloneNavigatorDefaults.js", "JavaScript", 0, 45, 0, 0, 0, 0, 0, 0, 19, 1, 65
"c:\Users\MSI SWORD 15 A12V\source\repos\SoftWhatsAppCRMDash\SoftWhatsAppCRMDash\obj\Release\net8.0\PubTmp\Out\wwwroot\lib\highcharts\es-modules\Stock\Navigator\StandaloneNavigatorDefaults.min.js", "JavaScript", 0, 1, 0, 0, 0, 0, 0, 0, 0, 0, 1
"c:\Users\MSI SWORD 15 A12V\source\repos\SoftWhatsAppCRMDash\SoftWhatsAppCRMDash\obj\Release\net8.0\PubTmp\Out\wwwroot\lib\highcharts\es-modules\Stock\RangeSelector\RangeSelector.js", "JavaScript", 0, 1165, 0, 0, 0, 0, 0, 0, 416, 1, 1582
"c:\Users\MSI SWORD 15 A12V\source\repos\SoftWhatsAppCRMDash\SoftWhatsAppCRMDash\obj\Release\net8.0\PubTmp\Out\wwwroot\lib\highcharts\es-modules\Stock\RangeSelector\RangeSelector.min.js", "JavaScript", 0, 1, 0, 0, 0, 0, 0, 0, 0, 0, 1
"c:\Users\MSI SWORD 15 A12V\source\repos\SoftWhatsAppCRMDash\SoftWhatsAppCRMDash\obj\Release\net8.0\PubTmp\Out\wwwroot\lib\highcharts\es-modules\Stock\RangeSelector\RangeSelectorComposition.js", "JavaScript", 0, 194, 0, 0, 0, 0, 0, 0, 71, 1, 266
"c:\Users\MSI SWORD 15 A12V\source\repos\SoftWhatsAppCRMDash\SoftWhatsAppCRMDash\obj\Release\net8.0\PubTmp\Out\wwwroot\lib\highcharts\es-modules\Stock\RangeSelector\RangeSelectorComposition.min.js", "JavaScript", 0, 1, 0, 0, 0, 0, 0, 0, 0, 0, 1
"c:\Users\MSI SWORD 15 A12V\source\repos\SoftWhatsAppCRMDash\SoftWhatsAppCRMDash\obj\Release\net8.0\PubTmp\Out\wwwroot\lib\highcharts\es-modules\Stock\RangeSelector\RangeSelectorDefaults.js", "JavaScript", 0, 85, 0, 0, 0, 0, 0, 0, 469, 1, 555
"c:\Users\MSI SWORD 15 A12V\source\repos\SoftWhatsAppCRMDash\SoftWhatsAppCRMDash\obj\Release\net8.0\PubTmp\Out\wwwroot\lib\highcharts\es-modules\Stock\RangeSelector\RangeSelectorDefaults.min.js", "JavaScript", 0, 1, 0, 0, 0, 0, 0, 0, 0, 0, 1
"c:\Users\MSI SWORD 15 A12V\source\repos\SoftWhatsAppCRMDash\SoftWhatsAppCRMDash\obj\Release\net8.0\PubTmp\Out\wwwroot\lib\highcharts\es-modules\Stock\Scrollbar\Scrollbar.js", "JavaScript", 0, 441, 0, 0, 0, 0, 0, 0, 219, 1, 661
"c:\Users\MSI SWORD 15 A12V\source\repos\SoftWhatsAppCRMDash\SoftWhatsAppCRMDash\obj\Release\net8.0\PubTmp\Out\wwwroot\lib\highcharts\es-modules\Stock\Scrollbar\Scrollbar.min.js", "JavaScript", 0, 1, 0, 0, 0, 0, 0, 0, 0, 0, 1
"c:\Users\MSI SWORD 15 A12V\source\repos\SoftWhatsAppCRMDash\SoftWhatsAppCRMDash\obj\Release\net8.0\PubTmp\Out\wwwroot\lib\highcharts\es-modules\Stock\Scrollbar\ScrollbarDefaults.js", "JavaScript", 0, 26, 0, 0, 0, 0, 0, 0, 195, 1, 222
"c:\Users\MSI SWORD 15 A12V\source\repos\SoftWhatsAppCRMDash\SoftWhatsAppCRMDash\obj\Release\net8.0\PubTmp\Out\wwwroot\lib\highcharts\es-modules\Stock\Scrollbar\ScrollbarDefaults.min.js", "JavaScript", 0, 1, 0, 0, 0, 0, 0, 0, 0, 0, 1
"c:\Users\MSI SWORD 15 A12V\source\repos\SoftWhatsAppCRMDash\SoftWhatsAppCRMDash\obj\Release\net8.0\PubTmp\Out\wwwroot\lib\highcharts\es-modules\Stock\StockTools\StockToolbar.js", "JavaScript", 0, 412, 0, 0, 0, 0, 0, 0, 213, 1, 626
"c:\Users\MSI SWORD 15 A12V\source\repos\SoftWhatsAppCRMDash\SoftWhatsAppCRMDash\obj\Release\net8.0\PubTmp\Out\wwwroot\lib\highcharts\es-modules\Stock\StockTools\StockToolbar.min.js", "JavaScript", 0, 1, 0, 0, 0, 0, 0, 0, 0, 0, 1
"c:\Users\MSI SWORD 15 A12V\source\repos\SoftWhatsAppCRMDash\SoftWhatsAppCRMDash\obj\Release\net8.0\PubTmp\Out\wwwroot\lib\highcharts\es-modules\Stock\StockTools\StockTools.js", "JavaScript", 0, 137, 0, 0, 0, 0, 0, 0, 108, 1, 246
"c:\Users\MSI SWORD 15 A12V\source\repos\SoftWhatsAppCRMDash\SoftWhatsAppCRMDash\obj\Release\net8.0\PubTmp\Out\wwwroot\lib\highcharts\es-modules\Stock\StockTools\StockTools.min.js", "JavaScript", 0, 1, 0, 0, 0, 0, 0, 0, 0, 0, 1
"c:\Users\MSI SWORD 15 A12V\source\repos\SoftWhatsAppCRMDash\SoftWhatsAppCRMDash\obj\Release\net8.0\PubTmp\Out\wwwroot\lib\highcharts\es-modules\Stock\StockTools\StockToolsBindings.js", "JavaScript", 0, 986, 0, 0, 0, 0, 0, 0, 517, 1, 1504
"c:\Users\MSI SWORD 15 A12V\source\repos\SoftWhatsAppCRMDash\SoftWhatsAppCRMDash\obj\Release\net8.0\PubTmp\Out\wwwroot\lib\highcharts\es-modules\Stock\StockTools\StockToolsBindings.min.js", "JavaScript", 0, 1, 0, 0, 0, 0, 0, 0, 0, 0, 1
"c:\Users\MSI SWORD 15 A12V\source\repos\SoftWhatsAppCRMDash\SoftWhatsAppCRMDash\obj\Release\net8.0\PubTmp\Out\wwwroot\lib\highcharts\es-modules\Stock\StockTools\StockToolsDefaults.js", "JavaScript", 0, 439, 0, 0, 0, 0, 0, 0, 758, 1, 1198
"c:\Users\MSI SWORD 15 A12V\source\repos\SoftWhatsAppCRMDash\SoftWhatsAppCRMDash\obj\Release\net8.0\PubTmp\Out\wwwroot\lib\highcharts\es-modules\Stock\StockTools\StockToolsDefaults.min.js", "JavaScript", 0, 1, 0, 0, 0, 0, 0, 0, 0, 0, 1
"c:\Users\MSI SWORD 15 A12V\source\repos\SoftWhatsAppCRMDash\SoftWhatsAppCRMDash\obj\Release\net8.0\PubTmp\Out\wwwroot\lib\highcharts\es-modules\Stock\StockTools\StockToolsGui.js", "JavaScript", 0, 122, 0, 0, 0, 0, 0, 0, 62, 1, 185
"c:\Users\MSI SWORD 15 A12V\source\repos\SoftWhatsAppCRMDash\SoftWhatsAppCRMDash\obj\Release\net8.0\PubTmp\Out\wwwroot\lib\highcharts\es-modules\Stock\StockTools\StockToolsGui.min.js", "JavaScript", 0, 1, 0, 0, 0, 0, 0, 0, 0, 0, 1
"c:\Users\MSI SWORD 15 A12V\source\repos\SoftWhatsAppCRMDash\SoftWhatsAppCRMDash\obj\Release\net8.0\PubTmp\Out\wwwroot\lib\highcharts\es-modules\Stock\StockTools\StockToolsUtilities.js", "JavaScript", 0, 306, 0, 0, 0, 0, 0, 0, 142, 1, 449
"c:\Users\MSI SWORD 15 A12V\source\repos\SoftWhatsAppCRMDash\SoftWhatsAppCRMDash\obj\Release\net8.0\PubTmp\Out\wwwroot\lib\highcharts\es-modules\Stock\StockTools\StockToolsUtilities.min.js", "JavaScript", 0, 1, 0, 0, 0, 0, 0, 0, 0, 0, 1
"c:\Users\MSI SWORD 15 A12V\source\repos\SoftWhatsAppCRMDash\SoftWhatsAppCRMDash\obj\Release\net8.0\PubTmp\Out\wwwroot\lib\highcharts\es-modules\Stock\Utilities\StockUtilities.js", "JavaScript", 0, 18, 0, 0, 0, 0, 0, 0, 23, 1, 42
"c:\Users\MSI SWORD 15 A12V\source\repos\SoftWhatsAppCRMDash\SoftWhatsAppCRMDash\obj\Release\net8.0\PubTmp\Out\wwwroot\lib\highcharts\es-modules\Stock\Utilities\StockUtilities.min.js", "JavaScript", 0, 1, 0, 0, 0, 0, 0, 0, 0, 0, 1
"c:\Users\MSI SWORD 15 A12V\source\repos\SoftWhatsAppCRMDash\SoftWhatsAppCRMDash\obj\Release\net8.0\PubTmp\Out\wwwroot\lib\highcharts\es-modules\masters\highcharts-3d.src.js", "JavaScript", 0, 23, 0, 0, 0, 0, 0, 0, 10, 1, 34
"c:\Users\MSI SWORD 15 A12V\source\repos\SoftWhatsAppCRMDash\SoftWhatsAppCRMDash\obj\Release\net8.0\PubTmp\Out\wwwroot\lib\highcharts\es-modules\masters\highcharts-3d.src.min.js", "JavaScript", 0, 1, 0, 0, 0, 0, 0, 0, 0, 0, 1
"c:\Users\MSI SWORD 15 A12V\source\repos\SoftWhatsAppCRMDash\SoftWhatsAppCRMDash\obj\Release\net8.0\PubTmp\Out\wwwroot\lib\highcharts\es-modules\masters\highcharts-gantt.src.js", "JavaScript", 0, 5, 0, 0, 0, 0, 0, 0, 8, 1, 14
"c:\Users\MSI SWORD 15 A12V\source\repos\SoftWhatsAppCRMDash\SoftWhatsAppCRMDash\obj\Release\net8.0\PubTmp\Out\wwwroot\lib\highcharts\es-modules\masters\highcharts-gantt.src.min.js", "JavaScript", 0, 1, 0, 0, 0, 0, 0, 0, 0, 0, 1
"c:\Users\MSI SWORD 15 A12V\source\repos\SoftWhatsAppCRMDash\SoftWhatsAppCRMDash\obj\Release\net8.0\PubTmp\Out\wwwroot\lib\highcharts\es-modules\masters\highcharts-more.src.js", "JavaScript", 0, 25, 0, 0, 0, 0, 0, 0, 9, 1, 35
"c:\Users\MSI SWORD 15 A12V\source\repos\SoftWhatsAppCRMDash\SoftWhatsAppCRMDash\obj\Release\net8.0\PubTmp\Out\wwwroot\lib\highcharts\es-modules\masters\highcharts-more.src.min.js", "JavaScript", 0, 1, 0, 0, 0, 0, 0, 0, 0, 0, 1
"c:\Users\MSI SWORD 15 A12V\source\repos\SoftWhatsAppCRMDash\SoftWhatsAppCRMDash\obj\Release\net8.0\PubTmp\Out\wwwroot\lib\highcharts\es-modules\masters\highcharts.src.js", "JavaScript", 0, 105, 0, 0, 0, 0, 0, 0, 12, 1, 118
"c:\Users\MSI SWORD 15 A12V\source\repos\SoftWhatsAppCRMDash\SoftWhatsAppCRMDash\obj\Release\net8.0\PubTmp\Out\wwwroot\lib\highcharts\es-modules\masters\highcharts.src.min.js", "JavaScript", 0, 1, 0, 0, 0, 0, 0, 0, 0, 0, 1
"c:\Users\MSI SWORD 15 A12V\source\repos\SoftWhatsAppCRMDash\SoftWhatsAppCRMDash\obj\Release\net8.0\PubTmp\Out\wwwroot\lib\highcharts\es-modules\masters\highmaps.src.js", "JavaScript", 0, 5, 0, 0, 0, 0, 0, 0, 8, 1, 14
"c:\Users\MSI SWORD 15 A12V\source\repos\SoftWhatsAppCRMDash\SoftWhatsAppCRMDash\obj\Release\net8.0\PubTmp\Out\wwwroot\lib\highcharts\es-modules\masters\highmaps.src.min.js", "JavaScript", 0, 1, 0, 0, 0, 0, 0, 0, 0, 0, 1
"c:\Users\MSI SWORD 15 A12V\source\repos\SoftWhatsAppCRMDash\SoftWhatsAppCRMDash\obj\Release\net8.0\PubTmp\Out\wwwroot\lib\highcharts\es-modules\masters\highstock.src.js", "JavaScript", 0, 5, 0, 0, 0, 0, 0, 0, 8, 1, 14
"c:\Users\MSI SWORD 15 A12V\source\repos\SoftWhatsAppCRMDash\SoftWhatsAppCRMDash\obj\Release\net8.0\PubTmp\Out\wwwroot\lib\highcharts\es-modules\masters\highstock.src.min.js", "JavaScript", 0, 1, 0, 0, 0, 0, 0, 0, 0, 0, 1
"c:\Users\MSI SWORD 15 A12V\source\repos\SoftWhatsAppCRMDash\SoftWhatsAppCRMDash\obj\Release\net8.0\PubTmp\Out\wwwroot\lib\highcharts\es-modules\masters\indicators\acceleration-bands.src.js", "JavaScript", 0, 4, 0, 0, 0, 0, 0, 0, 12, 1, 17
"c:\Users\MSI SWORD 15 A12V\source\repos\SoftWhatsAppCRMDash\SoftWhatsAppCRMDash\obj\Release\net8.0\PubTmp\Out\wwwroot\lib\highcharts\es-modules\masters\indicators\acceleration-bands.src.min.js", "JavaScript", 0, 1, 0, 0, 0, 0, 0, 0, 0, 0, 1
"c:\Users\MSI SWORD 15 A12V\source\repos\SoftWhatsAppCRMDash\SoftWhatsAppCRMDash\obj\Release\net8.0\PubTmp\Out\wwwroot\lib\highcharts\es-modules\masters\indicators\accumulation-distribution.src.js", "JavaScript", 0, 4, 0, 0, 0, 0, 0, 0, 12, 1, 17
"c:\Users\MSI SWORD 15 A12V\source\repos\SoftWhatsAppCRMDash\SoftWhatsAppCRMDash\obj\Release\net8.0\PubTmp\Out\wwwroot\lib\highcharts\es-modules\masters\indicators\accumulation-distribution.src.min.js", "JavaScript", 0, 1, 0, 0, 0, 0, 0, 0, 0, 0, 1
"c:\Users\MSI SWORD 15 A12V\source\repos\SoftWhatsAppCRMDash\SoftWhatsAppCRMDash\obj\Release\net8.0\PubTmp\Out\wwwroot\lib\highcharts\es-modules\masters\indicators\ao.src.js", "JavaScript", 0, 4, 0, 0, 0, 0, 0, 0, 12, 1, 17
"c:\Users\MSI SWORD 15 A12V\source\repos\SoftWhatsAppCRMDash\SoftWhatsAppCRMDash\obj\Release\net8.0\PubTmp\Out\wwwroot\lib\highcharts\es-modules\masters\indicators\ao.src.min.js", "JavaScript", 0, 1, 0, 0, 0, 0, 0, 0, 0, 0, 1
"c:\Users\MSI SWORD 15 A12V\source\repos\SoftWhatsAppCRMDash\SoftWhatsAppCRMDash\obj\Release\net8.0\PubTmp\Out\wwwroot\lib\highcharts\es-modules\masters\indicators\apo.src.js", "JavaScript", 0, 4, 0, 0, 0, 0, 0, 0, 12, 1, 17
"c:\Users\MSI SWORD 15 A12V\source\repos\SoftWhatsAppCRMDash\SoftWhatsAppCRMDash\obj\Release\net8.0\PubTmp\Out\wwwroot\lib\highcharts\es-modules\masters\indicators\apo.src.min.js", "JavaScript", 0, 1, 0, 0, 0, 0, 0, 0, 0, 0, 1
"c:\Users\MSI SWORD 15 A12V\source\repos\SoftWhatsAppCRMDash\SoftWhatsAppCRMDash\obj\Release\net8.0\PubTmp\Out\wwwroot\lib\highcharts\es-modules\masters\indicators\aroon-oscillator.src.js", "JavaScript", 0, 4, 0, 0, 0, 0, 0, 0, 12, 1, 17
"c:\Users\MSI SWORD 15 A12V\source\repos\SoftWhatsAppCRMDash\SoftWhatsAppCRMDash\obj\Release\net8.0\PubTmp\Out\wwwroot\lib\highcharts\es-modules\masters\indicators\aroon-oscillator.src.min.js", "JavaScript", 0, 1, 0, 0, 0, 0, 0, 0, 0, 0, 1
"c:\Users\MSI SWORD 15 A12V\source\repos\SoftWhatsAppCRMDash\SoftWhatsAppCRMDash\obj\Release\net8.0\PubTmp\Out\wwwroot\lib\highcharts\es-modules\masters\indicators\aroon.src.js", "JavaScript", 0, 4, 0, 0, 0, 0, 0, 0, 12, 1, 17
"c:\Users\MSI SWORD 15 A12V\source\repos\SoftWhatsAppCRMDash\SoftWhatsAppCRMDash\obj\Release\net8.0\PubTmp\Out\wwwroot\lib\highcharts\es-modules\masters\indicators\aroon.src.min.js", "JavaScript", 0, 1, 0, 0, 0, 0, 0, 0, 0, 0, 1
"c:\Users\MSI SWORD 15 A12V\source\repos\SoftWhatsAppCRMDash\SoftWhatsAppCRMDash\obj\Release\net8.0\PubTmp\Out\wwwroot\lib\highcharts\es-modules\masters\indicators\atr.src.js", "JavaScript", 0, 4, 0, 0, 0, 0, 0, 0, 12, 1, 17
"c:\Users\MSI SWORD 15 A12V\source\repos\SoftWhatsAppCRMDash\SoftWhatsAppCRMDash\obj\Release\net8.0\PubTmp\Out\wwwroot\lib\highcharts\es-modules\masters\indicators\atr.src.min.js", "JavaScript", 0, 1, 0, 0, 0, 0, 0, 0, 0, 0, 1
"c:\Users\MSI SWORD 15 A12V\source\repos\SoftWhatsAppCRMDash\SoftWhatsAppCRMDash\obj\Release\net8.0\PubTmp\Out\wwwroot\lib\highcharts\es-modules\masters\indicators\bollinger-bands.src.js", "JavaScript", 0, 4, 0, 0, 0, 0, 0, 0, 12, 1, 17
"c:\Users\MSI SWORD 15 A12V\source\repos\SoftWhatsAppCRMDash\SoftWhatsAppCRMDash\obj\Release\net8.0\PubTmp\Out\wwwroot\lib\highcharts\es-modules\masters\indicators\bollinger-bands.src.min.js", "JavaScript", 0, 1, 0, 0, 0, 0, 0, 0, 0, 0, 1
"c:\Users\MSI SWORD 15 A12V\source\repos\SoftWhatsAppCRMDash\SoftWhatsAppCRMDash\obj\Release\net8.0\PubTmp\Out\wwwroot\lib\highcharts\es-modules\masters\indicators\cci.src.js", "JavaScript", 0, 4, 0, 0, 0, 0, 0, 0, 12, 1, 17
"c:\Users\MSI SWORD 15 A12V\source\repos\SoftWhatsAppCRMDash\SoftWhatsAppCRMDash\obj\Release\net8.0\PubTmp\Out\wwwroot\lib\highcharts\es-modules\masters\indicators\cci.src.min.js", "JavaScript", 0, 1, 0, 0, 0, 0, 0, 0, 0, 0, 1
"c:\Users\MSI SWORD 15 A12V\source\repos\SoftWhatsAppCRMDash\SoftWhatsAppCRMDash\obj\Release\net8.0\PubTmp\Out\wwwroot\lib\highcharts\es-modules\masters\indicators\chaikin.src.js", "JavaScript", 0, 4, 0, 0, 0, 0, 0, 0, 12, 1, 17
"c:\Users\MSI SWORD 15 A12V\source\repos\SoftWhatsAppCRMDash\SoftWhatsAppCRMDash\obj\Release\net8.0\PubTmp\Out\wwwroot\lib\highcharts\es-modules\masters\indicators\chaikin.src.min.js", "JavaScript", 0, 1, 0, 0, 0, 0, 0, 0, 0, 0, 1
"c:\Users\MSI SWORD 15 A12V\source\repos\SoftWhatsAppCRMDash\SoftWhatsAppCRMDash\obj\Release\net8.0\PubTmp\Out\wwwroot\lib\highcharts\es-modules\masters\indicators\cmf.src.js", "JavaScript", 0, 4, 0, 0, 0, 0, 0, 0, 11, 1, 16
"c:\Users\MSI SWORD 15 A12V\source\repos\SoftWhatsAppCRMDash\SoftWhatsAppCRMDash\obj\Release\net8.0\PubTmp\Out\wwwroot\lib\highcharts\es-modules\masters\indicators\cmf.src.min.js", "JavaScript", 0, 1, 0, 0, 0, 0, 0, 0, 0, 0, 1
"c:\Users\MSI SWORD 15 A12V\source\repos\SoftWhatsAppCRMDash\SoftWhatsAppCRMDash\obj\Release\net8.0\PubTmp\Out\wwwroot\lib\highcharts\es-modules\masters\indicators\cmo.src.js", "JavaScript", 0, 4, 0, 0, 0, 0, 0, 0, 12, 1, 17
"c:\Users\MSI SWORD 15 A12V\source\repos\SoftWhatsAppCRMDash\SoftWhatsAppCRMDash\obj\Release\net8.0\PubTmp\Out\wwwroot\lib\highcharts\es-modules\masters\indicators\cmo.src.min.js", "JavaScript", 0, 1, 0, 0, 0, 0, 0, 0, 0, 0, 1
"c:\Users\MSI SWORD 15 A12V\source\repos\SoftWhatsAppCRMDash\SoftWhatsAppCRMDash\obj\Release\net8.0\PubTmp\Out\wwwroot\lib\highcharts\es-modules\masters\indicators\dema.src.js", "JavaScript", 0, 4, 0, 0, 0, 0, 0, 0, 12, 1, 17
"c:\Users\MSI SWORD 15 A12V\source\repos\SoftWhatsAppCRMDash\SoftWhatsAppCRMDash\obj\Release\net8.0\PubTmp\Out\wwwroot\lib\highcharts\es-modules\masters\indicators\dema.src.min.js", "JavaScript", 0, 1, 0, 0, 0, 0, 0, 0, 0, 0, 1
"c:\Users\MSI SWORD 15 A12V\source\repos\SoftWhatsAppCRMDash\SoftWhatsAppCRMDash\obj\Release\net8.0\PubTmp\Out\wwwroot\lib\highcharts\es-modules\masters\indicators\disparity-index.src.js", "JavaScript", 0, 4, 0, 0, 0, 0, 0, 0, 12, 1, 17
"c:\Users\MSI SWORD 15 A12V\source\repos\SoftWhatsAppCRMDash\SoftWhatsAppCRMDash\obj\Release\net8.0\PubTmp\Out\wwwroot\lib\highcharts\es-modules\masters\indicators\disparity-index.src.min.js", "JavaScript", 0, 1, 0, 0, 0, 0, 0, 0, 0, 0, 1
"c:\Users\MSI SWORD 15 A12V\source\repos\SoftWhatsAppCRMDash\SoftWhatsAppCRMDash\obj\Release\net8.0\PubTmp\Out\wwwroot\lib\highcharts\es-modules\masters\indicators\dmi.src.js", "JavaScript", 0, 4, 0, 0, 0, 0, 0, 0, 12, 1, 17
"c:\Users\MSI SWORD 15 A12V\source\repos\SoftWhatsAppCRMDash\SoftWhatsAppCRMDash\obj\Release\net8.0\PubTmp\Out\wwwroot\lib\highcharts\es-modules\masters\indicators\dmi.src.min.js", "JavaScript", 0, 1, 0, 0, 0, 0, 0, 0, 0, 0, 1
"c:\Users\MSI SWORD 15 A12V\source\repos\SoftWhatsAppCRMDash\SoftWhatsAppCRMDash\obj\Release\net8.0\PubTmp\Out\wwwroot\lib\highcharts\es-modules\masters\indicators\dpo.src.js", "JavaScript", 0, 4, 0, 0, 0, 0, 0, 0, 12, 1, 17
"c:\Users\MSI SWORD 15 A12V\source\repos\SoftWhatsAppCRMDash\SoftWhatsAppCRMDash\obj\Release\net8.0\PubTmp\Out\wwwroot\lib\highcharts\es-modules\masters\indicators\dpo.src.min.js", "JavaScript", 0, 1, 0, 0, 0, 0, 0, 0, 0, 0, 1
"c:\Users\MSI SWORD 15 A12V\source\repos\SoftWhatsAppCRMDash\SoftWhatsAppCRMDash\obj\Release\net8.0\PubTmp\Out\wwwroot\lib\highcharts\es-modules\masters\indicators\ema.src.js", "JavaScript", 0, 3, 0, 0, 0, 0, 0, 0, 7, 1, 11
"c:\Users\MSI SWORD 15 A12V\source\repos\SoftWhatsAppCRMDash\SoftWhatsAppCRMDash\obj\Release\net8.0\PubTmp\Out\wwwroot\lib\highcharts\es-modules\masters\indicators\ema.src.min.js", "JavaScript", 0, 1, 0, 0, 0, 0, 0, 0, 0, 0, 1
"c:\Users\MSI SWORD 15 A12V\source\repos\SoftWhatsAppCRMDash\SoftWhatsAppCRMDash\obj\Release\net8.0\PubTmp\Out\wwwroot\lib\highcharts\es-modules\masters\indicators\ichimoku-kinko-hyo.src.js", "JavaScript", 0, 4, 0, 0, 0, 0, 0, 0, 12, 1, 17
"c:\Users\MSI SWORD 15 A12V\source\repos\SoftWhatsAppCRMDash\SoftWhatsAppCRMDash\obj\Release\net8.0\PubTmp\Out\wwwroot\lib\highcharts\es-modules\masters\indicators\ichimoku-kinko-hyo.src.min.js", "JavaScript", 0, 1, 0, 0, 0, 0, 0, 0, 0, 0, 1
"c:\Users\MSI SWORD 15 A12V\source\repos\SoftWhatsAppCRMDash\SoftWhatsAppCRMDash\obj\Release\net8.0\PubTmp\Out\wwwroot\lib\highcharts\es-modules\masters\indicators\indicators-all.src.js", "JavaScript", 0, 55, 0, 0, 0, 0, 0, 0, 12, 1, 68
"c:\Users\MSI SWORD 15 A12V\source\repos\SoftWhatsAppCRMDash\SoftWhatsAppCRMDash\obj\Release\net8.0\PubTmp\Out\wwwroot\lib\highcharts\es-modules\masters\indicators\indicators-all.src.min.js", "JavaScript", 0, 1, 0, 0, 0, 0, 0, 0, 0, 0, 1
"c:\Users\MSI SWORD 15 A12V\source\repos\SoftWhatsAppCRMDash\SoftWhatsAppCRMDash\obj\Release\net8.0\PubTmp\Out\wwwroot\lib\highcharts\es-modules\masters\indicators\indicators.src.js", "JavaScript", 0, 9, 0, 0, 0, 0, 0, 0, 12, 1, 22
"c:\Users\MSI SWORD 15 A12V\source\repos\SoftWhatsAppCRMDash\SoftWhatsAppCRMDash\obj\Release\net8.0\PubTmp\Out\wwwroot\lib\highcharts\es-modules\masters\indicators\indicators.src.min.js", "JavaScript", 0, 1, 0, 0, 0, 0, 0, 0, 0, 0, 1
"c:\Users\MSI SWORD 15 A12V\source\repos\SoftWhatsAppCRMDash\SoftWhatsAppCRMDash\obj\Release\net8.0\PubTmp\Out\wwwroot\lib\highcharts\es-modules\masters\indicators\keltner-channels.src.js", "JavaScript", 0, 4, 0, 0, 0, 0, 0, 0, 12, 1, 17
"c:\Users\MSI SWORD 15 A12V\source\repos\SoftWhatsAppCRMDash\SoftWhatsAppCRMDash\obj\Release\net8.0\PubTmp\Out\wwwroot\lib\highcharts\es-modules\masters\indicators\keltner-channels.src.min.js", "JavaScript", 0, 1, 0, 0, 0, 0, 0, 0, 0, 0, 1
"c:\Users\MSI SWORD 15 A12V\source\repos\SoftWhatsAppCRMDash\SoftWhatsAppCRMDash\obj\Release\net8.0\PubTmp\Out\wwwroot\lib\highcharts\es-modules\masters\indicators\klinger.src.js", "JavaScript", 0, 4, 0, 0, 0, 0, 0, 0, 12, 1, 17
"c:\Users\MSI SWORD 15 A12V\source\repos\SoftWhatsAppCRMDash\SoftWhatsAppCRMDash\obj\Release\net8.0\PubTmp\Out\wwwroot\lib\highcharts\es-modules\masters\indicators\klinger.src.min.js", "JavaScript", 0, 1, 0, 0, 0, 0, 0, 0, 0, 0, 1
"c:\Users\MSI SWORD 15 A12V\source\repos\SoftWhatsAppCRMDash\SoftWhatsAppCRMDash\obj\Release\net8.0\PubTmp\Out\wwwroot\lib\highcharts\es-modules\masters\indicators\macd.src.js", "JavaScript", 0, 4, 0, 0, 0, 0, 0, 0, 12, 1, 17
"c:\Users\MSI SWORD 15 A12V\source\repos\SoftWhatsAppCRMDash\SoftWhatsAppCRMDash\obj\Release\net8.0\PubTmp\Out\wwwroot\lib\highcharts\es-modules\masters\indicators\macd.src.min.js", "JavaScript", 0, 1, 0, 0, 0, 0, 0, 0, 0, 0, 1
"c:\Users\MSI SWORD 15 A12V\source\repos\SoftWhatsAppCRMDash\SoftWhatsAppCRMDash\obj\Release\net8.0\PubTmp\Out\wwwroot\lib\highcharts\es-modules\masters\indicators\mfi.src.js", "JavaScript", 0, 4, 0, 0, 0, 0, 0, 0, 12, 1, 17
"c:\Users\MSI SWORD 15 A12V\source\repos\SoftWhatsAppCRMDash\SoftWhatsAppCRMDash\obj\Release\net8.0\PubTmp\Out\wwwroot\lib\highcharts\es-modules\masters\indicators\mfi.src.min.js", "JavaScript", 0, 1, 0, 0, 0, 0, 0, 0, 0, 0, 1
"c:\Users\MSI SWORD 15 A12V\source\repos\SoftWhatsAppCRMDash\SoftWhatsAppCRMDash\obj\Release\net8.0\PubTmp\Out\wwwroot\lib\highcharts\es-modules\masters\indicators\momentum.src.js", "JavaScript", 0, 4, 0, 0, 0, 0, 0, 0, 12, 1, 17
"c:\Users\MSI SWORD 15 A12V\source\repos\SoftWhatsAppCRMDash\SoftWhatsAppCRMDash\obj\Release\net8.0\PubTmp\Out\wwwroot\lib\highcharts\es-modules\masters\indicators\momentum.src.min.js", "JavaScript", 0, 1, 0, 0, 0, 0, 0, 0, 0, 0, 1
"c:\Users\MSI SWORD 15 A12V\source\repos\SoftWhatsAppCRMDash\SoftWhatsAppCRMDash\obj\Release\net8.0\PubTmp\Out\wwwroot\lib\highcharts\es-modules\masters\indicators\natr.src.js", "JavaScript", 0, 4, 0, 0, 0, 0, 0, 0, 12, 1, 17
"c:\Users\MSI SWORD 15 A12V\source\repos\SoftWhatsAppCRMDash\SoftWhatsAppCRMDash\obj\Release\net8.0\PubTmp\Out\wwwroot\lib\highcharts\es-modules\masters\indicators\natr.src.min.js", "JavaScript", 0, 1, 0, 0, 0, 0, 0, 0, 0, 0, 1
"c:\Users\MSI SWORD 15 A12V\source\repos\SoftWhatsAppCRMDash\SoftWhatsAppCRMDash\obj\Release\net8.0\PubTmp\Out\wwwroot\lib\highcharts\es-modules\masters\indicators\obv.src.js", "JavaScript", 0, 4, 0, 0, 0, 0, 0, 0, 12, 1, 17
"c:\Users\MSI SWORD 15 A12V\source\repos\SoftWhatsAppCRMDash\SoftWhatsAppCRMDash\obj\Release\net8.0\PubTmp\Out\wwwroot\lib\highcharts\es-modules\masters\indicators\obv.src.min.js", "JavaScript", 0, 1, 0, 0, 0, 0, 0, 0, 0, 0, 1
"c:\Users\MSI SWORD 15 A12V\source\repos\SoftWhatsAppCRMDash\SoftWhatsAppCRMDash\obj\Release\net8.0\PubTmp\Out\wwwroot\lib\highcharts\es-modules\masters\indicators\pivot-points.src.js", "JavaScript", 0, 4, 0, 0, 0, 0, 0, 0, 12, 1, 17
"c:\Users\MSI SWORD 15 A12V\source\repos\SoftWhatsAppCRMDash\SoftWhatsAppCRMDash\obj\Release\net8.0\PubTmp\Out\wwwroot\lib\highcharts\es-modules\masters\indicators\pivot-points.src.min.js", "JavaScript", 0, 1, 0, 0, 0, 0, 0, 0, 0, 0, 1
"c:\Users\MSI SWORD 15 A12V\source\repos\SoftWhatsAppCRMDash\SoftWhatsAppCRMDash\obj\Release\net8.0\PubTmp\Out\wwwroot\lib\highcharts\es-modules\masters\indicators\ppo.src.js", "JavaScript", 0, 4, 0, 0, 0, 0, 0, 0, 12, 1, 17
"c:\Users\MSI SWORD 15 A12V\source\repos\SoftWhatsAppCRMDash\SoftWhatsAppCRMDash\obj\Release\net8.0\PubTmp\Out\wwwroot\lib\highcharts\es-modules\masters\indicators\ppo.src.min.js", "JavaScript", 0, 1, 0, 0, 0, 0, 0, 0, 0, 0, 1
"c:\Users\MSI SWORD 15 A12V\source\repos\SoftWhatsAppCRMDash\SoftWhatsAppCRMDash\obj\Release\net8.0\PubTmp\Out\wwwroot\lib\highcharts\es-modules\masters\indicators\price-channel.src.js", "JavaScript", 0, 4, 0, 0, 0, 0, 0, 0, 12, 1, 17
"c:\Users\MSI SWORD 15 A12V\source\repos\SoftWhatsAppCRMDash\SoftWhatsAppCRMDash\obj\Release\net8.0\PubTmp\Out\wwwroot\lib\highcharts\es-modules\masters\indicators\price-channel.src.min.js", "JavaScript", 0, 1, 0, 0, 0, 0, 0, 0, 0, 0, 1
"c:\Users\MSI SWORD 15 A12V\source\repos\SoftWhatsAppCRMDash\SoftWhatsAppCRMDash\obj\Release\net8.0\PubTmp\Out\wwwroot\lib\highcharts\es-modules\masters\indicators\price-envelopes.src.js", "JavaScript", 0, 4, 0, 0, 0, 0, 0, 0, 12, 1, 17
"c:\Users\MSI SWORD 15 A12V\source\repos\SoftWhatsAppCRMDash\SoftWhatsAppCRMDash\obj\Release\net8.0\PubTmp\Out\wwwroot\lib\highcharts\es-modules\masters\indicators\price-envelopes.src.min.js", "JavaScript", 0, 1, 0, 0, 0, 0, 0, 0, 0, 0, 1
"c:\Users\MSI SWORD 15 A12V\source\repos\SoftWhatsAppCRMDash\SoftWhatsAppCRMDash\obj\Release\net8.0\PubTmp\Out\wwwroot\lib\highcharts\es-modules\masters\indicators\psar.src.js", "JavaScript", 0, 4, 0, 0, 0, 0, 0, 0, 12, 1, 17
"c:\Users\MSI SWORD 15 A12V\source\repos\SoftWhatsAppCRMDash\SoftWhatsAppCRMDash\obj\Release\net8.0\PubTmp\Out\wwwroot\lib\highcharts\es-modules\masters\indicators\psar.src.min.js", "JavaScript", 0, 1, 0, 0, 0, 0, 0, 0, 0, 0, 1
"c:\Users\MSI SWORD 15 A12V\source\repos\SoftWhatsAppCRMDash\SoftWhatsAppCRMDash\obj\Release\net8.0\PubTmp\Out\wwwroot\lib\highcharts\es-modules\masters\indicators\regressions.src.js", "JavaScript", 0, 7, 0, 0, 0, 0, 0, 0, 14, 1, 22
"c:\Users\MSI SWORD 15 A12V\source\repos\SoftWhatsAppCRMDash\SoftWhatsAppCRMDash\obj\Release\net8.0\PubTmp\Out\wwwroot\lib\highcharts\es-modules\masters\indicators\regressions.src.min.js", "JavaScript", 0, 1, 0, 0, 0, 0, 0, 0, 0, 0, 1
"c:\Users\MSI SWORD 15 A12V\source\repos\SoftWhatsAppCRMDash\SoftWhatsAppCRMDash\obj\Release\net8.0\PubTmp\Out\wwwroot\lib\highcharts\es-modules\masters\indicators\roc.src.js", "JavaScript", 0, 4, 0, 0, 0, 0, 0, 0, 12, 1, 17
"c:\Users\MSI SWORD 15 A12V\source\repos\SoftWhatsAppCRMDash\SoftWhatsAppCRMDash\obj\Release\net8.0\PubTmp\Out\wwwroot\lib\highcharts\es-modules\masters\indicators\roc.src.min.js", "JavaScript", 0, 1, 0, 0, 0, 0, 0, 0, 0, 0, 1
"c:\Users\MSI SWORD 15 A12V\source\repos\SoftWhatsAppCRMDash\SoftWhatsAppCRMDash\obj\Release\net8.0\PubTmp\Out\wwwroot\lib\highcharts\es-modules\masters\indicators\rsi.src.js", "JavaScript", 0, 4, 0, 0, 0, 0, 0, 0, 12, 1, 17
"c:\Users\MSI SWORD 15 A12V\source\repos\SoftWhatsAppCRMDash\SoftWhatsAppCRMDash\obj\Release\net8.0\PubTmp\Out\wwwroot\lib\highcharts\es-modules\masters\indicators\rsi.src.min.js", "JavaScript", 0, 1, 0, 0, 0, 0, 0, 0, 0, 0, 1
"c:\Users\MSI SWORD 15 A12V\source\repos\SoftWhatsAppCRMDash\SoftWhatsAppCRMDash\obj\Release\net8.0\PubTmp\Out\wwwroot\lib\highcharts\es-modules\masters\indicators\slow-stochastic.src.js", "JavaScript", 0, 4, 0, 0, 0, 0, 0, 0, 12, 1, 17
"c:\Users\MSI SWORD 15 A12V\source\repos\SoftWhatsAppCRMDash\SoftWhatsAppCRMDash\obj\Release\net8.0\PubTmp\Out\wwwroot\lib\highcharts\es-modules\masters\indicators\slow-stochastic.src.min.js", "JavaScript", 0, 1, 0, 0, 0, 0, 0, 0, 0, 0, 1
"c:\Users\MSI SWORD 15 A12V\source\repos\SoftWhatsAppCRMDash\SoftWhatsAppCRMDash\obj\Release\net8.0\PubTmp\Out\wwwroot\lib\highcharts\es-modules\masters\indicators\stochastic.src.js", "JavaScript", 0, 4, 0, 0, 0, 0, 0, 0, 12, 1, 17
"c:\Users\MSI SWORD 15 A12V\source\repos\SoftWhatsAppCRMDash\SoftWhatsAppCRMDash\obj\Release\net8.0\PubTmp\Out\wwwroot\lib\highcharts\es-modules\masters\indicators\stochastic.src.min.js", "JavaScript", 0, 1, 0, 0, 0, 0, 0, 0, 0, 0, 1
"c:\Users\MSI SWORD 15 A12V\source\repos\SoftWhatsAppCRMDash\SoftWhatsAppCRMDash\obj\Release\net8.0\PubTmp\Out\wwwroot\lib\highcharts\es-modules\masters\indicators\supertrend.src.js", "JavaScript", 0, 4, 0, 0, 0, 0, 0, 0, 12, 1, 17
"c:\Users\MSI SWORD 15 A12V\source\repos\SoftWhatsAppCRMDash\SoftWhatsAppCRMDash\obj\Release\net8.0\PubTmp\Out\wwwroot\lib\highcharts\es-modules\masters\indicators\supertrend.src.min.js", "JavaScript", 0, 1, 0, 0, 0, 0, 0, 0, 0, 0, 1
"c:\Users\MSI SWORD 15 A12V\source\repos\SoftWhatsAppCRMDash\SoftWhatsAppCRMDash\obj\Release\net8.0\PubTmp\Out\wwwroot\lib\highcharts\es-modules\masters\indicators\tema.src.js", "JavaScript", 0, 4, 0, 0, 0, 0, 0, 0, 12, 1, 17
"c:\Users\MSI SWORD 15 A12V\source\repos\SoftWhatsAppCRMDash\SoftWhatsAppCRMDash\obj\Release\net8.0\PubTmp\Out\wwwroot\lib\highcharts\es-modules\masters\indicators\tema.src.min.js", "JavaScript", 0, 1, 0, 0, 0, 0, 0, 0, 0, 0, 1
"c:\Users\MSI SWORD 15 A12V\source\repos\SoftWhatsAppCRMDash\SoftWhatsAppCRMDash\obj\Release\net8.0\PubTmp\Out\wwwroot\lib\highcharts\es-modules\masters\indicators\trendline.src.js", "JavaScript", 0, 4, 0, 0, 0, 0, 0, 0, 12, 1, 17
"c:\Users\MSI SWORD 15 A12V\source\repos\SoftWhatsAppCRMDash\SoftWhatsAppCRMDash\obj\Release\net8.0\PubTmp\Out\wwwroot\lib\highcharts\es-modules\masters\indicators\trendline.src.min.js", "JavaScript", 0, 1, 0, 0, 0, 0, 0, 0, 0, 0, 1
"c:\Users\MSI SWORD 15 A12V\source\repos\SoftWhatsAppCRMDash\SoftWhatsAppCRMDash\obj\Release\net8.0\PubTmp\Out\wwwroot\lib\highcharts\es-modules\masters\indicators\trix.src.js", "JavaScript", 0, 4, 0, 0, 0, 0, 0, 0, 12, 1, 17
"c:\Users\MSI SWORD 15 A12V\source\repos\SoftWhatsAppCRMDash\SoftWhatsAppCRMDash\obj\Release\net8.0\PubTmp\Out\wwwroot\lib\highcharts\es-modules\masters\indicators\trix.src.min.js", "JavaScript", 0, 1, 0, 0, 0, 0, 0, 0, 0, 0, 1
"c:\Users\MSI SWORD 15 A12V\source\repos\SoftWhatsAppCRMDash\SoftWhatsAppCRMDash\obj\Release\net8.0\PubTmp\Out\wwwroot\lib\highcharts\es-modules\masters\indicators\volume-by-price.src.js", "JavaScript", 0, 4, 0, 0, 0, 0, 0, 0, 12, 1, 17
"c:\Users\MSI SWORD 15 A12V\source\repos\SoftWhatsAppCRMDash\SoftWhatsAppCRMDash\obj\Release\net8.0\PubTmp\Out\wwwroot\lib\highcharts\es-modules\masters\indicators\volume-by-price.src.min.js", "JavaScript", 0, 1, 0, 0, 0, 0, 0, 0, 0, 0, 1
"c:\Users\MSI SWORD 15 A12V\source\repos\SoftWhatsAppCRMDash\SoftWhatsAppCRMDash\obj\Release\net8.0\PubTmp\Out\wwwroot\lib\highcharts\es-modules\masters\indicators\vwap.src.js", "JavaScript", 0, 4, 0, 0, 0, 0, 0, 0, 12, 1, 17
"c:\Users\MSI SWORD 15 A12V\source\repos\SoftWhatsAppCRMDash\SoftWhatsAppCRMDash\obj\Release\net8.0\PubTmp\Out\wwwroot\lib\highcharts\es-modules\masters\indicators\vwap.src.min.js", "JavaScript", 0, 1, 0, 0, 0, 0, 0, 0, 0, 0, 1
"c:\Users\MSI SWORD 15 A12V\source\repos\SoftWhatsAppCRMDash\SoftWhatsAppCRMDash\obj\Release\net8.0\PubTmp\Out\wwwroot\lib\highcharts\es-modules\masters\indicators\williams-r.src.js", "JavaScript", 0, 4, 0, 0, 0, 0, 0, 0, 12, 1, 17
"c:\Users\MSI SWORD 15 A12V\source\repos\SoftWhatsAppCRMDash\SoftWhatsAppCRMDash\obj\Release\net8.0\PubTmp\Out\wwwroot\lib\highcharts\es-modules\masters\indicators\williams-r.src.min.js", "JavaScript", 0, 1, 0, 0, 0, 0, 0, 0, 0, 0, 1
"c:\Users\MSI SWORD 15 A12V\source\repos\SoftWhatsAppCRMDash\SoftWhatsAppCRMDash\obj\Release\net8.0\PubTmp\Out\wwwroot\lib\highcharts\es-modules\masters\indicators\wma.src.js", "JavaScript", 0, 4, 0, 0, 0, 0, 0, 0, 12, 1, 17
"c:\Users\MSI SWORD 15 A12V\source\repos\SoftWhatsAppCRMDash\SoftWhatsAppCRMDash\obj\Release\net8.0\PubTmp\Out\wwwroot\lib\highcharts\es-modules\masters\indicators\wma.src.min.js", "JavaScript", 0, 1, 0, 0, 0, 0, 0, 0, 0, 0, 1
"c:\Users\MSI SWORD 15 A12V\source\repos\SoftWhatsAppCRMDash\SoftWhatsAppCRMDash\obj\Release\net8.0\PubTmp\Out\wwwroot\lib\highcharts\es-modules\masters\indicators\zigzag.src.js", "JavaScript", 0, 4, 0, 0, 0, 0, 0, 0, 12, 1, 17
"c:\Users\MSI SWORD 15 A12V\source\repos\SoftWhatsAppCRMDash\SoftWhatsAppCRMDash\obj\Release\net8.0\PubTmp\Out\wwwroot\lib\highcharts\es-modules\masters\indicators\zigzag.src.min.js", "JavaScript", 0, 1, 0, 0, 0, 0, 0, 0, 0, 0, 1
"c:\Users\MSI SWORD 15 A12V\source\repos\SoftWhatsAppCRMDash\SoftWhatsAppCRMDash\obj\Release\net8.0\PubTmp\Out\wwwroot\lib\highcharts\es-modules\masters\modules\accessibility.src.js", "JavaScript", 0, 17, 0, 0, 0, 0, 0, 0, 14, 1, 32
"c:\Users\MSI SWORD 15 A12V\source\repos\SoftWhatsAppCRMDash\SoftWhatsAppCRMDash\obj\Release\net8.0\PubTmp\Out\wwwroot\lib\highcharts\es-modules\masters\modules\accessibility.src.min.js", "JavaScript", 0, 1, 0, 0, 0, 0, 0, 0, 0, 0, 1
"c:\Users\MSI SWORD 15 A12V\source\repos\SoftWhatsAppCRMDash\SoftWhatsAppCRMDash\obj\Release\net8.0\PubTmp\Out\wwwroot\lib\highcharts\es-modules\masters\modules\annotations-advanced.src.js", "JavaScript", 0, 15, 0, 0, 0, 0, 0, 0, 11, 1, 27
"c:\Users\MSI SWORD 15 A12V\source\repos\SoftWhatsAppCRMDash\SoftWhatsAppCRMDash\obj\Release\net8.0\PubTmp\Out\wwwroot\lib\highcharts\es-modules\masters\modules\annotations-advanced.src.min.js", "JavaScript", 0, 1, 0, 0, 0, 0, 0, 0, 0, 0, 1
"c:\Users\MSI SWORD 15 A12V\source\repos\SoftWhatsAppCRMDash\SoftWhatsAppCRMDash\obj\Release\net8.0\PubTmp\Out\wwwroot\lib\highcharts\es-modules\masters\modules\annotations.src.js", "JavaScript", 0, 9, 0, 0, 0, 0, 0, 0, 11, 1, 21
"c:\Users\MSI SWORD 15 A12V\source\repos\SoftWhatsAppCRMDash\SoftWhatsAppCRMDash\obj\Release\net8.0\PubTmp\Out\wwwroot\lib\highcharts\es-modules\masters\modules\annotations.src.min.js", "JavaScript", 0, 1, 0, 0, 0, 0, 0, 0, 0, 0, 1
"c:\Users\MSI SWORD 15 A12V\source\repos\SoftWhatsAppCRMDash\SoftWhatsAppCRMDash\obj\Release\net8.0\PubTmp\Out\wwwroot\lib\highcharts\es-modules\masters\modules\arc-diagram.src.js", "JavaScript", 0, 4, 0, 0, 0, 0, 0, 0, 11, 1, 16
"c:\Users\MSI SWORD 15 A12V\source\repos\SoftWhatsAppCRMDash\SoftWhatsAppCRMDash\obj\Release\net8.0\PubTmp\Out\wwwroot\lib\highcharts\es-modules\masters\modules\arc-diagram.src.min.js", "JavaScript", 0, 1, 0, 0, 0, 0, 0, 0, 0, 0, 1
"c:\Users\MSI SWORD 15 A12V\source\repos\SoftWhatsAppCRMDash\SoftWhatsAppCRMDash\obj\Release\net8.0\PubTmp\Out\wwwroot\lib\highcharts\es-modules\masters\modules\arrow-symbols.src.js", "JavaScript", 0, 6, 0, 0, 0, 0, 0, 0, 11, 1, 18
"c:\Users\MSI SWORD 15 A12V\source\repos\SoftWhatsAppCRMDash\SoftWhatsAppCRMDash\obj\Release\net8.0\PubTmp\Out\wwwroot\lib\highcharts\es-modules\masters\modules\arrow-symbols.src.min.js", "JavaScript", 0, 1, 0, 0, 0, 0, 0, 0, 0, 0, 1
"c:\Users\MSI SWORD 15 A12V\source\repos\SoftWhatsAppCRMDash\SoftWhatsAppCRMDash\obj\Release\net8.0\PubTmp\Out\wwwroot\lib\highcharts\es-modules\masters\modules\boost-canvas.src.js", "JavaScript", 0, 8, 0, 0, 0, 0, 0, 0, 17, 1, 26
"c:\Users\MSI SWORD 15 A12V\source\repos\SoftWhatsAppCRMDash\SoftWhatsAppCRMDash\obj\Release\net8.0\PubTmp\Out\wwwroot\lib\highcharts\es-modules\masters\modules\boost-canvas.src.min.js", "JavaScript", 0, 1, 0, 0, 0, 0, 0, 0, 0, 0, 1
"c:\Users\MSI SWORD 15 A12V\source\repos\SoftWhatsAppCRMDash\SoftWhatsAppCRMDash\obj\Release\net8.0\PubTmp\Out\wwwroot\lib\highcharts\es-modules\masters\modules\boost.src.js", "JavaScript", 0, 7, 0, 0, 0, 0, 0, 0, 13, 1, 21
"c:\Users\MSI SWORD 15 A12V\source\repos\SoftWhatsAppCRMDash\SoftWhatsAppCRMDash\obj\Release\net8.0\PubTmp\Out\wwwroot\lib\highcharts\es-modules\masters\modules\boost.src.min.js", "JavaScript", 0, 1, 0, 0, 0, 0, 0, 0, 0, 0, 1
"c:\Users\MSI SWORD 15 A12V\source\repos\SoftWhatsAppCRMDash\SoftWhatsAppCRMDash\obj\Release\net8.0\PubTmp\Out\wwwroot\lib\highcharts\es-modules\masters\modules\broken-axis.src.js", "JavaScript", 0, 7, 0, 0, 0, 0, 0, 0, 9, 1, 17
"c:\Users\MSI SWORD 15 A12V\source\repos\SoftWhatsAppCRMDash\SoftWhatsAppCRMDash\obj\Release\net8.0\PubTmp\Out\wwwroot\lib\highcharts\es-modules\masters\modules\broken-axis.src.min.js", "JavaScript", 0, 1, 0, 0, 0, 0, 0, 0, 0, 0, 1
"c:\Users\MSI SWORD 15 A12V\source\repos\SoftWhatsAppCRMDash\SoftWhatsAppCRMDash\obj\Release\net8.0\PubTmp\Out\wwwroot\lib\highcharts\es-modules\masters\modules\bullet.src.js", "JavaScript", 0, 4, 0, 0, 0, 0, 0, 0, 11, 1, 16
"c:\Users\MSI SWORD 15 A12V\source\repos\SoftWhatsAppCRMDash\SoftWhatsAppCRMDash\obj\Release\net8.0\PubTmp\Out\wwwroot\lib\highcharts\es-modules\masters\modules\bullet.src.min.js", "JavaScript", 0, 1, 0, 0, 0, 0, 0, 0, 0, 0, 1
"c:\Users\MSI SWORD 15 A12V\source\repos\SoftWhatsAppCRMDash\SoftWhatsAppCRMDash\obj\Release\net8.0\PubTmp\Out\wwwroot\lib\highcharts\es-modules\masters\modules\coloraxis.src.js", "JavaScript", 0, 7, 0, 0, 0, 0, 0, 0, 11, 1, 19
"c:\Users\MSI SWORD 15 A12V\source\repos\SoftWhatsAppCRMDash\SoftWhatsAppCRMDash\obj\Release\net8.0\PubTmp\Out\wwwroot\lib\highcharts\es-modules\masters\modules\coloraxis.src.min.js", "JavaScript", 0, 1, 0, 0, 0, 0, 0, 0, 0, 0, 1
"c:\Users\MSI SWORD 15 A12V\source\repos\SoftWhatsAppCRMDash\SoftWhatsAppCRMDash\obj\Release\net8.0\PubTmp\Out\wwwroot\lib\highcharts\es-modules\masters\modules\current-date-indicator.src.js", "JavaScript", 0, 6, 0, 0, 0, 0, 0, 0, 11, 1, 18
"c:\Users\MSI SWORD 15 A12V\source\repos\SoftWhatsAppCRMDash\SoftWhatsAppCRMDash\obj\Release\net8.0\PubTmp\Out\wwwroot\lib\highcharts\es-modules\masters\modules\current-date-indicator.src.min.js", "JavaScript", 0, 1, 0, 0, 0, 0, 0, 0, 0, 0, 1
"c:\Users\MSI SWORD 15 A12V\source\repos\SoftWhatsAppCRMDash\SoftWhatsAppCRMDash\obj\Release\net8.0\PubTmp\Out\wwwroot\lib\highcharts\es-modules\masters\modules\cylinder.src.js", "JavaScript", 0, 6, 0, 0, 0, 0, 0, 0, 12, 1, 19
"c:\Users\MSI SWORD 15 A12V\source\repos\SoftWhatsAppCRMDash\SoftWhatsAppCRMDash\obj\Release\net8.0\PubTmp\Out\wwwroot\lib\highcharts\es-modules\masters\modules\cylinder.src.min.js", "JavaScript", 0, 1, 0, 0, 0, 0, 0, 0, 0, 0, 1
"c:\Users\MSI SWORD 15 A12V\source\repos\SoftWhatsAppCRMDash\SoftWhatsAppCRMDash\obj\Release\net8.0\PubTmp\Out\wwwroot\lib\highcharts\es-modules\masters\modules\data-tools.src.js", "JavaScript", 0, 27, 0, 0, 0, 0, 0, 0, 11, 1, 39
"c:\Users\MSI SWORD 15 A12V\source\repos\SoftWhatsAppCRMDash\SoftWhatsAppCRMDash\obj\Release\net8.0\PubTmp\Out\wwwroot\lib\highcharts\es-modules\masters\modules\data-tools.src.min.js", "JavaScript", 0, 1, 0, 0, 0, 0, 0, 0, 0, 0, 1
"c:\Users\MSI SWORD 15 A12V\source\repos\SoftWhatsAppCRMDash\SoftWhatsAppCRMDash\obj\Release\net8.0\PubTmp\Out\wwwroot\lib\highcharts\es-modules\masters\modules\data.src.js", "JavaScript", 0, 12, 0, 0, 0, 0, 0, 0, 13, 1, 26
"c:\Users\MSI SWORD 15 A12V\source\repos\SoftWhatsAppCRMDash\SoftWhatsAppCRMDash\obj\Release\net8.0\PubTmp\Out\wwwroot\lib\highcharts\es-modules\masters\modules\data.src.min.js", "JavaScript", 0, 1, 0, 0, 0, 0, 0, 0, 0, 0, 1
"c:\Users\MSI SWORD 15 A12V\source\repos\SoftWhatsAppCRMDash\SoftWhatsAppCRMDash\obj\Release\net8.0\PubTmp\Out\wwwroot\lib\highcharts\es-modules\masters\modules\datagrouping.src.js", "JavaScript", 0, 13, 0, 0, 0, 0, 0, 0, 11, 1, 25
"c:\Users\MSI SWORD 15 A12V\source\repos\SoftWhatsAppCRMDash\SoftWhatsAppCRMDash\obj\Release\net8.0\PubTmp\Out\wwwroot\lib\highcharts\es-modules\masters\modules\datagrouping.src.min.js", "JavaScript", 0, 1, 0, 0, 0, 0, 0, 0, 0, 0, 1
"c:\Users\MSI SWORD 15 A12V\source\repos\SoftWhatsAppCRMDash\SoftWhatsAppCRMDash\obj\Release\net8.0\PubTmp\Out\wwwroot\lib\highcharts\es-modules\masters\modules\debugger.src.js", "JavaScript", 0, 8, 0, 0, 0, 0, 0, 0, 11, 1, 20
"c:\Users\MSI SWORD 15 A12V\source\repos\SoftWhatsAppCRMDash\SoftWhatsAppCRMDash\obj\Release\net8.0\PubTmp\Out\wwwroot\lib\highcharts\es-modules\masters\modules\debugger.src.min.js", "JavaScript", 0, 1, 0, 0, 0, 0, 0, 0, 0, 0, 1
"c:\Users\MSI SWORD 15 A12V\source\repos\SoftWhatsAppCRMDash\SoftWhatsAppCRMDash\obj\Release\net8.0\PubTmp\Out\wwwroot\lib\highcharts\es-modules\masters\modules\dependency-wheel.src.js", "JavaScript", 0, 4, 0, 0, 0, 0, 0, 0, 12, 1, 17
"c:\Users\MSI SWORD 15 A12V\source\repos\SoftWhatsAppCRMDash\SoftWhatsAppCRMDash\obj\Release\net8.0\PubTmp\Out\wwwroot\lib\highcharts\es-modules\masters\modules\dependency-wheel.src.min.js", "JavaScript", 0, 1, 0, 0, 0, 0, 0, 0, 0, 0, 1
"c:\Users\MSI SWORD 15 A12V\source\repos\SoftWhatsAppCRMDash\SoftWhatsAppCRMDash\obj\Release\net8.0\PubTmp\Out\wwwroot\lib\highcharts\es-modules\masters\modules\dotplot.src.js", "JavaScript", 0, 4, 0, 0, 0, 0, 0, 0, 11, 1, 16
"c:\Users\MSI SWORD 15 A12V\source\repos\SoftWhatsAppCRMDash\SoftWhatsAppCRMDash\obj\Release\net8.0\PubTmp\Out\wwwroot\lib\highcharts\es-modules\masters\modules\dotplot.src.min.js", "JavaScript", 0, 1, 0, 0, 0, 0, 0, 0, 0, 0, 1
"c:\Users\MSI SWORD 15 A12V\source\repos\SoftWhatsAppCRMDash\SoftWhatsAppCRMDash\obj\Release\net8.0\PubTmp\Out\wwwroot\lib\highcharts\es-modules\masters\modules\drag-panes.src.js", "JavaScript", 0, 8, 0, 0, 0, 0, 0, 0, 13, 1, 22
"c:\Users\MSI SWORD 15 A12V\source\repos\SoftWhatsAppCRMDash\SoftWhatsAppCRMDash\obj\Release\net8.0\PubTmp\Out\wwwroot\lib\highcharts\es-modules\masters\modules\drag-panes.src.min.js", "JavaScript", 0, 1, 0, 0, 0, 0, 0, 0, 0, 0, 1
"c:\Users\MSI SWORD 15 A12V\source\repos\SoftWhatsAppCRMDash\SoftWhatsAppCRMDash\obj\Release\net8.0\PubTmp\Out\wwwroot\lib\highcharts\es-modules\masters\modules\draggable-points.src.js", "JavaScript", 0, 6, 0, 0, 0, 0, 0, 0, 9, 1, 16
"c:\Users\MSI SWORD 15 A12V\source\repos\SoftWhatsAppCRMDash\SoftWhatsAppCRMDash\obj\Release\net8.0\PubTmp\Out\wwwroot\lib\highcharts\es-modules\masters\modules\draggable-points.src.min.js", "JavaScript", 0, 1, 0, 0, 0, 0, 0, 0, 0, 0, 1
"c:\Users\MSI SWORD 15 A12V\source\repos\SoftWhatsAppCRMDash\SoftWhatsAppCRMDash\obj\Release\net8.0\PubTmp\Out\wwwroot\lib\highcharts\es-modules\masters\modules\drilldown.src.js", "JavaScript", 0, 8, 0, 0, 0, 0, 0, 0, 11, 1, 20
"c:\Users\MSI SWORD 15 A12V\source\repos\SoftWhatsAppCRMDash\SoftWhatsAppCRMDash\obj\Release\net8.0\PubTmp\Out\wwwroot\lib\highcharts\es-modules\masters\modules\drilldown.src.min.js", "JavaScript", 0, 1, 0, 0, 0, 0, 0, 0, 0, 0, 1
"c:\Users\MSI SWORD 15 A12V\source\repos\SoftWhatsAppCRMDash\SoftWhatsAppCRMDash\obj\Release\net8.0\PubTmp\Out\wwwroot\lib\highcharts\es-modules\masters\modules\dumbbell.src.js", "JavaScript", 0, 4, 0, 0, 0, 0, 0, 0, 9, 1, 14
"c:\Users\MSI SWORD 15 A12V\source\repos\SoftWhatsAppCRMDash\SoftWhatsAppCRMDash\obj\Release\net8.0\PubTmp\Out\wwwroot\lib\highcharts\es-modules\masters\modules\dumbbell.src.min.js", "JavaScript", 0, 1, 0, 0, 0, 0, 0, 0, 0, 0, 1
"c:\Users\MSI SWORD 15 A12V\source\repos\SoftWhatsAppCRMDash\SoftWhatsAppCRMDash\obj\Release\net8.0\PubTmp\Out\wwwroot\lib\highcharts\es-modules\masters\modules\export-data.src.js", "JavaScript", 0, 9, 0, 0, 0, 0, 0, 0, 14, 1, 24
"c:\Users\MSI SWORD 15 A12V\source\repos\SoftWhatsAppCRMDash\SoftWhatsAppCRMDash\obj\Release\net8.0\PubTmp\Out\wwwroot\lib\highcharts\es-modules\masters\modules\export-data.src.min.js", "JavaScript", 0, 1, 0, 0, 0, 0, 0, 0, 0, 0, 1
"c:\Users\MSI SWORD 15 A12V\source\repos\SoftWhatsAppCRMDash\SoftWhatsAppCRMDash\obj\Release\net8.0\PubTmp\Out\wwwroot\lib\highcharts\es-modules\masters\modules\exporting.src.js", "JavaScript", 0, 11, 0, 0, 0, 0, 0, 0, 11, 1, 23
"c:\Users\MSI SWORD 15 A12V\source\repos\SoftWhatsAppCRMDash\SoftWhatsAppCRMDash\obj\Release\net8.0\PubTmp\Out\wwwroot\lib\highcharts\es-modules\masters\modules\exporting.src.min.js", "JavaScript", 0, 1, 0, 0, 0, 0, 0, 0, 0, 0, 1
"c:\Users\MSI SWORD 15 A12V\source\repos\SoftWhatsAppCRMDash\SoftWhatsAppCRMDash\obj\Release\net8.0\PubTmp\Out\wwwroot\lib\highcharts\es-modules\masters\modules\flowmap.src.js", "JavaScript", 0, 4, 0, 0, 0, 0, 0, 0, 9, 1, 14
"c:\Users\MSI SWORD 15 A12V\source\repos\SoftWhatsAppCRMDash\SoftWhatsAppCRMDash\obj\Release\net8.0\PubTmp\Out\wwwroot\lib\highcharts\es-modules\masters\modules\flowmap.src.min.js", "JavaScript", 0, 1, 0, 0, 0, 0, 0, 0, 0, 0, 1
"c:\Users\MSI SWORD 15 A12V\source\repos\SoftWhatsAppCRMDash\SoftWhatsAppCRMDash\obj\Release\net8.0\PubTmp\Out\wwwroot\lib\highcharts\es-modules\masters\modules\full-screen.src.js", "JavaScript", 0, 7, 0, 0, 0, 0, 0, 0, 12, 1, 20
"c:\Users\MSI SWORD 15 A12V\source\repos\SoftWhatsAppCRMDash\SoftWhatsAppCRMDash\obj\Release\net8.0\PubTmp\Out\wwwroot\lib\highcharts\es-modules\masters\modules\full-screen.src.min.js", "JavaScript", 0, 1, 0, 0, 0, 0, 0, 0, 0, 0, 1
"c:\Users\MSI SWORD 15 A12V\source\repos\SoftWhatsAppCRMDash\SoftWhatsAppCRMDash\obj\Release\net8.0\PubTmp\Out\wwwroot\lib\highcharts\es-modules\masters\modules\funnel.src.js", "JavaScript", 0, 7, 0, 0, 0, 0, 0, 0, 11, 1, 19
"c:\Users\MSI SWORD 15 A12V\source\repos\SoftWhatsAppCRMDash\SoftWhatsAppCRMDash\obj\Release\net8.0\PubTmp\Out\wwwroot\lib\highcharts\es-modules\masters\modules\funnel.src.min.js", "JavaScript", 0, 1, 0, 0, 0, 0, 0, 0, 0, 0, 1
"c:\Users\MSI SWORD 15 A12V\source\repos\SoftWhatsAppCRMDash\SoftWhatsAppCRMDash\obj\Release\net8.0\PubTmp\Out\wwwroot\lib\highcharts\es-modules\masters\modules\funnel3d.src.js", "JavaScript", 0, 6, 0, 0, 0, 0, 0, 0, 13, 1, 20
"c:\Users\MSI SWORD 15 A12V\source\repos\SoftWhatsAppCRMDash\SoftWhatsAppCRMDash\obj\Release\net8.0\PubTmp\Out\wwwroot\lib\highcharts\es-modules\masters\modules\funnel3d.src.min.js", "JavaScript", 0, 1, 0, 0, 0, 0, 0, 0, 0, 0, 1
"c:\Users\MSI SWORD 15 A12V\source\repos\SoftWhatsAppCRMDash\SoftWhatsAppCRMDash\obj\Release\net8.0\PubTmp\Out\wwwroot\lib\highcharts\es-modules\masters\modules\gantt.src.js", "JavaScript", 0, 27, 0, 0, 0, 0, 0, 0, 15, 1, 43
"c:\Users\MSI SWORD 15 A12V\source\repos\SoftWhatsAppCRMDash\SoftWhatsAppCRMDash\obj\Release\net8.0\PubTmp\Out\wwwroot\lib\highcharts\es-modules\masters\modules\gantt.src.min.js", "JavaScript", 0, 1, 0, 0, 0, 0, 0, 0, 0, 0, 1
"c:\Users\MSI SWORD 15 A12V\source\repos\SoftWhatsAppCRMDash\SoftWhatsAppCRMDash\obj\Release\net8.0\PubTmp\Out\wwwroot\lib\highcharts\es-modules\masters\modules\geoheatmap.src.js", "JavaScript", 0, 4, 0, 0, 0, 0, 0, 0, 9, 1, 14
"c:\Users\MSI SWORD 15 A12V\source\repos\SoftWhatsAppCRMDash\SoftWhatsAppCRMDash\obj\Release\net8.0\PubTmp\Out\wwwroot\lib\highcharts\es-modules\masters\modules\geoheatmap.src.min.js", "JavaScript", 0, 1, 0, 0, 0, 0, 0, 0, 0, 0, 1
"c:\Users\MSI SWORD 15 A12V\source\repos\SoftWhatsAppCRMDash\SoftWhatsAppCRMDash\obj\Release\net8.0\PubTmp\Out\wwwroot\lib\highcharts\es-modules\masters\modules\grid-axis.src.js", "JavaScript", 0, 6, 0, 0, 0, 0, 0, 0, 12, 1, 19
"c:\Users\MSI SWORD 15 A12V\source\repos\SoftWhatsAppCRMDash\SoftWhatsAppCRMDash\obj\Release\net8.0\PubTmp\Out\wwwroot\lib\highcharts\es-modules\masters\modules\grid-axis.src.min.js", "JavaScript", 0, 1, 0, 0, 0, 0, 0, 0, 0, 0, 1
"c:\Users\MSI SWORD 15 A12V\source\repos\SoftWhatsAppCRMDash\SoftWhatsAppCRMDash\obj\Release\net8.0\PubTmp\Out\wwwroot\lib\highcharts\es-modules\masters\modules\heatmap.src.js", "JavaScript", 0, 5, 0, 0, 0, 0, 0, 0, 9, 1, 15
"c:\Users\MSI SWORD 15 A12V\source\repos\SoftWhatsAppCRMDash\SoftWhatsAppCRMDash\obj\Release\net8.0\PubTmp\Out\wwwroot\lib\highcharts\es-modules\masters\modules\heatmap.src.min.js", "JavaScript", 0, 1, 0, 0, 0, 0, 0, 0, 0, 0, 1
"c:\Users\MSI SWORD 15 A12V\source\repos\SoftWhatsAppCRMDash\SoftWhatsAppCRMDash\obj\Release\net8.0\PubTmp\Out\wwwroot\lib\highcharts\es-modules\masters\modules\heikinashi.src.js", "JavaScript", 0, 6, 0, 0, 0, 0, 0, 0, 12, 1, 19
"c:\Users\MSI SWORD 15 A12V\source\repos\SoftWhatsAppCRMDash\SoftWhatsAppCRMDash\obj\Release\net8.0\PubTmp\Out\wwwroot\lib\highcharts\es-modules\masters\modules\heikinashi.src.min.js", "JavaScript", 0, 1, 0, 0, 0, 0, 0, 0, 0, 0, 1
"c:\Users\MSI SWORD 15 A12V\source\repos\SoftWhatsAppCRMDash\SoftWhatsAppCRMDash\obj\Release\net8.0\PubTmp\Out\wwwroot\lib\highcharts\es-modules\masters\modules\histogram-bellcurve.src.js", "JavaScript", 0, 5, 0, 0, 0, 0, 0, 0, 10, 1, 16
"c:\Users\MSI SWORD 15 A12V\source\repos\SoftWhatsAppCRMDash\SoftWhatsAppCRMDash\obj\Release\net8.0\PubTmp\Out\wwwroot\lib\highcharts\es-modules\masters\modules\histogram-bellcurve.src.min.js", "JavaScript", 0, 1, 0, 0, 0, 0, 0, 0, 0, 0, 1
"c:\Users\MSI SWORD 15 A12V\source\repos\SoftWhatsAppCRMDash\SoftWhatsAppCRMDash\obj\Release\net8.0\PubTmp\Out\wwwroot\lib\highcharts\es-modules\masters\modules\hollowcandlestick.src.js", "JavaScript", 0, 4, 0, 0, 0, 0, 0, 0, 12, 1, 17
"c:\Users\MSI SWORD 15 A12V\source\repos\SoftWhatsAppCRMDash\SoftWhatsAppCRMDash\obj\Release\net8.0\PubTmp\Out\wwwroot\lib\highcharts\es-modules\masters\modules\hollowcandlestick.src.min.js", "JavaScript", 0, 1, 0, 0, 0, 0, 0, 0, 0, 0, 1
"c:\Users\MSI SWORD 15 A12V\source\repos\SoftWhatsAppCRMDash\SoftWhatsAppCRMDash\obj\Release\net8.0\PubTmp\Out\wwwroot\lib\highcharts\es-modules\masters\modules\item-series.src.js", "JavaScript", 0, 4, 0, 0, 0, 0, 0, 0, 11, 1, 16
"c:\Users\MSI SWORD 15 A12V\source\repos\SoftWhatsAppCRMDash\SoftWhatsAppCRMDash\obj\Release\net8.0\PubTmp\Out\wwwroot\lib\highcharts\es-modules\masters\modules\item-series.src.min.js", "JavaScript", 0, 1, 0, 0, 0, 0, 0, 0, 0, 0, 1
"c:\Users\MSI SWORD 15 A12V\source\repos\SoftWhatsAppCRMDash\SoftWhatsAppCRMDash\obj\Release\net8.0\PubTmp\Out\wwwroot\lib\highcharts\es-modules\masters\modules\lollipop.src.js", "JavaScript", 0, 4, 0, 0, 0, 0, 0, 0, 9, 1, 14
"c:\Users\MSI SWORD 15 A12V\source\repos\SoftWhatsAppCRMDash\SoftWhatsAppCRMDash\obj\Release\net8.0\PubTmp\Out\wwwroot\lib\highcharts\es-modules\masters\modules\lollipop.src.min.js", "JavaScript", 0, 1, 0, 0, 0, 0, 0, 0, 0, 0, 1
"c:\Users\MSI SWORD 15 A12V\source\repos\SoftWhatsAppCRMDash\SoftWhatsAppCRMDash\obj\Release\net8.0\PubTmp\Out\wwwroot\lib\highcharts\es-modules\masters\modules\map.src.js", "JavaScript", 0, 29, 0, 0, 0, 0, 0, 0, 15, 1, 45
"c:\Users\MSI SWORD 15 A12V\source\repos\SoftWhatsAppCRMDash\SoftWhatsAppCRMDash\obj\Release\net8.0\PubTmp\Out\wwwroot\lib\highcharts\es-modules\masters\modules\map.src.min.js", "JavaScript", 0, 1, 0, 0, 0, 0, 0, 0, 0, 0, 1
"c:\Users\MSI SWORD 15 A12V\source\repos\SoftWhatsAppCRMDash\SoftWhatsAppCRMDash\obj\Release\net8.0\PubTmp\Out\wwwroot\lib\highcharts\es-modules\masters\modules\marker-clusters.src.js", "JavaScript", 0, 8, 0, 0, 0, 0, 0, 0, 11, 1, 20
"c:\Users\MSI SWORD 15 A12V\source\repos\SoftWhatsAppCRMDash\SoftWhatsAppCRMDash\obj\Release\net8.0\PubTmp\Out\wwwroot\lib\highcharts\es-modules\masters\modules\marker-clusters.src.min.js", "JavaScript", 0, 1, 0, 0, 0, 0, 0, 0, 0, 0, 1
"c:\Users\MSI SWORD 15 A12V\source\repos\SoftWhatsAppCRMDash\SoftWhatsAppCRMDash\obj\Release\net8.0\PubTmp\Out\wwwroot\lib\highcharts\es-modules\masters\modules\mouse-wheel-zoom.src.js", "JavaScript", 0, 7, 0, 0, 0, 0, 0, 0, 11, 1, 19
"c:\Users\MSI SWORD 15 A12V\source\repos\SoftWhatsAppCRMDash\SoftWhatsAppCRMDash\obj\Release\net8.0\PubTmp\Out\wwwroot\lib\highcharts\es-modules\masters\modules\mouse-wheel-zoom.src.min.js", "JavaScript", 0, 1, 0, 0, 0, 0, 0, 0, 0, 0, 1
"c:\Users\MSI SWORD 15 A12V\source\repos\SoftWhatsAppCRMDash\SoftWhatsAppCRMDash\obj\Release\net8.0\PubTmp\Out\wwwroot\lib\highcharts\es-modules\masters\modules\navigator.src.js", "JavaScript", 0, 9, 0, 0, 0, 0, 0, 0, 11, 1, 21
"c:\Users\MSI SWORD 15 A12V\source\repos\SoftWhatsAppCRMDash\SoftWhatsAppCRMDash\obj\Release\net8.0\PubTmp\Out\wwwroot\lib\highcharts\es-modules\masters\modules\navigator.src.min.js", "JavaScript", 0, 1, 0, 0, 0, 0, 0, 0, 0, 0, 1
"c:\Users\MSI SWORD 15 A12V\source\repos\SoftWhatsAppCRMDash\SoftWhatsAppCRMDash\obj\Release\net8.0\PubTmp\Out\wwwroot\lib\highcharts\es-modules\masters\modules\networkgraph.src.js", "JavaScript", 0, 6, 0, 0, 0, 0, 0, 0, 11, 1, 18
"c:\Users\MSI SWORD 15 A12V\source\repos\SoftWhatsAppCRMDash\SoftWhatsAppCRMDash\obj\Release\net8.0\PubTmp\Out\wwwroot\lib\highcharts\es-modules\masters\modules\networkgraph.src.min.js", "JavaScript", 0, 1, 0, 0, 0, 0, 0, 0, 0, 0, 1
"c:\Users\MSI SWORD 15 A12V\source\repos\SoftWhatsAppCRMDash\SoftWhatsAppCRMDash\obj\Release\net8.0\PubTmp\Out\wwwroot\lib\highcharts\es-modules\masters\modules\no-data-to-display.src.js", "JavaScript", 0, 6, 0, 0, 0, 0, 0, 0, 12, 1, 19
"c:\Users\MSI SWORD 15 A12V\source\repos\SoftWhatsAppCRMDash\SoftWhatsAppCRMDash\obj\Release\net8.0\PubTmp\Out\wwwroot\lib\highcharts\es-modules\masters\modules\no-data-to-display.src.min.js", "JavaScript", 0, 1, 0, 0, 0, 0, 0, 0, 0, 0, 1
"c:\Users\MSI SWORD 15 A12V\source\repos\SoftWhatsAppCRMDash\SoftWhatsAppCRMDash\obj\Release\net8.0\PubTmp\Out\wwwroot\lib\highcharts\es-modules\masters\modules\offline-exporting.src.js", "JavaScript", 0, 10, 0, 0, 0, 0, 0, 0, 14, 1, 25
"c:\Users\MSI SWORD 15 A12V\source\repos\SoftWhatsAppCRMDash\SoftWhatsAppCRMDash\obj\Release\net8.0\PubTmp\Out\wwwroot\lib\highcharts\es-modules\masters\modules\offline-exporting.src.min.js", "JavaScript", 0, 1, 0, 0, 0, 0, 0, 0, 0, 0, 1
"c:\Users\MSI SWORD 15 A12V\source\repos\SoftWhatsAppCRMDash\SoftWhatsAppCRMDash\obj\Release\net8.0\PubTmp\Out\wwwroot\lib\highcharts\es-modules\masters\modules\organization.src.js", "JavaScript", 0, 4, 0, 0, 0, 0, 0, 0, 11, 1, 16
"c:\Users\MSI SWORD 15 A12V\source\repos\SoftWhatsAppCRMDash\SoftWhatsAppCRMDash\obj\Release\net8.0\PubTmp\Out\wwwroot\lib\highcharts\es-modules\masters\modules\organization.src.min.js", "JavaScript", 0, 1, 0, 0, 0, 0, 0, 0, 0, 0, 1
"c:\Users\MSI SWORD 15 A12V\source\repos\SoftWhatsAppCRMDash\SoftWhatsAppCRMDash\obj\Release\net8.0\PubTmp\Out\wwwroot\lib\highcharts\es-modules\masters\modules\overlapping-datalabels.src.js", "JavaScript", 0, 7, 0, 0, 0, 0, 0, 0, 9, 1, 17
"c:\Users\MSI SWORD 15 A12V\source\repos\SoftWhatsAppCRMDash\SoftWhatsAppCRMDash\obj\Release\net8.0\PubTmp\Out\wwwroot\lib\highcharts\es-modules\masters\modules\overlapping-datalabels.src.min.js", "JavaScript", 0, 1, 0, 0, 0, 0, 0, 0, 0, 0, 1
"c:\Users\MSI SWORD 15 A12V\source\repos\SoftWhatsAppCRMDash\SoftWhatsAppCRMDash\obj\Release\net8.0\PubTmp\Out\wwwroot\lib\highcharts\es-modules\masters\modules\parallel-coordinates.src.js", "JavaScript", 0, 6, 0, 0, 0, 0, 0, 0, 11, 1, 18
"c:\Users\MSI SWORD 15 A12V\source\repos\SoftWhatsAppCRMDash\SoftWhatsAppCRMDash\obj\Release\net8.0\PubTmp\Out\wwwroot\lib\highcharts\es-modules\masters\modules\parallel-coordinates.src.min.js", "JavaScript", 0, 1, 0, 0, 0, 0, 0, 0, 0, 0, 1
"c:\Users\MSI SWORD 15 A12V\source\repos\SoftWhatsAppCRMDash\SoftWhatsAppCRMDash\obj\Release\net8.0\PubTmp\Out\wwwroot\lib\highcharts\es-modules\masters\modules\pareto.src.js", "JavaScript", 0, 4, 0, 0, 0, 0, 0, 0, 11, 1, 16
"c:\Users\MSI SWORD 15 A12V\source\repos\SoftWhatsAppCRMDash\SoftWhatsAppCRMDash\obj\Release\net8.0\PubTmp\Out\wwwroot\lib\highcharts\es-modules\masters\modules\pareto.src.min.js", "JavaScript", 0, 1, 0, 0, 0, 0, 0, 0, 0, 0, 1
"c:\Users\MSI SWORD 15 A12V\source\repos\SoftWhatsAppCRMDash\SoftWhatsAppCRMDash\obj\Release\net8.0\PubTmp\Out\wwwroot\lib\highcharts\es-modules\masters\modules\pathfinder.src.js", "JavaScript", 0, 9, 0, 0, 0, 0, 0, 0, 11, 1, 21
"c:\Users\MSI SWORD 15 A12V\source\repos\SoftWhatsAppCRMDash\SoftWhatsAppCRMDash\obj\Release\net8.0\PubTmp\Out\wwwroot\lib\highcharts\es-modules\masters\modules\pathfinder.src.min.js", "JavaScript", 0, 1, 0, 0, 0, 0, 0, 0, 0, 0, 1
"c:\Users\MSI SWORD 15 A12V\source\repos\SoftWhatsAppCRMDash\SoftWhatsAppCRMDash\obj\Release\net8.0\PubTmp\Out\wwwroot\lib\highcharts\es-modules\masters\modules\pattern-fill.src.js", "JavaScript", 0, 7, 0, 0, 0, 0, 0, 0, 12, 1, 20
"c:\Users\MSI SWORD 15 A12V\source\repos\SoftWhatsAppCRMDash\SoftWhatsAppCRMDash\obj\Release\net8.0\PubTmp\Out\wwwroot\lib\highcharts\es-modules\masters\modules\pattern-fill.src.min.js", "JavaScript", 0, 1, 0, 0, 0, 0, 0, 0, 0, 0, 1
"c:\Users\MSI SWORD 15 A12V\source\repos\SoftWhatsAppCRMDash\SoftWhatsAppCRMDash\obj\Release\net8.0\PubTmp\Out\wwwroot\lib\highcharts\es-modules\masters\modules\pictorial.src.js", "JavaScript", 0, 4, 0, 0, 0, 0, 0, 0, 11, 1, 16
"c:\Users\MSI SWORD 15 A12V\source\repos\SoftWhatsAppCRMDash\SoftWhatsAppCRMDash\obj\Release\net8.0\PubTmp\Out\wwwroot\lib\highcharts\es-modules\masters\modules\pictorial.src.min.js", "JavaScript", 0, 1, 0, 0, 0, 0, 0, 0, 0, 0, 1
"c:\Users\MSI SWORD 15 A12V\source\repos\SoftWhatsAppCRMDash\SoftWhatsAppCRMDash\obj\Release\net8.0\PubTmp\Out\wwwroot\lib\highcharts\es-modules\masters\modules\pointandfigure.src.js", "JavaScript", 0, 6, 0, 0, 0, 0, 0, 0, 12, 1, 19
"c:\Users\MSI SWORD 15 A12V\source\repos\SoftWhatsAppCRMDash\SoftWhatsAppCRMDash\obj\Release\net8.0\PubTmp\Out\wwwroot\lib\highcharts\es-modules\masters\modules\pointandfigure.src.min.js", "JavaScript", 0, 1, 0, 0, 0, 0, 0, 0, 0, 0, 1
"c:\Users\MSI SWORD 15 A12V\source\repos\SoftWhatsAppCRMDash\SoftWhatsAppCRMDash\obj\Release\net8.0\PubTmp\Out\wwwroot\lib\highcharts\es-modules\masters\modules\price-indicator.src.js", "JavaScript", 0, 6, 0, 0, 0, 0, 0, 0, 13, 1, 20
"c:\Users\MSI SWORD 15 A12V\source\repos\SoftWhatsAppCRMDash\SoftWhatsAppCRMDash\obj\Release\net8.0\PubTmp\Out\wwwroot\lib\highcharts\es-modules\masters\modules\price-indicator.src.min.js", "JavaScript", 0, 1, 0, 0, 0, 0, 0, 0, 0, 0, 1
"c:\Users\MSI SWORD 15 A12V\source\repos\SoftWhatsAppCRMDash\SoftWhatsAppCRMDash\obj\Release\net8.0\PubTmp\Out\wwwroot\lib\highcharts\es-modules\masters\modules\pyramid3d.src.js", "JavaScript", 0, 4, 0, 0, 0, 0, 0, 0, 14, 1, 19
"c:\Users\MSI SWORD 15 A12V\source\repos\SoftWhatsAppCRMDash\SoftWhatsAppCRMDash\obj\Release\net8.0\PubTmp\Out\wwwroot\lib\highcharts\es-modules\masters\modules\pyramid3d.src.min.js", "JavaScript", 0, 1, 0, 0, 0, 0, 0, 0, 0, 0, 1
"c:\Users\MSI SWORD 15 A12V\source\repos\SoftWhatsAppCRMDash\SoftWhatsAppCRMDash\obj\Release\net8.0\PubTmp\Out\wwwroot\lib\highcharts\es-modules\masters\modules\renko.src.js", "JavaScript", 0, 4, 0, 0, 0, 0, 0, 0, 12, 1, 17
"c:\Users\MSI SWORD 15 A12V\source\repos\SoftWhatsAppCRMDash\SoftWhatsAppCRMDash\obj\Release\net8.0\PubTmp\Out\wwwroot\lib\highcharts\es-modules\masters\modules\renko.src.min.js", "JavaScript", 0, 1, 0, 0, 0, 0, 0, 0, 0, 0, 1
"c:\Users\MSI SWORD 15 A12V\source\repos\SoftWhatsAppCRMDash\SoftWhatsAppCRMDash\obj\Release\net8.0\PubTmp\Out\wwwroot\lib\highcharts\es-modules\masters\modules\sankey.src.js", "JavaScript", 0, 4, 0, 0, 0, 0, 0, 0, 11, 1, 16
"c:\Users\MSI SWORD 15 A12V\source\repos\SoftWhatsAppCRMDash\SoftWhatsAppCRMDash\obj\Release\net8.0\PubTmp\Out\wwwroot\lib\highcharts\es-modules\masters\modules\sankey.src.min.js", "JavaScript", 0, 1, 0, 0, 0, 0, 0, 0, 0, 0, 1
"c:\Users\MSI SWORD 15 A12V\source\repos\SoftWhatsAppCRMDash\SoftWhatsAppCRMDash\obj\Release\net8.0\PubTmp\Out\wwwroot\lib\highcharts\es-modules\masters\modules\series-label.src.js", "JavaScript", 0, 6, 0, 0, 0, 0, 0, 0, 9, 1, 16
"c:\Users\MSI SWORD 15 A12V\source\repos\SoftWhatsAppCRMDash\SoftWhatsAppCRMDash\obj\Release\net8.0\PubTmp\Out\wwwroot\lib\highcharts\es-modules\masters\modules\series-label.src.min.js", "JavaScript", 0, 1, 0, 0, 0, 0, 0, 0, 0, 0, 1
"c:\Users\MSI SWORD 15 A12V\source\repos\SoftWhatsAppCRMDash\SoftWhatsAppCRMDash\obj\Release\net8.0\PubTmp\Out\wwwroot\lib\highcharts\es-modules\masters\modules\series-on-point.src.js", "JavaScript", 0, 6, 0, 0, 0, 0, 0, 0, 12, 1, 19
"c:\Users\MSI SWORD 15 A12V\source\repos\SoftWhatsAppCRMDash\SoftWhatsAppCRMDash\obj\Release\net8.0\PubTmp\Out\wwwroot\lib\highcharts\es-modules\masters\modules\series-on-point.src.min.js", "JavaScript", 0, 1, 0, 0, 0, 0, 0, 0, 0, 0, 1
"c:\Users\MSI SWORD 15 A12V\source\repos\SoftWhatsAppCRMDash\SoftWhatsAppCRMDash\obj\Release\net8.0\PubTmp\Out\wwwroot\lib\highcharts\es-modules\masters\modules\solid-gauge.src.js", "JavaScript", 0, 4, 0, 0, 0, 0, 0, 0, 12, 1, 17
"c:\Users\MSI SWORD 15 A12V\source\repos\SoftWhatsAppCRMDash\SoftWhatsAppCRMDash\obj\Release\net8.0\PubTmp\Out\wwwroot\lib\highcharts\es-modules\masters\modules\solid-gauge.src.min.js", "JavaScript", 0, 1, 0, 0, 0, 0, 0, 0, 0, 0, 1
"c:\Users\MSI SWORD 15 A12V\source\repos\SoftWhatsAppCRMDash\SoftWhatsAppCRMDash\obj\Release\net8.0\PubTmp\Out\wwwroot\lib\highcharts\es-modules\masters\modules\sonification.src.js", "JavaScript", 0, 21, 0, 0, 0, 0, 0, 0, 13, 1, 35
"c:\Users\MSI SWORD 15 A12V\source\repos\SoftWhatsAppCRMDash\SoftWhatsAppCRMDash\obj\Release\net8.0\PubTmp\Out\wwwroot\lib\highcharts\es-modules\masters\modules\sonification.src.min.js", "JavaScript", 0, 1, 0, 0, 0, 0, 0, 0, 0, 0, 1
"c:\Users\MSI SWORD 15 A12V\source\repos\SoftWhatsAppCRMDash\SoftWhatsAppCRMDash\obj\Release\net8.0\PubTmp\Out\wwwroot\lib\highcharts\es-modules\masters\modules\static-scale.src.js", "JavaScript", 0, 6, 0, 0, 0, 0, 0, 0, 11, 1, 18
"c:\Users\MSI SWORD 15 A12V\source\repos\SoftWhatsAppCRMDash\SoftWhatsAppCRMDash\obj\Release\net8.0\PubTmp\Out\wwwroot\lib\highcharts\es-modules\masters\modules\static-scale.src.min.js", "JavaScript", 0, 1, 0, 0, 0, 0, 0, 0, 0, 0, 1
"c:\Users\MSI SWORD 15 A12V\source\repos\SoftWhatsAppCRMDash\SoftWhatsAppCRMDash\obj\Release\net8.0\PubTmp\Out\wwwroot\lib\highcharts\es-modules\masters\modules\stock-tools.src.js", "JavaScript", 0, 12, 0, 0, 0, 0, 0, 0, 13, 1, 26
"c:\Users\MSI SWORD 15 A12V\source\repos\SoftWhatsAppCRMDash\SoftWhatsAppCRMDash\obj\Release\net8.0\PubTmp\Out\wwwroot\lib\highcharts\es-modules\masters\modules\stock-tools.src.min.js", "JavaScript", 0, 1, 0, 0, 0, 0, 0, 0, 0, 0, 1
"c:\Users\MSI SWORD 15 A12V\source\repos\SoftWhatsAppCRMDash\SoftWhatsAppCRMDash\obj\Release\net8.0\PubTmp\Out\wwwroot\lib\highcharts\es-modules\masters\modules\stock.src.js", "JavaScript", 0, 32, 0, 0, 0, 0, 0, 0, 14, 1, 47
"c:\Users\MSI SWORD 15 A12V\source\repos\SoftWhatsAppCRMDash\SoftWhatsAppCRMDash\obj\Release\net8.0\PubTmp\Out\wwwroot\lib\highcharts\es-modules\masters\modules\stock.src.min.js", "JavaScript", 0, 1, 0, 0, 0, 0, 0, 0, 0, 0, 1
"c:\Users\MSI SWORD 15 A12V\source\repos\SoftWhatsAppCRMDash\SoftWhatsAppCRMDash\obj\Release\net8.0\PubTmp\Out\wwwroot\lib\highcharts\es-modules\masters\modules\streamgraph.src.js", "JavaScript", 0, 4, 0, 0, 0, 0, 0, 0, 11, 1, 16
"c:\Users\MSI SWORD 15 A12V\source\repos\SoftWhatsAppCRMDash\SoftWhatsAppCRMDash\obj\Release\net8.0\PubTmp\Out\wwwroot\lib\highcharts\es-modules\masters\modules\streamgraph.src.min.js", "JavaScript", 0, 1, 0, 0, 0, 0, 0, 0, 0, 0, 1
"c:\Users\MSI SWORD 15 A12V\source\repos\SoftWhatsAppCRMDash\SoftWhatsAppCRMDash\obj\Release\net8.0\PubTmp\Out\wwwroot\lib\highcharts\es-modules\masters\modules\sunburst.src.js", "JavaScript", 0, 9, 0, 0, 0, 0, 0, 0, 10, 1, 20
"c:\Users\MSI SWORD 15 A12V\source\repos\SoftWhatsAppCRMDash\SoftWhatsAppCRMDash\obj\Release\net8.0\PubTmp\Out\wwwroot\lib\highcharts\es-modules\masters\modules\sunburst.src.min.js", "JavaScript", 0, 1, 0, 0, 0, 0, 0, 0, 0, 0, 1
"c:\Users\MSI SWORD 15 A12V\source\repos\SoftWhatsAppCRMDash\SoftWhatsAppCRMDash\obj\Release\net8.0\PubTmp\Out\wwwroot\lib\highcharts\es-modules\masters\modules\textpath.src.js", "JavaScript", 0, 7, 0, 0, 0, 0, 0, 0, 9, 1, 17
"c:\Users\MSI SWORD 15 A12V\source\repos\SoftWhatsAppCRMDash\SoftWhatsAppCRMDash\obj\Release\net8.0\PubTmp\Out\wwwroot\lib\highcharts\es-modules\masters\modules\textpath.src.min.js", "JavaScript", 0, 1, 0, 0, 0, 0, 0, 0, 0, 0, 1
"c:\Users\MSI SWORD 15 A12V\source\repos\SoftWhatsAppCRMDash\SoftWhatsAppCRMDash\obj\Release\net8.0\PubTmp\Out\wwwroot\lib\highcharts\es-modules\masters\modules\tiledwebmap.src.js", "JavaScript", 0, 8, 0, 0, 0, 0, 0, 0, 9, 1, 18
"c:\Users\MSI SWORD 15 A12V\source\repos\SoftWhatsAppCRMDash\SoftWhatsAppCRMDash\obj\Release\net8.0\PubTmp\Out\wwwroot\lib\highcharts\es-modules\masters\modules\tiledwebmap.src.min.js", "JavaScript", 0, 1, 0, 0, 0, 0, 0, 0, 0, 0, 1
"c:\Users\MSI SWORD 15 A12V\source\repos\SoftWhatsAppCRMDash\SoftWhatsAppCRMDash\obj\Release\net8.0\PubTmp\Out\wwwroot\lib\highcharts\es-modules\masters\modules\tilemap.src.js", "JavaScript", 0, 6, 0, 0, 0, 0, 0, 0, 12, 1, 19
"c:\Users\MSI SWORD 15 A12V\source\repos\SoftWhatsAppCRMDash\SoftWhatsAppCRMDash\obj\Release\net8.0\PubTmp\Out\wwwroot\lib\highcharts\es-modules\masters\modules\tilemap.src.min.js", "JavaScript", 0, 1, 0, 0, 0, 0, 0, 0, 0, 0, 1
"c:\Users\MSI SWORD 15 A12V\source\repos\SoftWhatsAppCRMDash\SoftWhatsAppCRMDash\obj\Release\net8.0\PubTmp\Out\wwwroot\lib\highcharts\es-modules\masters\modules\timeline.src.js", "JavaScript", 0, 4, 0, 0, 0, 0, 0, 0, 12, 1, 17
"c:\Users\MSI SWORD 15 A12V\source\repos\SoftWhatsAppCRMDash\SoftWhatsAppCRMDash\obj\Release\net8.0\PubTmp\Out\wwwroot\lib\highcharts\es-modules\masters\modules\timeline.src.min.js", "JavaScript", 0, 1, 0, 0, 0, 0, 0, 0, 0, 0, 1
"c:\Users\MSI SWORD 15 A12V\source\repos\SoftWhatsAppCRMDash\SoftWhatsAppCRMDash\obj\Release\net8.0\PubTmp\Out\wwwroot\lib\highcharts\es-modules\masters\modules\treegraph.src.js", "JavaScript", 0, 4, 0, 0, 0, 0, 0, 0, 11, 1, 16
"c:\Users\MSI SWORD 15 A12V\source\repos\SoftWhatsAppCRMDash\SoftWhatsAppCRMDash\obj\Release\net8.0\PubTmp\Out\wwwroot\lib\highcharts\es-modules\masters\modules\treegraph.src.min.js", "JavaScript", 0, 1, 0, 0, 0, 0, 0, 0, 0, 0, 1
"c:\Users\MSI SWORD 15 A12V\source\repos\SoftWhatsAppCRMDash\SoftWhatsAppCRMDash\obj\Release\net8.0\PubTmp\Out\wwwroot\lib\highcharts\es-modules\masters\modules\treegrid.src.js", "JavaScript", 0, 6, 0, 0, 0, 0, 0, 0, 11, 1, 18
"c:\Users\MSI SWORD 15 A12V\source\repos\SoftWhatsAppCRMDash\SoftWhatsAppCRMDash\obj\Release\net8.0\PubTmp\Out\wwwroot\lib\highcharts\es-modules\masters\modules\treegrid.src.min.js", "JavaScript", 0, 1, 0, 0, 0, 0, 0, 0, 0, 0, 1
"c:\Users\MSI SWORD 15 A12V\source\repos\SoftWhatsAppCRMDash\SoftWhatsAppCRMDash\obj\Release\net8.0\PubTmp\Out\wwwroot\lib\highcharts\es-modules\masters\modules\treemap.src.js", "JavaScript", 0, 9, 0, 0, 0, 0, 0, 0, 10, 1, 20
"c:\Users\MSI SWORD 15 A12V\source\repos\SoftWhatsAppCRMDash\SoftWhatsAppCRMDash\obj\Release\net8.0\PubTmp\Out\wwwroot\lib\highcharts\es-modules\masters\modules\treemap.src.min.js", "JavaScript", 0, 1, 0, 0, 0, 0, 0, 0, 0, 0, 1
"c:\Users\MSI SWORD 15 A12V\source\repos\SoftWhatsAppCRMDash\SoftWhatsAppCRMDash\obj\Release\net8.0\PubTmp\Out\wwwroot\lib\highcharts\es-modules\masters\modules\variable-pie.src.js", "JavaScript", 0, 4, 0, 0, 0, 0, 0, 0, 11, 1, 16
"c:\Users\MSI SWORD 15 A12V\source\repos\SoftWhatsAppCRMDash\SoftWhatsAppCRMDash\obj\Release\net8.0\PubTmp\Out\wwwroot\lib\highcharts\es-modules\masters\modules\variable-pie.src.min.js", "JavaScript", 0, 1, 0, 0, 0, 0, 0, 0, 0, 0, 1
"c:\Users\MSI SWORD 15 A12V\source\repos\SoftWhatsAppCRMDash\SoftWhatsAppCRMDash\obj\Release\net8.0\PubTmp\Out\wwwroot\lib\highcharts\es-modules\masters\modules\variwide.src.js", "JavaScript", 0, 6, 0, 0, 0, 0, 0, 0, 11, 1, 18
"c:\Users\MSI SWORD 15 A12V\source\repos\SoftWhatsAppCRMDash\SoftWhatsAppCRMDash\obj\Release\net8.0\PubTmp\Out\wwwroot\lib\highcharts\es-modules\masters\modules\variwide.src.min.js", "JavaScript", 0, 1, 0, 0, 0, 0, 0, 0, 0, 0, 1
"c:\Users\MSI SWORD 15 A12V\source\repos\SoftWhatsAppCRMDash\SoftWhatsAppCRMDash\obj\Release\net8.0\PubTmp\Out\wwwroot\lib\highcharts\es-modules\masters\modules\vector.src.js", "JavaScript", 0, 4, 0, 0, 0, 0, 0, 0, 11, 1, 16
"c:\Users\MSI SWORD 15 A12V\source\repos\SoftWhatsAppCRMDash\SoftWhatsAppCRMDash\obj\Release\net8.0\PubTmp\Out\wwwroot\lib\highcharts\es-modules\masters\modules\vector.src.min.js", "JavaScript", 0, 1, 0, 0, 0, 0, 0, 0, 0, 0, 1
"c:\Users\MSI SWORD 15 A12V\source\repos\SoftWhatsAppCRMDash\SoftWhatsAppCRMDash\obj\Release\net8.0\PubTmp\Out\wwwroot\lib\highcharts\es-modules\masters\modules\venn.src.js", "JavaScript", 0, 4, 0, 0, 0, 0, 0, 0, 10, 1, 15
"c:\Users\MSI SWORD 15 A12V\source\repos\SoftWhatsAppCRMDash\SoftWhatsAppCRMDash\obj\Release\net8.0\PubTmp\Out\wwwroot\lib\highcharts\es-modules\masters\modules\venn.src.min.js", "JavaScript", 0, 1, 0, 0, 0, 0, 0, 0, 0, 0, 1
"c:\Users\MSI SWORD 15 A12V\source\repos\SoftWhatsAppCRMDash\SoftWhatsAppCRMDash\obj\Release\net8.0\PubTmp\Out\wwwroot\lib\highcharts\es-modules\masters\modules\windbarb.src.js", "JavaScript", 0, 4, 0, 0, 0, 0, 0, 0, 11, 1, 16
"c:\Users\MSI SWORD 15 A12V\source\repos\SoftWhatsAppCRMDash\SoftWhatsAppCRMDash\obj\Release\net8.0\PubTmp\Out\wwwroot\lib\highcharts\es-modules\masters\modules\windbarb.src.min.js", "JavaScript", 0, 1, 0, 0, 0, 0, 0, 0, 0, 0, 1
"c:\Users\MSI SWORD 15 A12V\source\repos\SoftWhatsAppCRMDash\SoftWhatsAppCRMDash\obj\Release\net8.0\PubTmp\Out\wwwroot\lib\highcharts\es-modules\masters\modules\wordcloud.src.js", "JavaScript", 0, 4, 0, 0, 0, 0, 0, 0, 10, 1, 15
"c:\Users\MSI SWORD 15 A12V\source\repos\SoftWhatsAppCRMDash\SoftWhatsAppCRMDash\obj\Release\net8.0\PubTmp\Out\wwwroot\lib\highcharts\es-modules\masters\modules\wordcloud.src.min.js", "JavaScript", 0, 1, 0, 0, 0, 0, 0, 0, 0, 0, 1
"c:\Users\MSI SWORD 15 A12V\source\repos\SoftWhatsAppCRMDash\SoftWhatsAppCRMDash\obj\Release\net8.0\PubTmp\Out\wwwroot\lib\highcharts\es-modules\masters\modules\xrange.src.js", "JavaScript", 0, 6, 0, 0, 0, 0, 0, 0, 11, 1, 18
"c:\Users\MSI SWORD 15 A12V\source\repos\SoftWhatsAppCRMDash\SoftWhatsAppCRMDash\obj\Release\net8.0\PubTmp\Out\wwwroot\lib\highcharts\es-modules\masters\modules\xrange.src.min.js", "JavaScript", 0, 1, 0, 0, 0, 0, 0, 0, 0, 0, 1
"c:\Users\MSI SWORD 15 A12V\source\repos\SoftWhatsAppCRMDash\SoftWhatsAppCRMDash\obj\Release\net8.0\PubTmp\Out\wwwroot\lib\highcharts\es-modules\masters\standalone-navigator.src.js", "JavaScript", 0, 4, 0, 0, 0, 0, 0, 0, 9, 1, 14
"c:\Users\MSI SWORD 15 A12V\source\repos\SoftWhatsAppCRMDash\SoftWhatsAppCRMDash\obj\Release\net8.0\PubTmp\Out\wwwroot\lib\highcharts\es-modules\masters\standalone-navigator.src.min.js", "JavaScript", 0, 1, 0, 0, 0, 0, 0, 0, 0, 0, 1
"c:\Users\MSI SWORD 15 A12V\source\repos\SoftWhatsAppCRMDash\SoftWhatsAppCRMDash\obj\Release\net8.0\PubTmp\Out\wwwroot\lib\highcharts\es-modules\masters\themes\avocado.src.js", "JavaScript", 0, 6, 0, 0, 0, 0, 0, 0, 9, 1, 16
"c:\Users\MSI SWORD 15 A12V\source\repos\SoftWhatsAppCRMDash\SoftWhatsAppCRMDash\obj\Release\net8.0\PubTmp\Out\wwwroot\lib\highcharts\es-modules\masters\themes\avocado.src.min.js", "JavaScript", 0, 1, 0, 0, 0, 0, 0, 0, 0, 0, 1
"c:\Users\MSI SWORD 15 A12V\source\repos\SoftWhatsAppCRMDash\SoftWhatsAppCRMDash\obj\Release\net8.0\PubTmp\Out\wwwroot\lib\highcharts\es-modules\masters\themes\brand-dark.src.js", "JavaScript", 0, 6, 0, 0, 0, 0, 0, 0, 9, 1, 16
"c:\Users\MSI SWORD 15 A12V\source\repos\SoftWhatsAppCRMDash\SoftWhatsAppCRMDash\obj\Release\net8.0\PubTmp\Out\wwwroot\lib\highcharts\es-modules\masters\themes\brand-dark.src.min.js", "JavaScript", 0, 1, 0, 0, 0, 0, 0, 0, 0, 0, 1
"c:\Users\MSI SWORD 15 A12V\source\repos\SoftWhatsAppCRMDash\SoftWhatsAppCRMDash\obj\Release\net8.0\PubTmp\Out\wwwroot\lib\highcharts\es-modules\masters\themes\brand-light.src.js", "JavaScript", 0, 6, 0, 0, 0, 0, 0, 0, 9, 1, 16
"c:\Users\MSI SWORD 15 A12V\source\repos\SoftWhatsAppCRMDash\SoftWhatsAppCRMDash\obj\Release\net8.0\PubTmp\Out\wwwroot\lib\highcharts\es-modules\masters\themes\brand-light.src.min.js", "JavaScript", 0, 1, 0, 0, 0, 0, 0, 0, 0, 0, 1
"c:\Users\MSI SWORD 15 A12V\source\repos\SoftWhatsAppCRMDash\SoftWhatsAppCRMDash\obj\Release\net8.0\PubTmp\Out\wwwroot\lib\highcharts\es-modules\masters\themes\dark-blue.src.js", "JavaScript", 0, 6, 0, 0, 0, 0, 0, 0, 9, 1, 16
"c:\Users\MSI SWORD 15 A12V\source\repos\SoftWhatsAppCRMDash\SoftWhatsAppCRMDash\obj\Release\net8.0\PubTmp\Out\wwwroot\lib\highcharts\es-modules\masters\themes\dark-blue.src.min.js", "JavaScript", 0, 1, 0, 0, 0, 0, 0, 0, 0, 0, 1
"c:\Users\MSI SWORD 15 A12V\source\repos\SoftWhatsAppCRMDash\SoftWhatsAppCRMDash\obj\Release\net8.0\PubTmp\Out\wwwroot\lib\highcharts\es-modules\masters\themes\dark-green.src.js", "JavaScript", 0, 6, 0, 0, 0, 0, 0, 0, 9, 1, 16
"c:\Users\MSI SWORD 15 A12V\source\repos\SoftWhatsAppCRMDash\SoftWhatsAppCRMDash\obj\Release\net8.0\PubTmp\Out\wwwroot\lib\highcharts\es-modules\masters\themes\dark-green.src.min.js", "JavaScript", 0, 1, 0, 0, 0, 0, 0, 0, 0, 0, 1
"c:\Users\MSI SWORD 15 A12V\source\repos\SoftWhatsAppCRMDash\SoftWhatsAppCRMDash\obj\Release\net8.0\PubTmp\Out\wwwroot\lib\highcharts\es-modules\masters\themes\dark-unica.src.js", "JavaScript", 0, 6, 0, 0, 0, 0, 0, 0, 9, 1, 16
"c:\Users\MSI SWORD 15 A12V\source\repos\SoftWhatsAppCRMDash\SoftWhatsAppCRMDash\obj\Release\net8.0\PubTmp\Out\wwwroot\lib\highcharts\es-modules\masters\themes\dark-unica.src.min.js", "JavaScript", 0, 1, 0, 0, 0, 0, 0, 0, 0, 0, 1
"c:\Users\MSI SWORD 15 A12V\source\repos\SoftWhatsAppCRMDash\SoftWhatsAppCRMDash\obj\Release\net8.0\PubTmp\Out\wwwroot\lib\highcharts\es-modules\masters\themes\gray.src.js", "JavaScript", 0, 6, 0, 0, 0, 0, 0, 0, 9, 1, 16
"c:\Users\MSI SWORD 15 A12V\source\repos\SoftWhatsAppCRMDash\SoftWhatsAppCRMDash\obj\Release\net8.0\PubTmp\Out\wwwroot\lib\highcharts\es-modules\masters\themes\gray.src.min.js", "JavaScript", 0, 1, 0, 0, 0, 0, 0, 0, 0, 0, 1
"c:\Users\MSI SWORD 15 A12V\source\repos\SoftWhatsAppCRMDash\SoftWhatsAppCRMDash\obj\Release\net8.0\PubTmp\Out\wwwroot\lib\highcharts\es-modules\masters\themes\grid-light.src.js", "JavaScript", 0, 6, 0, 0, 0, 0, 0, 0, 9, 1, 16
"c:\Users\MSI SWORD 15 A12V\source\repos\SoftWhatsAppCRMDash\SoftWhatsAppCRMDash\obj\Release\net8.0\PubTmp\Out\wwwroot\lib\highcharts\es-modules\masters\themes\grid-light.src.min.js", "JavaScript", 0, 1, 0, 0, 0, 0, 0, 0, 0, 0, 1
"c:\Users\MSI SWORD 15 A12V\source\repos\SoftWhatsAppCRMDash\SoftWhatsAppCRMDash\obj\Release\net8.0\PubTmp\Out\wwwroot\lib\highcharts\es-modules\masters\themes\grid.src.js", "JavaScript", 0, 6, 0, 0, 0, 0, 0, 0, 9, 1, 16
"c:\Users\MSI SWORD 15 A12V\source\repos\SoftWhatsAppCRMDash\SoftWhatsAppCRMDash\obj\Release\net8.0\PubTmp\Out\wwwroot\lib\highcharts\es-modules\masters\themes\grid.src.min.js", "JavaScript", 0, 1, 0, 0, 0, 0, 0, 0, 0, 0, 1
"c:\Users\MSI SWORD 15 A12V\source\repos\SoftWhatsAppCRMDash\SoftWhatsAppCRMDash\obj\Release\net8.0\PubTmp\Out\wwwroot\lib\highcharts\es-modules\masters\themes\high-contrast-dark.src.js", "JavaScript", 0, 6, 0, 0, 0, 0, 0, 0, 9, 1, 16
"c:\Users\MSI SWORD 15 A12V\source\repos\SoftWhatsAppCRMDash\SoftWhatsAppCRMDash\obj\Release\net8.0\PubTmp\Out\wwwroot\lib\highcharts\es-modules\masters\themes\high-contrast-dark.src.min.js", "JavaScript", 0, 1, 0, 0, 0, 0, 0, 0, 0, 0, 1
"c:\Users\MSI SWORD 15 A12V\source\repos\SoftWhatsAppCRMDash\SoftWhatsAppCRMDash\obj\Release\net8.0\PubTmp\Out\wwwroot\lib\highcharts\es-modules\masters\themes\high-contrast-light.src.js", "JavaScript", 0, 6, 0, 0, 0, 0, 0, 0, 9, 1, 16
"c:\Users\MSI SWORD 15 A12V\source\repos\SoftWhatsAppCRMDash\SoftWhatsAppCRMDash\obj\Release\net8.0\PubTmp\Out\wwwroot\lib\highcharts\es-modules\masters\themes\high-contrast-light.src.min.js", "JavaScript", 0, 1, 0, 0, 0, 0, 0, 0, 0, 0, 1
"c:\Users\MSI SWORD 15 A12V\source\repos\SoftWhatsAppCRMDash\SoftWhatsAppCRMDash\obj\Release\net8.0\PubTmp\Out\wwwroot\lib\highcharts\es-modules\masters\themes\sand-signika.src.js", "JavaScript", 0, 6, 0, 0, 0, 0, 0, 0, 9, 1, 16
"c:\Users\MSI SWORD 15 A12V\source\repos\SoftWhatsAppCRMDash\SoftWhatsAppCRMDash\obj\Release\net8.0\PubTmp\Out\wwwroot\lib\highcharts\es-modules\masters\themes\sand-signika.src.min.js", "JavaScript", 0, 1, 0, 0, 0, 0, 0, 0, 0, 0, 1
"c:\Users\MSI SWORD 15 A12V\source\repos\SoftWhatsAppCRMDash\SoftWhatsAppCRMDash\obj\Release\net8.0\PubTmp\Out\wwwroot\lib\highcharts\es-modules\masters\themes\skies.src.js", "JavaScript", 0, 6, 0, 0, 0, 0, 0, 0, 9, 1, 16
"c:\Users\MSI SWORD 15 A12V\source\repos\SoftWhatsAppCRMDash\SoftWhatsAppCRMDash\obj\Release\net8.0\PubTmp\Out\wwwroot\lib\highcharts\es-modules\masters\themes\skies.src.min.js", "JavaScript", 0, 1, 0, 0, 0, 0, 0, 0, 0, 0, 1
"c:\Users\MSI SWORD 15 A12V\source\repos\SoftWhatsAppCRMDash\SoftWhatsAppCRMDash\obj\Release\net8.0\PubTmp\Out\wwwroot\lib\highcharts\es-modules\masters\themes\sunset.src.js", "JavaScript", 0, 6, 0, 0, 0, 0, 0, 0, 9, 1, 16
"c:\Users\MSI SWORD 15 A12V\source\repos\SoftWhatsAppCRMDash\SoftWhatsAppCRMDash\obj\Release\net8.0\PubTmp\Out\wwwroot\lib\highcharts\es-modules\masters\themes\sunset.src.min.js", "JavaScript", 0, 1, 0, 0, 0, 0, 0, 0, 0, 0, 1
"c:\Users\MSI SWORD 15 A12V\source\repos\SoftWhatsAppCRMDash\SoftWhatsAppCRMDash\obj\Release\net8.0\PubTmp\Out\wwwroot\lib\highcharts\highcharts-3d.js", "JavaScript", 0, 2, 0, 0, 0, 0, 0, 0, 7, 0, 9
"c:\Users\MSI SWORD 15 A12V\source\repos\SoftWhatsAppCRMDash\SoftWhatsAppCRMDash\obj\Release\net8.0\PubTmp\Out\wwwroot\lib\highcharts\highcharts-3d.min.js", "JavaScript", 0, 1, 0, 0, 0, 0, 0, 0, 0, 0, 1
"c:\Users\MSI SWORD 15 A12V\source\repos\SoftWhatsAppCRMDash\SoftWhatsAppCRMDash\obj\Release\net8.0\PubTmp\Out\wwwroot\lib\highcharts\highcharts-3d.src.js", "JavaScript", 0, 3374, 0, 0, 0, 0, 0, 0, 1658, 124, 5156
"c:\Users\MSI SWORD 15 A12V\source\repos\SoftWhatsAppCRMDash\SoftWhatsAppCRMDash\obj\Release\net8.0\PubTmp\Out\wwwroot\lib\highcharts\highcharts-3d.src.min.js", "JavaScript", 0, 1, 0, 0, 0, 0, 0, 0, 0, 0, 1
"c:\Users\MSI SWORD 15 A12V\source\repos\SoftWhatsAppCRMDash\SoftWhatsAppCRMDash\obj\Release\net8.0\PubTmp\Out\wwwroot\lib\highcharts\highcharts-gantt.js", "JavaScript", 0, 4, 0, 0, 0, 0, 0, 0, 12, 0, 16
"c:\Users\MSI SWORD 15 A12V\source\repos\SoftWhatsAppCRMDash\SoftWhatsAppCRMDash\obj\Release\net8.0\PubTmp\Out\wwwroot\lib\highcharts\highcharts-gantt.min.js", "JavaScript", 0, 2, 0, 0, 0, 0, 0, 0, 0, 0, 2
"c:\Users\MSI SWORD 15 A12V\source\repos\SoftWhatsAppCRMDash\SoftWhatsAppCRMDash\obj\Release\net8.0\PubTmp\Out\wwwroot\lib\highcharts\highcharts-gantt.src.js", "JavaScript", 0, 26340, 0, 0, 0, 0, 0, 0, 34059, 557, 60956
"c:\Users\MSI SWORD 15 A12V\source\repos\SoftWhatsAppCRMDash\SoftWhatsAppCRMDash\obj\Release\net8.0\PubTmp\Out\wwwroot\lib\highcharts\highcharts-gantt.src.min.js", "JavaScript", 0, 2, 0, 0, 0, 0, 0, 0, 0, 0, 2
"c:\Users\MSI SWORD 15 A12V\source\repos\SoftWhatsAppCRMDash\SoftWhatsAppCRMDash\obj\Release\net8.0\PubTmp\Out\wwwroot\lib\highcharts\highcharts-more.js", "JavaScript", 0, 2, 0, 0, 0, 0, 0, 0, 7, 0, 9
"c:\Users\MSI SWORD 15 A12V\source\repos\SoftWhatsAppCRMDash\SoftWhatsAppCRMDash\obj\Release\net8.0\PubTmp\Out\wwwroot\lib\highcharts\highcharts-more.min.js", "JavaScript", 0, 1, 0, 0, 0, 0, 0, 0, 0, 0, 1
"c:\Users\MSI SWORD 15 A12V\source\repos\SoftWhatsAppCRMDash\SoftWhatsAppCRMDash\obj\Release\net8.0\PubTmp\Out\wwwroot\lib\highcharts\highcharts-more.src.js", "JavaScript", 0, 6165, 0, 0, 0, 0, 0, 0, 5910, 261, 12336
"c:\Users\MSI SWORD 15 A12V\source\repos\SoftWhatsAppCRMDash\SoftWhatsAppCRMDash\obj\Release\net8.0\PubTmp\Out\wwwroot\lib\highcharts\highcharts-more.src.min.js", "JavaScript", 0, 1, 0, 0, 0, 0, 0, 0, 0, 0, 1
"c:\Users\MSI SWORD 15 A12V\source\repos\SoftWhatsAppCRMDash\SoftWhatsAppCRMDash\obj\Release\net8.0\PubTmp\Out\wwwroot\lib\highcharts\highcharts.js", "JavaScript", 0, 3, 0, 0, 0, 0, 0, 0, 6, 0, 9
"c:\Users\MSI SWORD 15 A12V\source\repos\SoftWhatsAppCRMDash\SoftWhatsAppCRMDash\obj\Release\net8.0\PubTmp\Out\wwwroot\lib\highcharts\highcharts.min.js", "JavaScript", 0, 2, 0, 0, 0, 0, 0, 0, 0, 0, 2
"c:\Users\MSI SWORD 15 A12V\source\repos\SoftWhatsAppCRMDash\SoftWhatsAppCRMDash\obj\Release\net8.0\PubTmp\Out\wwwroot\lib\highcharts\highcharts.src.js", "JavaScript", 0, 18630, 0, 0, 0, 0, 0, 0, 27732, 355, 46717
"c:\Users\MSI SWORD 15 A12V\source\repos\SoftWhatsAppCRMDash\SoftWhatsAppCRMDash\obj\Release\net8.0\PubTmp\Out\wwwroot\lib\highcharts\highcharts.src.min.js", "JavaScript", 0, 2, 0, 0, 0, 0, 0, 0, 0, 0, 2
"c:\Users\MSI SWORD 15 A12V\source\repos\SoftWhatsAppCRMDash\SoftWhatsAppCRMDash\obj\Release\net8.0\PubTmp\Out\wwwroot\lib\highcharts\highmaps.js", "JavaScript", 0, 4, 0, 0, 0, 0, 0, 0, 12, 0, 16
"c:\Users\MSI SWORD 15 A12V\source\repos\SoftWhatsAppCRMDash\SoftWhatsAppCRMDash\obj\Release\net8.0\PubTmp\Out\wwwroot\lib\highcharts\highmaps.min.js", "JavaScript", 0, 2, 0, 0, 0, 0, 0, 0, 0, 0, 2
"c:\Users\MSI SWORD 15 A12V\source\repos\SoftWhatsAppCRMDash\SoftWhatsAppCRMDash\obj\Release\net8.0\PubTmp\Out\wwwroot\lib\highcharts\highmaps.src.js", "JavaScript", 0, 23428, 0, 0, 0, 0, 0, 0, 33795, 572, 57795
"c:\Users\MSI SWORD 15 A12V\source\repos\SoftWhatsAppCRMDash\SoftWhatsAppCRMDash\obj\Release\net8.0\PubTmp\Out\wwwroot\lib\highcharts\highmaps.src.min.js", "JavaScript", 0, 2, 0, 0, 0, 0, 0, 0, 0, 0, 2
"c:\Users\MSI SWORD 15 A12V\source\repos\SoftWhatsAppCRMDash\SoftWhatsAppCRMDash\obj\Release\net8.0\PubTmp\Out\wwwroot\lib\highcharts\highstock.js", "JavaScript", 0, 4, 0, 0, 0, 0, 0, 0, 12, 0, 16
"c:\Users\MSI SWORD 15 A12V\source\repos\SoftWhatsAppCRMDash\SoftWhatsAppCRMDash\obj\Release\net8.0\PubTmp\Out\wwwroot\lib\highcharts\highstock.min.js", "JavaScript", 0, 2, 0, 0, 0, 0, 0, 0, 0, 0, 2
"c:\Users\MSI SWORD 15 A12V\source\repos\SoftWhatsAppCRMDash\SoftWhatsAppCRMDash\obj\Release\net8.0\PubTmp\Out\wwwroot\lib\highcharts\highstock.src.js", "JavaScript", 0, 25329, 0, 0, 0, 0, 0, 0, 33652, 576, 59557
"c:\Users\MSI SWORD 15 A12V\source\repos\SoftWhatsAppCRMDash\SoftWhatsAppCRMDash\obj\Release\net8.0\PubTmp\Out\wwwroot\lib\highcharts\highstock.src.min.js", "JavaScript", 0, 2, 0, 0, 0, 0, 0, 0, 0, 0, 2
"c:\Users\MSI SWORD 15 A12V\source\repos\SoftWhatsAppCRMDash\SoftWhatsAppCRMDash\obj\Release\net8.0\PubTmp\Out\wwwroot\lib\highcharts\indicators\acceleration-bands.js", "JavaScript", 0, 2, 0, 0, 0, 0, 0, 0, 10, 0, 12
"c:\Users\MSI SWORD 15 A12V\source\repos\SoftWhatsAppCRMDash\SoftWhatsAppCRMDash\obj\Release\net8.0\PubTmp\Out\wwwroot\lib\highcharts\indicators\acceleration-bands.min.js", "JavaScript", 0, 1, 0, 0, 0, 0, 0, 0, 0, 0, 1
"c:\Users\MSI SWORD 15 A12V\source\repos\SoftWhatsAppCRMDash\SoftWhatsAppCRMDash\obj\Release\net8.0\PubTmp\Out\wwwroot\lib\highcharts\indicators\acceleration-bands.src.js", "JavaScript", 0, 331, 0, 0, 0, 0, 0, 0, 275, 23, 629
"c:\Users\MSI SWORD 15 A12V\source\repos\SoftWhatsAppCRMDash\SoftWhatsAppCRMDash\obj\Release\net8.0\PubTmp\Out\wwwroot\lib\highcharts\indicators\acceleration-bands.src.min.js", "JavaScript", 0, 1, 0, 0, 0, 0, 0, 0, 0, 0, 1
"c:\Users\MSI SWORD 15 A12V\source\repos\SoftWhatsAppCRMDash\SoftWhatsAppCRMDash\obj\Release\net8.0\PubTmp\Out\wwwroot\lib\highcharts\indicators\accumulation-distribution.js", "JavaScript", 0, 2, 0, 0, 0, 0, 0, 0, 10, 0, 12
"c:\Users\MSI SWORD 15 A12V\source\repos\SoftWhatsAppCRMDash\SoftWhatsAppCRMDash\obj\Release\net8.0\PubTmp\Out\wwwroot\lib\highcharts\indicators\accumulation-distribution.min.js", "JavaScript", 0, 1, 0, 0, 0, 0, 0, 0, 0, 0, 1
"c:\Users\MSI SWORD 15 A12V\source\repos\SoftWhatsAppCRMDash\SoftWhatsAppCRMDash\obj\Release\net8.0\PubTmp\Out\wwwroot\lib\highcharts\indicators\accumulation-distribution.src.js", "JavaScript", 0, 138, 0, 0, 0, 0, 0, 0, 109, 18, 265
"c:\Users\MSI SWORD 15 A12V\source\repos\SoftWhatsAppCRMDash\SoftWhatsAppCRMDash\obj\Release\net8.0\PubTmp\Out\wwwroot\lib\highcharts\indicators\accumulation-distribution.src.min.js", "JavaScript", 0, 1, 0, 0, 0, 0, 0, 0, 0, 0, 1
"c:\Users\MSI SWORD 15 A12V\source\repos\SoftWhatsAppCRMDash\SoftWhatsAppCRMDash\obj\Release\net8.0\PubTmp\Out\wwwroot\lib\highcharts\indicators\ao.js", "JavaScript", 0, 2, 0, 0, 0, 0, 0, 0, 10, 0, 12
"c:\Users\MSI SWORD 15 A12V\source\repos\SoftWhatsAppCRMDash\SoftWhatsAppCRMDash\obj\Release\net8.0\PubTmp\Out\wwwroot\lib\highcharts\indicators\ao.min.js", "JavaScript", 0, 1, 0, 0, 0, 0, 0, 0, 0, 0, 1
"c:\Users\MSI SWORD 15 A12V\source\repos\SoftWhatsAppCRMDash\SoftWhatsAppCRMDash\obj\Release\net8.0\PubTmp\Out\wwwroot\lib\highcharts\indicators\ao.src.js", "JavaScript", 0, 181, 0, 0, 0, 0, 0, 0, 121, 19, 321
"c:\Users\MSI SWORD 15 A12V\source\repos\SoftWhatsAppCRMDash\SoftWhatsAppCRMDash\obj\Release\net8.0\PubTmp\Out\wwwroot\lib\highcharts\indicators\ao.src.min.js", "JavaScript", 0, 1, 0, 0, 0, 0, 0, 0, 0, 0, 1
"c:\Users\MSI SWORD 15 A12V\source\repos\SoftWhatsAppCRMDash\SoftWhatsAppCRMDash\obj\Release\net8.0\PubTmp\Out\wwwroot\lib\highcharts\indicators\apo.js", "JavaScript", 0, 2, 0, 0, 0, 0, 0, 0, 10, 0, 12
"c:\Users\MSI SWORD 15 A12V\source\repos\SoftWhatsAppCRMDash\SoftWhatsAppCRMDash\obj\Release\net8.0\PubTmp\Out\wwwroot\lib\highcharts\indicators\apo.min.js", "JavaScript", 0, 1, 0, 0, 0, 0, 0, 0, 0, 0, 1
"c:\Users\MSI SWORD 15 A12V\source\repos\SoftWhatsAppCRMDash\SoftWhatsAppCRMDash\obj\Release\net8.0\PubTmp\Out\wwwroot\lib\highcharts\indicators\apo.src.js", "JavaScript", 0, 135, 0, 0, 0, 0, 0, 0, 115, 18, 268
"c:\Users\MSI SWORD 15 A12V\source\repos\SoftWhatsAppCRMDash\SoftWhatsAppCRMDash\obj\Release\net8.0\PubTmp\Out\wwwroot\lib\highcharts\indicators\apo.src.min.js", "JavaScript", 0, 1, 0, 0, 0, 0, 0, 0, 0, 0, 1
"c:\Users\MSI SWORD 15 A12V\source\repos\SoftWhatsAppCRMDash\SoftWhatsAppCRMDash\obj\Release\net8.0\PubTmp\Out\wwwroot\lib\highcharts\indicators\aroon-oscillator.js", "JavaScript", 0, 2, 0, 0, 0, 0, 0, 0, 10, 0, 12
"c:\Users\MSI SWORD 15 A12V\source\repos\SoftWhatsAppCRMDash\SoftWhatsAppCRMDash\obj\Release\net8.0\PubTmp\Out\wwwroot\lib\highcharts\indicators\aroon-oscillator.min.js", "JavaScript", 0, 1, 0, 0, 0, 0, 0, 0, 0, 0, 1
"c:\Users\MSI SWORD 15 A12V\source\repos\SoftWhatsAppCRMDash\SoftWhatsAppCRMDash\obj\Release\net8.0\PubTmp\Out\wwwroot\lib\highcharts\indicators\aroon-oscillator.src.js", "JavaScript", 0, 269, 0, 0, 0, 0, 0, 0, 232, 23, 524
"c:\Users\MSI SWORD 15 A12V\source\repos\SoftWhatsAppCRMDash\SoftWhatsAppCRMDash\obj\Release\net8.0\PubTmp\Out\wwwroot\lib\highcharts\indicators\aroon-oscillator.src.min.js", "JavaScript", 0, 1, 0, 0, 0, 0, 0, 0, 0, 0, 1
"c:\Users\MSI SWORD 15 A12V\source\repos\SoftWhatsAppCRMDash\SoftWhatsAppCRMDash\obj\Release\net8.0\PubTmp\Out\wwwroot\lib\highcharts\indicators\aroon.js", "JavaScript", 0, 2, 0, 0, 0, 0, 0, 0, 10, 0, 12
"c:\Users\MSI SWORD 15 A12V\source\repos\SoftWhatsAppCRMDash\SoftWhatsAppCRMDash\obj\Release\net8.0\PubTmp\Out\wwwroot\lib\highcharts\indicators\aroon.min.js", "JavaScript", 0, 1, 0, 0, 0, 0, 0, 0, 0, 0, 1
"c:\Users\MSI SWORD 15 A12V\source\repos\SoftWhatsAppCRMDash\SoftWhatsAppCRMDash\obj\Release\net8.0\PubTmp\Out\wwwroot\lib\highcharts\indicators\aroon.src.js", "JavaScript", 0, 305, 0, 0, 0, 0, 0, 0, 261, 23, 589
"c:\Users\MSI SWORD 15 A12V\source\repos\SoftWhatsAppCRMDash\SoftWhatsAppCRMDash\obj\Release\net8.0\PubTmp\Out\wwwroot\lib\highcharts\indicators\aroon.src.min.js", "JavaScript", 0, 1, 0, 0, 0, 0, 0, 0, 0, 0, 1
"c:\Users\MSI SWORD 15 A12V\source\repos\SoftWhatsAppCRMDash\SoftWhatsAppCRMDash\obj\Release\net8.0\PubTmp\Out\wwwroot\lib\highcharts\indicators\atr.js", "JavaScript", 0, 2, 0, 0, 0, 0, 0, 0, 10, 0, 12
"c:\Users\MSI SWORD 15 A12V\source\repos\SoftWhatsAppCRMDash\SoftWhatsAppCRMDash\obj\Release\net8.0\PubTmp\Out\wwwroot\lib\highcharts\indicators\atr.min.js", "JavaScript", 0, 1, 0, 0, 0, 0, 0, 0, 0, 0, 1
"c:\Users\MSI SWORD 15 A12V\source\repos\SoftWhatsAppCRMDash\SoftWhatsAppCRMDash\obj\Release\net8.0\PubTmp\Out\wwwroot\lib\highcharts\indicators\atr.src.js", "JavaScript", 0, 143, 0, 0, 0, 0, 0, 0, 110, 18, 271
"c:\Users\MSI SWORD 15 A12V\source\repos\SoftWhatsAppCRMDash\SoftWhatsAppCRMDash\obj\Release\net8.0\PubTmp\Out\wwwroot\lib\highcharts\indicators\atr.src.min.js", "JavaScript", 0, 1, 0, 0, 0, 0, 0, 0, 0, 0, 1
"c:\Users\MSI SWORD 15 A12V\source\repos\SoftWhatsAppCRMDash\SoftWhatsAppCRMDash\obj\Release\net8.0\PubTmp\Out\wwwroot\lib\highcharts\indicators\bollinger-bands.js", "JavaScript", 0, 2, 0, 0, 0, 0, 0, 0, 10, 0, 12
"c:\Users\MSI SWORD 15 A12V\source\repos\SoftWhatsAppCRMDash\SoftWhatsAppCRMDash\obj\Release\net8.0\PubTmp\Out\wwwroot\lib\highcharts\indicators\bollinger-bands.min.js", "JavaScript", 0, 1, 0, 0, 0, 0, 0, 0, 0, 0, 1
"c:\Users\MSI SWORD 15 A12V\source\repos\SoftWhatsAppCRMDash\SoftWhatsAppCRMDash\obj\Release\net8.0\PubTmp\Out\wwwroot\lib\highcharts\indicators\bollinger-bands.src.js", "JavaScript", 0, 331, 0, 0, 0, 0, 0, 0, 281, 23, 635
"c:\Users\MSI SWORD 15 A12V\source\repos\SoftWhatsAppCRMDash\SoftWhatsAppCRMDash\obj\Release\net8.0\PubTmp\Out\wwwroot\lib\highcharts\indicators\bollinger-bands.src.min.js", "JavaScript", 0, 1, 0, 0, 0, 0, 0, 0, 0, 0, 1
"c:\Users\MSI SWORD 15 A12V\source\repos\SoftWhatsAppCRMDash\SoftWhatsAppCRMDash\obj\Release\net8.0\PubTmp\Out\wwwroot\lib\highcharts\indicators\cci.js", "JavaScript", 0, 2, 0, 0, 0, 0, 0, 0, 10, 0, 12
"c:\Users\MSI SWORD 15 A12V\source\repos\SoftWhatsAppCRMDash\SoftWhatsAppCRMDash\obj\Release\net8.0\PubTmp\Out\wwwroot\lib\highcharts\indicators\cci.min.js", "JavaScript", 0, 1, 0, 0, 0, 0, 0, 0, 0, 0, 1
"c:\Users\MSI SWORD 15 A12V\source\repos\SoftWhatsAppCRMDash\SoftWhatsAppCRMDash\obj\Release\net8.0\PubTmp\Out\wwwroot\lib\highcharts\indicators\cci.src.js", "JavaScript", 0, 140, 0, 0, 0, 0, 0, 0, 108, 18, 266
"c:\Users\MSI SWORD 15 A12V\source\repos\SoftWhatsAppCRMDash\SoftWhatsAppCRMDash\obj\Release\net8.0\PubTmp\Out\wwwroot\lib\highcharts\indicators\cci.src.min.js", "JavaScript", 0, 1, 0, 0, 0, 0, 0, 0, 0, 0, 1
"c:\Users\MSI SWORD 15 A12V\source\repos\SoftWhatsAppCRMDash\SoftWhatsAppCRMDash\obj\Release\net8.0\PubTmp\Out\wwwroot\lib\highcharts\indicators\chaikin.js", "JavaScript", 0, 2, 0, 0, 0, 0, 0, 0, 10, 0, 12
"c:\Users\MSI SWORD 15 A12V\source\repos\SoftWhatsAppCRMDash\SoftWhatsAppCRMDash\obj\Release\net8.0\PubTmp\Out\wwwroot\lib\highcharts\indicators\chaikin.min.js", "JavaScript", 0, 1, 0, 0, 0, 0, 0, 0, 0, 0, 1
"c:\Users\MSI SWORD 15 A12V\source\repos\SoftWhatsAppCRMDash\SoftWhatsAppCRMDash\obj\Release\net8.0\PubTmp\Out\wwwroot\lib\highcharts\indicators\chaikin.src.js", "JavaScript", 0, 197, 0, 0, 0, 0, 0, 0, 211, 22, 430
"c:\Users\MSI SWORD 15 A12V\source\repos\SoftWhatsAppCRMDash\SoftWhatsAppCRMDash\obj\Release\net8.0\PubTmp\Out\wwwroot\lib\highcharts\indicators\chaikin.src.min.js", "JavaScript", 0, 1, 0, 0, 0, 0, 0, 0, 0, 0, 1
"c:\Users\MSI SWORD 15 A12V\source\repos\SoftWhatsAppCRMDash\SoftWhatsAppCRMDash\obj\Release\net8.0\PubTmp\Out\wwwroot\lib\highcharts\indicators\cmf.js", "JavaScript", 0, 2, 0, 0, 0, 0, 0, 0, 9, 0, 11
"c:\Users\MSI SWORD 15 A12V\source\repos\SoftWhatsAppCRMDash\SoftWhatsAppCRMDash\obj\Release\net8.0\PubTmp\Out\wwwroot\lib\highcharts\indicators\cmf.min.js", "JavaScript", 0, 1, 0, 0, 0, 0, 0, 0, 0, 0, 1
"c:\Users\MSI SWORD 15 A12V\source\repos\SoftWhatsAppCRMDash\SoftWhatsAppCRMDash\obj\Release\net8.0\PubTmp\Out\wwwroot\lib\highcharts\indicators\cmf.src.js", "JavaScript", 0, 170, 0, 0, 0, 0, 0, 0, 170, 18, 358
"c:\Users\MSI SWORD 15 A12V\source\repos\SoftWhatsAppCRMDash\SoftWhatsAppCRMDash\obj\Release\net8.0\PubTmp\Out\wwwroot\lib\highcharts\indicators\cmf.src.min.js", "JavaScript", 0, 1, 0, 0, 0, 0, 0, 0, 0, 0, 1
"c:\Users\MSI SWORD 15 A12V\source\repos\SoftWhatsAppCRMDash\SoftWhatsAppCRMDash\obj\Release\net8.0\PubTmp\Out\wwwroot\lib\highcharts\indicators\cmo.js", "JavaScript", 0, 2, 0, 0, 0, 0, 0, 0, 10, 0, 12
"c:\Users\MSI SWORD 15 A12V\source\repos\SoftWhatsAppCRMDash\SoftWhatsAppCRMDash\obj\Release\net8.0\PubTmp\Out\wwwroot\lib\highcharts\indicators\cmo.min.js", "JavaScript", 0, 1, 0, 0, 0, 0, 0, 0, 0, 0, 1
"c:\Users\MSI SWORD 15 A12V\source\repos\SoftWhatsAppCRMDash\SoftWhatsAppCRMDash\obj\Release\net8.0\PubTmp\Out\wwwroot\lib\highcharts\indicators\cmo.src.js", "JavaScript", 0, 156, 0, 0, 0, 0, 0, 0, 103, 18, 277
"c:\Users\MSI SWORD 15 A12V\source\repos\SoftWhatsAppCRMDash\SoftWhatsAppCRMDash\obj\Release\net8.0\PubTmp\Out\wwwroot\lib\highcharts\indicators\cmo.src.min.js", "JavaScript", 0, 1, 0, 0, 0, 0, 0, 0, 0, 0, 1
"c:\Users\MSI SWORD 15 A12V\source\repos\SoftWhatsAppCRMDash\SoftWhatsAppCRMDash\obj\Release\net8.0\PubTmp\Out\wwwroot\lib\highcharts\indicators\dema.js", "JavaScript", 0, 2, 0, 0, 0, 0, 0, 0, 10, 0, 12
"c:\Users\MSI SWORD 15 A12V\source\repos\SoftWhatsAppCRMDash\SoftWhatsAppCRMDash\obj\Release\net8.0\PubTmp\Out\wwwroot\lib\highcharts\indicators\dema.min.js", "JavaScript", 0, 1, 0, 0, 0, 0, 0, 0, 0, 0, 1
"c:\Users\MSI SWORD 15 A12V\source\repos\SoftWhatsAppCRMDash\SoftWhatsAppCRMDash\obj\Release\net8.0\PubTmp\Out\wwwroot\lib\highcharts\indicators\dema.src.js", "JavaScript", 0, 143, 0, 0, 0, 0, 0, 0, 110, 18, 271
"c:\Users\MSI SWORD 15 A12V\source\repos\SoftWhatsAppCRMDash\SoftWhatsAppCRMDash\obj\Release\net8.0\PubTmp\Out\wwwroot\lib\highcharts\indicators\dema.src.min.js", "JavaScript", 0, 1, 0, 0, 0, 0, 0, 0, 0, 0, 1
"c:\Users\MSI SWORD 15 A12V\source\repos\SoftWhatsAppCRMDash\SoftWhatsAppCRMDash\obj\Release\net8.0\PubTmp\Out\wwwroot\lib\highcharts\indicators\disparity-index.js", "JavaScript", 0, 2, 0, 0, 0, 0, 0, 0, 10, 0, 12
"c:\Users\MSI SWORD 15 A12V\source\repos\SoftWhatsAppCRMDash\SoftWhatsAppCRMDash\obj\Release\net8.0\PubTmp\Out\wwwroot\lib\highcharts\indicators\disparity-index.min.js", "JavaScript", 0, 1, 0, 0, 0, 0, 0, 0, 0, 0, 1
"c:\Users\MSI SWORD 15 A12V\source\repos\SoftWhatsAppCRMDash\SoftWhatsAppCRMDash\obj\Release\net8.0\PubTmp\Out\wwwroot\lib\highcharts\indicators\disparity-index.src.js", "JavaScript", 0, 141, 0, 0, 0, 0, 0, 0, 115, 18, 274
"c:\Users\MSI SWORD 15 A12V\source\repos\SoftWhatsAppCRMDash\SoftWhatsAppCRMDash\obj\Release\net8.0\PubTmp\Out\wwwroot\lib\highcharts\indicators\disparity-index.src.min.js", "JavaScript", 0, 1, 0, 0, 0, 0, 0, 0, 0, 0, 1
"c:\Users\MSI SWORD 15 A12V\source\repos\SoftWhatsAppCRMDash\SoftWhatsAppCRMDash\obj\Release\net8.0\PubTmp\Out\wwwroot\lib\highcharts\indicators\dmi.js", "JavaScript", 0, 2, 0, 0, 0, 0, 0, 0, 10, 0, 12
"c:\Users\MSI SWORD 15 A12V\source\repos\SoftWhatsAppCRMDash\SoftWhatsAppCRMDash\obj\Release\net8.0\PubTmp\Out\wwwroot\lib\highcharts\indicators\dmi.min.js", "JavaScript", 0, 1, 0, 0, 0, 0, 0, 0, 0, 0, 1
"c:\Users\MSI SWORD 15 A12V\source\repos\SoftWhatsAppCRMDash\SoftWhatsAppCRMDash\obj\Release\net8.0\PubTmp\Out\wwwroot\lib\highcharts\indicators\dmi.src.js", "JavaScript", 0, 363, 0, 0, 0, 0, 0, 0, 275, 23, 661
"c:\Users\MSI SWORD 15 A12V\source\repos\SoftWhatsAppCRMDash\SoftWhatsAppCRMDash\obj\Release\net8.0\PubTmp\Out\wwwroot\lib\highcharts\indicators\dmi.src.min.js", "JavaScript", 0, 1, 0, 0, 0, 0, 0, 0, 0, 0, 1
"c:\Users\MSI SWORD 15 A12V\source\repos\SoftWhatsAppCRMDash\SoftWhatsAppCRMDash\obj\Release\net8.0\PubTmp\Out\wwwroot\lib\highcharts\indicators\dpo.js", "JavaScript", 0, 2, 0, 0, 0, 0, 0, 0, 10, 0, 12
"c:\Users\MSI SWORD 15 A12V\source\repos\SoftWhatsAppCRMDash\SoftWhatsAppCRMDash\obj\Release\net8.0\PubTmp\Out\wwwroot\lib\highcharts\indicators\dpo.min.js", "JavaScript", 0, 1, 0, 0, 0, 0, 0, 0, 0, 0, 1
"c:\Users\MSI SWORD 15 A12V\source\repos\SoftWhatsAppCRMDash\SoftWhatsAppCRMDash\obj\Release\net8.0\PubTmp\Out\wwwroot\lib\highcharts\indicators\dpo.src.js", "JavaScript", 0, 134, 0, 0, 0, 0, 0, 0, 120, 18, 272
"c:\Users\MSI SWORD 15 A12V\source\repos\SoftWhatsAppCRMDash\SoftWhatsAppCRMDash\obj\Release\net8.0\PubTmp\Out\wwwroot\lib\highcharts\indicators\dpo.src.min.js", "JavaScript", 0, 1, 0, 0, 0, 0, 0, 0, 0, 0, 1
"c:\Users\MSI SWORD 15 A12V\source\repos\SoftWhatsAppCRMDash\SoftWhatsAppCRMDash\obj\Release\net8.0\PubTmp\Out\wwwroot\lib\highcharts\indicators\ema.js", "JavaScript", 0, 1, 0, 0, 0, 0, 0, 0, 0, 0, 1
"c:\Users\MSI SWORD 15 A12V\source\repos\SoftWhatsAppCRMDash\SoftWhatsAppCRMDash\obj\Release\net8.0\PubTmp\Out\wwwroot\lib\highcharts\indicators\ema.min.js", "JavaScript", 0, 1, 0, 0, 0, 0, 0, 0, 0, 0, 1
"c:\Users\MSI SWORD 15 A12V\source\repos\SoftWhatsAppCRMDash\SoftWhatsAppCRMDash\obj\Release\net8.0\PubTmp\Out\wwwroot\lib\highcharts\indicators\ema.src.js", "JavaScript", 0, 76, 0, 0, 0, 0, 0, 0, 17, 7, 100
"c:\Users\MSI SWORD 15 A12V\source\repos\SoftWhatsAppCRMDash\SoftWhatsAppCRMDash\obj\Release\net8.0\PubTmp\Out\wwwroot\lib\highcharts\indicators\ema.src.min.js", "JavaScript", 0, 1, 0, 0, 0, 0, 0, 0, 0, 0, 1
"c:\Users\MSI SWORD 15 A12V\source\repos\SoftWhatsAppCRMDash\SoftWhatsAppCRMDash\obj\Release\net8.0\PubTmp\Out\wwwroot\lib\highcharts\indicators\ichimoku-kinko-hyo.js", "JavaScript", 0, 2, 0, 0, 0, 0, 0, 0, 10, 0, 12
"c:\Users\MSI SWORD 15 A12V\source\repos\SoftWhatsAppCRMDash\SoftWhatsAppCRMDash\obj\Release\net8.0\PubTmp\Out\wwwroot\lib\highcharts\indicators\ichimoku-kinko-hyo.min.js", "JavaScript", 0, 1, 0, 0, 0, 0, 0, 0, 0, 0, 1
"c:\Users\MSI SWORD 15 A12V\source\repos\SoftWhatsAppCRMDash\SoftWhatsAppCRMDash\obj\Release\net8.0\PubTmp\Out\wwwroot\lib\highcharts\indicators\ichimoku-kinko-hyo.src.js", "JavaScript", 0, 532, 0, 0, 0, 0, 0, 0, 278, 26, 836
"c:\Users\MSI SWORD 15 A12V\source\repos\SoftWhatsAppCRMDash\SoftWhatsAppCRMDash\obj\Release\net8.0\PubTmp\Out\wwwroot\lib\highcharts\indicators\ichimoku-kinko-hyo.src.min.js", "JavaScript", 0, 1, 0, 0, 0, 0, 0, 0, 0, 0, 1
"c:\Users\MSI SWORD 15 A12V\source\repos\SoftWhatsAppCRMDash\SoftWhatsAppCRMDash\obj\Release\net8.0\PubTmp\Out\wwwroot\lib\highcharts\indicators\indicators-all.js", "JavaScript", 0, 2, 0, 0, 0, 0, 0, 0, 10, 0, 12
"c:\Users\MSI SWORD 15 A12V\source\repos\SoftWhatsAppCRMDash\SoftWhatsAppCRMDash\obj\Release\net8.0\PubTmp\Out\wwwroot\lib\highcharts\indicators\indicators-all.min.js", "JavaScript", 0, 1, 0, 0, 0, 0, 0, 0, 0, 0, 1
"c:\Users\MSI SWORD 15 A12V\source\repos\SoftWhatsAppCRMDash\SoftWhatsAppCRMDash\obj\Release\net8.0\PubTmp\Out\wwwroot\lib\highcharts\indicators\indicators-all.src.js", "JavaScript", 0, 4932, 0, 0, 0, 0, 0, 0, 5417, 299, 10648
"c:\Users\MSI SWORD 15 A12V\source\repos\SoftWhatsAppCRMDash\SoftWhatsAppCRMDash\obj\Release\net8.0\PubTmp\Out\wwwroot\lib\highcharts\indicators\indicators-all.src.min.js", "JavaScript", 0, 1, 0, 0, 0, 0, 0, 0, 0, 0, 1
"c:\Users\MSI SWORD 15 A12V\source\repos\SoftWhatsAppCRMDash\SoftWhatsAppCRMDash\obj\Release\net8.0\PubTmp\Out\wwwroot\lib\highcharts\indicators\indicators.js", "JavaScript", 0, 2, 0, 0, 0, 0, 0, 0, 10, 0, 12
"c:\Users\MSI SWORD 15 A12V\source\repos\SoftWhatsAppCRMDash\SoftWhatsAppCRMDash\obj\Release\net8.0\PubTmp\Out\wwwroot\lib\highcharts\indicators\indicators.min.js", "JavaScript", 0, 1, 0, 0, 0, 0, 0, 0, 0, 0, 1
"c:\Users\MSI SWORD 15 A12V\source\repos\SoftWhatsAppCRMDash\SoftWhatsAppCRMDash\obj\Release\net8.0\PubTmp\Out\wwwroot\lib\highcharts\indicators\indicators.src.js", "JavaScript", 0, 516, 0, 0, 0, 0, 0, 0, 410, 32, 958
"c:\Users\MSI SWORD 15 A12V\source\repos\SoftWhatsAppCRMDash\SoftWhatsAppCRMDash\obj\Release\net8.0\PubTmp\Out\wwwroot\lib\highcharts\indicators\indicators.src.min.js", "JavaScript", 0, 1, 0, 0, 0, 0, 0, 0, 0, 0, 1
"c:\Users\MSI SWORD 15 A12V\source\repos\SoftWhatsAppCRMDash\SoftWhatsAppCRMDash\obj\Release\net8.0\PubTmp\Out\wwwroot\lib\highcharts\indicators\keltner-channels.js", "JavaScript", 0, 2, 0, 0, 0, 0, 0, 0, 10, 0, 12
"c:\Users\MSI SWORD 15 A12V\source\repos\SoftWhatsAppCRMDash\SoftWhatsAppCRMDash\obj\Release\net8.0\PubTmp\Out\wwwroot\lib\highcharts\indicators\keltner-channels.min.js", "JavaScript", 0, 1, 0, 0, 0, 0, 0, 0, 0, 0, 1
"c:\Users\MSI SWORD 15 A12V\source\repos\SoftWhatsAppCRMDash\SoftWhatsAppCRMDash\obj\Release\net8.0\PubTmp\Out\wwwroot\lib\highcharts\indicators\keltner-channels.src.js", "JavaScript", 0, 322, 0, 0, 0, 0, 0, 0, 275, 23, 620
"c:\Users\MSI SWORD 15 A12V\source\repos\SoftWhatsAppCRMDash\SoftWhatsAppCRMDash\obj\Release\net8.0\PubTmp\Out\wwwroot\lib\highcharts\indicators\keltner-channels.src.min.js", "JavaScript", 0, 1, 0, 0, 0, 0, 0, 0, 0, 0, 1
"c:\Users\MSI SWORD 15 A12V\source\repos\SoftWhatsAppCRMDash\SoftWhatsAppCRMDash\obj\Release\net8.0\PubTmp\Out\wwwroot\lib\highcharts\indicators\klinger.js", "JavaScript", 0, 2, 0, 0, 0, 0, 0, 0, 10, 0, 12
"c:\Users\MSI SWORD 15 A12V\source\repos\SoftWhatsAppCRMDash\SoftWhatsAppCRMDash\obj\Release\net8.0\PubTmp\Out\wwwroot\lib\highcharts\indicators\klinger.min.js", "JavaScript", 0, 1, 0, 0, 0, 0, 0, 0, 0, 0, 1
"c:\Users\MSI SWORD 15 A12V\source\repos\SoftWhatsAppCRMDash\SoftWhatsAppCRMDash\obj\Release\net8.0\PubTmp\Out\wwwroot\lib\highcharts\indicators\klinger.src.js", "JavaScript", 0, 364, 0, 0, 0, 0, 0, 0, 266, 23, 653
"c:\Users\MSI SWORD 15 A12V\source\repos\SoftWhatsAppCRMDash\SoftWhatsAppCRMDash\obj\Release\net8.0\PubTmp\Out\wwwroot\lib\highcharts\indicators\klinger.src.min.js", "JavaScript", 0, 1, 0, 0, 0, 0, 0, 0, 0, 0, 1
"c:\Users\MSI SWORD 15 A12V\source\repos\SoftWhatsAppCRMDash\SoftWhatsAppCRMDash\obj\Release\net8.0\PubTmp\Out\wwwroot\lib\highcharts\indicators\macd.js", "JavaScript", 0, 2, 0, 0, 0, 0, 0, 0, 10, 0, 12
"c:\Users\MSI SWORD 15 A12V\source\repos\SoftWhatsAppCRMDash\SoftWhatsAppCRMDash\obj\Release\net8.0\PubTmp\Out\wwwroot\lib\highcharts\indicators\macd.min.js", "JavaScript", 0, 1, 0, 0, 0, 0, 0, 0, 0, 0, 1
"c:\Users\MSI SWORD 15 A12V\source\repos\SoftWhatsAppCRMDash\SoftWhatsAppCRMDash\obj\Release\net8.0\PubTmp\Out\wwwroot\lib\highcharts\indicators\macd.src.js", "JavaScript", 0, 311, 0, 0, 0, 0, 0, 0, 166, 19, 496
"c:\Users\MSI SWORD 15 A12V\source\repos\SoftWhatsAppCRMDash\SoftWhatsAppCRMDash\obj\Release\net8.0\PubTmp\Out\wwwroot\lib\highcharts\indicators\macd.src.min.js", "JavaScript", 0, 1, 0, 0, 0, 0, 0, 0, 0, 0, 1
"c:\Users\MSI SWORD 15 A12V\source\repos\SoftWhatsAppCRMDash\SoftWhatsAppCRMDash\obj\Release\net8.0\PubTmp\Out\wwwroot\lib\highcharts\indicators\mfi.js", "JavaScript", 0, 2, 0, 0, 0, 0, 0, 0, 10, 0, 12
"c:\Users\MSI SWORD 15 A12V\source\repos\SoftWhatsAppCRMDash\SoftWhatsAppCRMDash\obj\Release\net8.0\PubTmp\Out\wwwroot\lib\highcharts\indicators\mfi.min.js", "JavaScript", 0, 1, 0, 0, 0, 0, 0, 0, 0, 0, 1
"c:\Users\MSI SWORD 15 A12V\source\repos\SoftWhatsAppCRMDash\SoftWhatsAppCRMDash\obj\Release\net8.0\PubTmp\Out\wwwroot\lib\highcharts\indicators\mfi.src.js", "JavaScript", 0, 165, 0, 0, 0, 0, 0, 0, 138, 18, 321
"c:\Users\MSI SWORD 15 A12V\source\repos\SoftWhatsAppCRMDash\SoftWhatsAppCRMDash\obj\Release\net8.0\PubTmp\Out\wwwroot\lib\highcharts\indicators\mfi.src.min.js", "JavaScript", 0, 1, 0, 0, 0, 0, 0, 0, 0, 0, 1
"c:\Users\MSI SWORD 15 A12V\source\repos\SoftWhatsAppCRMDash\SoftWhatsAppCRMDash\obj\Release\net8.0\PubTmp\Out\wwwroot\lib\highcharts\indicators\momentum.js", "JavaScript", 0, 2, 0, 0, 0, 0, 0, 0, 10, 0, 12
"c:\Users\MSI SWORD 15 A12V\source\repos\SoftWhatsAppCRMDash\SoftWhatsAppCRMDash\obj\Release\net8.0\PubTmp\Out\wwwroot\lib\highcharts\indicators\momentum.min.js", "JavaScript", 0, 1, 0, 0, 0, 0, 0, 0, 0, 0, 1
"c:\Users\MSI SWORD 15 A12V\source\repos\SoftWhatsAppCRMDash\SoftWhatsAppCRMDash\obj\Release\net8.0\PubTmp\Out\wwwroot\lib\highcharts\indicators\momentum.src.js", "JavaScript", 0, 128, 0, 0, 0, 0, 0, 0, 101, 18, 247
"c:\Users\MSI SWORD 15 A12V\source\repos\SoftWhatsAppCRMDash\SoftWhatsAppCRMDash\obj\Release\net8.0\PubTmp\Out\wwwroot\lib\highcharts\indicators\momentum.src.min.js", "JavaScript", 0, 1, 0, 0, 0, 0, 0, 0, 0, 0, 1
"c:\Users\MSI SWORD 15 A12V\source\repos\SoftWhatsAppCRMDash\SoftWhatsAppCRMDash\obj\Release\net8.0\PubTmp\Out\wwwroot\lib\highcharts\indicators\natr.js", "JavaScript", 0, 2, 0, 0, 0, 0, 0, 0, 10, 0, 12
"c:\Users\MSI SWORD 15 A12V\source\repos\SoftWhatsAppCRMDash\SoftWhatsAppCRMDash\obj\Release\net8.0\PubTmp\Out\wwwroot\lib\highcharts\indicators\natr.min.js", "JavaScript", 0, 1, 0, 0, 0, 0, 0, 0, 0, 0, 1
"c:\Users\MSI SWORD 15 A12V\source\repos\SoftWhatsAppCRMDash\SoftWhatsAppCRMDash\obj\Release\net8.0\PubTmp\Out\wwwroot\lib\highcharts\indicators\natr.src.js", "JavaScript", 0, 109, 0, 0, 0, 0, 0, 0, 94, 18, 221
"c:\Users\MSI SWORD 15 A12V\source\repos\SoftWhatsAppCRMDash\SoftWhatsAppCRMDash\obj\Release\net8.0\PubTmp\Out\wwwroot\lib\highcharts\indicators\natr.src.min.js", "JavaScript", 0, 1, 0, 0, 0, 0, 0, 0, 0, 0, 1
"c:\Users\MSI SWORD 15 A12V\source\repos\SoftWhatsAppCRMDash\SoftWhatsAppCRMDash\obj\Release\net8.0\PubTmp\Out\wwwroot\lib\highcharts\indicators\obv.js", "JavaScript", 0, 2, 0, 0, 0, 0, 0, 0, 10, 0, 12
"c:\Users\MSI SWORD 15 A12V\source\repos\SoftWhatsAppCRMDash\SoftWhatsAppCRMDash\obj\Release\net8.0\PubTmp\Out\wwwroot\lib\highcharts\indicators\obv.min.js", "JavaScript", 0, 1, 0, 0, 0, 0, 0, 0, 0, 0, 1
"c:\Users\MSI SWORD 15 A12V\source\repos\SoftWhatsAppCRMDash\SoftWhatsAppCRMDash\obj\Release\net8.0\PubTmp\Out\wwwroot\lib\highcharts\indicators\obv.src.js", "JavaScript", 0, 150, 0, 0, 0, 0, 0, 0, 109, 18, 277
"c:\Users\MSI SWORD 15 A12V\source\repos\SoftWhatsAppCRMDash\SoftWhatsAppCRMDash\obj\Release\net8.0\PubTmp\Out\wwwroot\lib\highcharts\indicators\obv.src.min.js", "JavaScript", 0, 1, 0, 0, 0, 0, 0, 0, 0, 0, 1
"c:\Users\MSI SWORD 15 A12V\source\repos\SoftWhatsAppCRMDash\SoftWhatsAppCRMDash\obj\Release\net8.0\PubTmp\Out\wwwroot\lib\highcharts\indicators\pivot-points.js", "JavaScript", 0, 2, 0, 0, 0, 0, 0, 0, 10, 0, 12
"c:\Users\MSI SWORD 15 A12V\source\repos\SoftWhatsAppCRMDash\SoftWhatsAppCRMDash\obj\Release\net8.0\PubTmp\Out\wwwroot\lib\highcharts\indicators\pivot-points.min.js", "JavaScript", 0, 1, 0, 0, 0, 0, 0, 0, 0, 0, 1
"c:\Users\MSI SWORD 15 A12V\source\repos\SoftWhatsAppCRMDash\SoftWhatsAppCRMDash\obj\Release\net8.0\PubTmp\Out\wwwroot\lib\highcharts\indicators\pivot-points.src.js", "JavaScript", 0, 300, 0, 0, 0, 0, 0, 0, 155, 22, 477
"c:\Users\MSI SWORD 15 A12V\source\repos\SoftWhatsAppCRMDash\SoftWhatsAppCRMDash\obj\Release\net8.0\PubTmp\Out\wwwroot\lib\highcharts\indicators\pivot-points.src.min.js", "JavaScript", 0, 1, 0, 0, 0, 0, 0, 0, 0, 0, 1
"c:\Users\MSI SWORD 15 A12V\source\repos\SoftWhatsAppCRMDash\SoftWhatsAppCRMDash\obj\Release\net8.0\PubTmp\Out\wwwroot\lib\highcharts\indicators\ppo.js", "JavaScript", 0, 2, 0, 0, 0, 0, 0, 0, 10, 0, 12
"c:\Users\MSI SWORD 15 A12V\source\repos\SoftWhatsAppCRMDash\SoftWhatsAppCRMDash\obj\Release\net8.0\PubTmp\Out\wwwroot\lib\highcharts\indicators\ppo.min.js", "JavaScript", 0, 1, 0, 0, 0, 0, 0, 0, 0, 0, 1
"c:\Users\MSI SWORD 15 A12V\source\repos\SoftWhatsAppCRMDash\SoftWhatsAppCRMDash\obj\Release\net8.0\PubTmp\Out\wwwroot\lib\highcharts\indicators\ppo.src.js", "JavaScript", 0, 137, 0, 0, 0, 0, 0, 0, 115, 18, 270
"c:\Users\MSI SWORD 15 A12V\source\repos\SoftWhatsAppCRMDash\SoftWhatsAppCRMDash\obj\Release\net8.0\PubTmp\Out\wwwroot\lib\highcharts\indicators\ppo.src.min.js", "JavaScript", 0, 1, 0, 0, 0, 0, 0, 0, 0, 0, 1
"c:\Users\MSI SWORD 15 A12V\source\repos\SoftWhatsAppCRMDash\SoftWhatsAppCRMDash\obj\Release\net8.0\PubTmp\Out\wwwroot\lib\highcharts\indicators\price-channel.js", "JavaScript", 0, 2, 0, 0, 0, 0, 0, 0, 10, 0, 12
"c:\Users\MSI SWORD 15 A12V\source\repos\SoftWhatsAppCRMDash\SoftWhatsAppCRMDash\obj\Release\net8.0\PubTmp\Out\wwwroot\lib\highcharts\indicators\price-channel.min.js", "JavaScript", 0, 1, 0, 0, 0, 0, 0, 0, 0, 0, 1
"c:\Users\MSI SWORD 15 A12V\source\repos\SoftWhatsAppCRMDash\SoftWhatsAppCRMDash\obj\Release\net8.0\PubTmp\Out\wwwroot\lib\highcharts\indicators\price-channel.src.js", "JavaScript", 0, 322, 0, 0, 0, 0, 0, 0, 304, 28, 654
"c:\Users\MSI SWORD 15 A12V\source\repos\SoftWhatsAppCRMDash\SoftWhatsAppCRMDash\obj\Release\net8.0\PubTmp\Out\wwwroot\lib\highcharts\indicators\price-channel.src.min.js", "JavaScript", 0, 1, 0, 0, 0, 0, 0, 0, 0, 0, 1
"c:\Users\MSI SWORD 15 A12V\source\repos\SoftWhatsAppCRMDash\SoftWhatsAppCRMDash\obj\Release\net8.0\PubTmp\Out\wwwroot\lib\highcharts\indicators\price-envelopes.js", "JavaScript", 0, 2, 0, 0, 0, 0, 0, 0, 10, 0, 12
"c:\Users\MSI SWORD 15 A12V\source\repos\SoftWhatsAppCRMDash\SoftWhatsAppCRMDash\obj\Release\net8.0\PubTmp\Out\wwwroot\lib\highcharts\indicators\price-envelopes.min.js", "JavaScript", 0, 1, 0, 0, 0, 0, 0, 0, 0, 0, 1
"c:\Users\MSI SWORD 15 A12V\source\repos\SoftWhatsAppCRMDash\SoftWhatsAppCRMDash\obj\Release\net8.0\PubTmp\Out\wwwroot\lib\highcharts\indicators\price-envelopes.src.js", "JavaScript", 0, 322, 0, 0, 0, 0, 0, 0, 263, 23, 608
"c:\Users\MSI SWORD 15 A12V\source\repos\SoftWhatsAppCRMDash\SoftWhatsAppCRMDash\obj\Release\net8.0\PubTmp\Out\wwwroot\lib\highcharts\indicators\price-envelopes.src.min.js", "JavaScript", 0, 1, 0, 0, 0, 0, 0, 0, 0, 0, 1
"c:\Users\MSI SWORD 15 A12V\source\repos\SoftWhatsAppCRMDash\SoftWhatsAppCRMDash\obj\Release\net8.0\PubTmp\Out\wwwroot\lib\highcharts\indicators\psar.js", "JavaScript", 0, 2, 0, 0, 0, 0, 0, 0, 10, 0, 12
"c:\Users\MSI SWORD 15 A12V\source\repos\SoftWhatsAppCRMDash\SoftWhatsAppCRMDash\obj\Release\net8.0\PubTmp\Out\wwwroot\lib\highcharts\indicators\psar.min.js", "JavaScript", 0, 1, 0, 0, 0, 0, 0, 0, 0, 0, 1
"c:\Users\MSI SWORD 15 A12V\source\repos\SoftWhatsAppCRMDash\SoftWhatsAppCRMDash\obj\Release\net8.0\PubTmp\Out\wwwroot\lib\highcharts\indicators\psar.src.js", "JavaScript", 0, 213, 0, 0, 0, 0, 0, 0, 182, 18, 413
"c:\Users\MSI SWORD 15 A12V\source\repos\SoftWhatsAppCRMDash\SoftWhatsAppCRMDash\obj\Release\net8.0\PubTmp\Out\wwwroot\lib\highcharts\indicators\psar.src.min.js", "JavaScript", 0, 1, 0, 0, 0, 0, 0, 0, 0, 0, 1
"c:\Users\MSI SWORD 15 A12V\source\repos\SoftWhatsAppCRMDash\SoftWhatsAppCRMDash\obj\Release\net8.0\PubTmp\Out\wwwroot\lib\highcharts\indicators\regressions.js", "JavaScript", 0, 2, 0, 0, 0, 0, 0, 0, 10, 0, 12
"c:\Users\MSI SWORD 15 A12V\source\repos\SoftWhatsAppCRMDash\SoftWhatsAppCRMDash\obj\Release\net8.0\PubTmp\Out\wwwroot\lib\highcharts\indicators\regressions.min.js", "JavaScript", 0, 1, 0, 0, 0, 0, 0, 0, 0, 0, 1
"c:\Users\MSI SWORD 15 A12V\source\repos\SoftWhatsAppCRMDash\SoftWhatsAppCRMDash\obj\Release\net8.0\PubTmp\Out\wwwroot\lib\highcharts\indicators\regressions.src.js", "JavaScript", 0, 230, 0, 0, 0, 0, 0, 0, 414, 33, 677
"c:\Users\MSI SWORD 15 A12V\source\repos\SoftWhatsAppCRMDash\SoftWhatsAppCRMDash\obj\Release\net8.0\PubTmp\Out\wwwroot\lib\highcharts\indicators\regressions.src.min.js", "JavaScript", 0, 1, 0, 0, 0, 0, 0, 0, 0, 0, 1
"c:\Users\MSI SWORD 15 A12V\source\repos\SoftWhatsAppCRMDash\SoftWhatsAppCRMDash\obj\Release\net8.0\PubTmp\Out\wwwroot\lib\highcharts\indicators\roc.js", "JavaScript", 0, 2, 0, 0, 0, 0, 0, 0, 10, 0, 12
"c:\Users\MSI SWORD 15 A12V\source\repos\SoftWhatsAppCRMDash\SoftWhatsAppCRMDash\obj\Release\net8.0\PubTmp\Out\wwwroot\lib\highcharts\indicators\roc.min.js", "JavaScript", 0, 1, 0, 0, 0, 0, 0, 0, 0, 0, 1
"c:\Users\MSI SWORD 15 A12V\source\repos\SoftWhatsAppCRMDash\SoftWhatsAppCRMDash\obj\Release\net8.0\PubTmp\Out\wwwroot\lib\highcharts\indicators\roc.src.js", "JavaScript", 0, 137, 0, 0, 0, 0, 0, 0, 135, 18, 290
"c:\Users\MSI SWORD 15 A12V\source\repos\SoftWhatsAppCRMDash\SoftWhatsAppCRMDash\obj\Release\net8.0\PubTmp\Out\wwwroot\lib\highcharts\indicators\roc.src.min.js", "JavaScript", 0, 1, 0, 0, 0, 0, 0, 0, 0, 0, 1
"c:\Users\MSI SWORD 15 A12V\source\repos\SoftWhatsAppCRMDash\SoftWhatsAppCRMDash\obj\Release\net8.0\PubTmp\Out\wwwroot\lib\highcharts\indicators\rsi.js", "JavaScript", 0, 2, 0, 0, 0, 0, 0, 0, 10, 0, 12
"c:\Users\MSI SWORD 15 A12V\source\repos\SoftWhatsAppCRMDash\SoftWhatsAppCRMDash\obj\Release\net8.0\PubTmp\Out\wwwroot\lib\highcharts\indicators\rsi.min.js", "JavaScript", 0, 1, 0, 0, 0, 0, 0, 0, 0, 0, 1
"c:\Users\MSI SWORD 15 A12V\source\repos\SoftWhatsAppCRMDash\SoftWhatsAppCRMDash\obj\Release\net8.0\PubTmp\Out\wwwroot\lib\highcharts\indicators\rsi.src.js", "JavaScript", 0, 158, 0, 0, 0, 0, 0, 0, 114, 18, 290
"c:\Users\MSI SWORD 15 A12V\source\repos\SoftWhatsAppCRMDash\SoftWhatsAppCRMDash\obj\Release\net8.0\PubTmp\Out\wwwroot\lib\highcharts\indicators\rsi.src.min.js", "JavaScript", 0, 1, 0, 0, 0, 0, 0, 0, 0, 0, 1
"c:\Users\MSI SWORD 15 A12V\source\repos\SoftWhatsAppCRMDash\SoftWhatsAppCRMDash\obj\Release\net8.0\PubTmp\Out\wwwroot\lib\highcharts\indicators\slow-stochastic.js", "JavaScript", 0, 2, 0, 0, 0, 0, 0, 0, 10, 0, 12
"c:\Users\MSI SWORD 15 A12V\source\repos\SoftWhatsAppCRMDash\SoftWhatsAppCRMDash\obj\Release\net8.0\PubTmp\Out\wwwroot\lib\highcharts\indicators\slow-stochastic.min.js", "JavaScript", 0, 1, 0, 0, 0, 0, 0, 0, 0, 0, 1
"c:\Users\MSI SWORD 15 A12V\source\repos\SoftWhatsAppCRMDash\SoftWhatsAppCRMDash\obj\Release\net8.0\PubTmp\Out\wwwroot\lib\highcharts\indicators\slow-stochastic.src.js", "JavaScript", 0, 133, 0, 0, 0, 0, 0, 0, 102, 18, 253
"c:\Users\MSI SWORD 15 A12V\source\repos\SoftWhatsAppCRMDash\SoftWhatsAppCRMDash\obj\Release\net8.0\PubTmp\Out\wwwroot\lib\highcharts\indicators\slow-stochastic.src.min.js", "JavaScript", 0, 1, 0, 0, 0, 0, 0, 0, 0, 0, 1
"c:\Users\MSI SWORD 15 A12V\source\repos\SoftWhatsAppCRMDash\SoftWhatsAppCRMDash\obj\Release\net8.0\PubTmp\Out\wwwroot\lib\highcharts\indicators\stochastic.js", "JavaScript", 0, 2, 0, 0, 0, 0, 0, 0, 10, 0, 12
"c:\Users\MSI SWORD 15 A12V\source\repos\SoftWhatsAppCRMDash\SoftWhatsAppCRMDash\obj\Release\net8.0\PubTmp\Out\wwwroot\lib\highcharts\indicators\stochastic.min.js", "JavaScript", 0, 1, 0, 0, 0, 0, 0, 0, 0, 0, 1
"c:\Users\MSI SWORD 15 A12V\source\repos\SoftWhatsAppCRMDash\SoftWhatsAppCRMDash\obj\Release\net8.0\PubTmp\Out\wwwroot\lib\highcharts\indicators\stochastic.src.js", "JavaScript", 0, 346, 0, 0, 0, 0, 0, 0, 301, 26, 673
"c:\Users\MSI SWORD 15 A12V\source\repos\SoftWhatsAppCRMDash\SoftWhatsAppCRMDash\obj\Release\net8.0\PubTmp\Out\wwwroot\lib\highcharts\indicators\stochastic.src.min.js", "JavaScript", 0, 1, 0, 0, 0, 0, 0, 0, 0, 0, 1
"c:\Users\MSI SWORD 15 A12V\source\repos\SoftWhatsAppCRMDash\SoftWhatsAppCRMDash\obj\Release\net8.0\PubTmp\Out\wwwroot\lib\highcharts\indicators\supertrend.js", "JavaScript", 0, 2, 0, 0, 0, 0, 0, 0, 10, 0, 12
"c:\Users\MSI SWORD 15 A12V\source\repos\SoftWhatsAppCRMDash\SoftWhatsAppCRMDash\obj\Release\net8.0\PubTmp\Out\wwwroot\lib\highcharts\indicators\supertrend.min.js", "JavaScript", 0, 1, 0, 0, 0, 0, 0, 0, 0, 0, 1
"c:\Users\MSI SWORD 15 A12V\source\repos\SoftWhatsAppCRMDash\SoftWhatsAppCRMDash\obj\Release\net8.0\PubTmp\Out\wwwroot\lib\highcharts\indicators\supertrend.src.js", "JavaScript", 0, 355, 0, 0, 0, 0, 0, 0, 226, 18, 599
"c:\Users\MSI SWORD 15 A12V\source\repos\SoftWhatsAppCRMDash\SoftWhatsAppCRMDash\obj\Release\net8.0\PubTmp\Out\wwwroot\lib\highcharts\indicators\supertrend.src.min.js", "JavaScript", 0, 1, 0, 0, 0, 0, 0, 0, 0, 0, 1
"c:\Users\MSI SWORD 15 A12V\source\repos\SoftWhatsAppCRMDash\SoftWhatsAppCRMDash\obj\Release\net8.0\PubTmp\Out\wwwroot\lib\highcharts\indicators\tema.js", "JavaScript", 0, 2, 0, 0, 0, 0, 0, 0, 10, 0, 12
"c:\Users\MSI SWORD 15 A12V\source\repos\SoftWhatsAppCRMDash\SoftWhatsAppCRMDash\obj\Release\net8.0\PubTmp\Out\wwwroot\lib\highcharts\indicators\tema.min.js", "JavaScript", 0, 1, 0, 0, 0, 0, 0, 0, 0, 0, 1
"c:\Users\MSI SWORD 15 A12V\source\repos\SoftWhatsAppCRMDash\SoftWhatsAppCRMDash\obj\Release\net8.0\PubTmp\Out\wwwroot\lib\highcharts\indicators\tema.src.js", "JavaScript", 0, 168, 0, 0, 0, 0, 0, 0, 118, 18, 304
"c:\Users\MSI SWORD 15 A12V\source\repos\SoftWhatsAppCRMDash\SoftWhatsAppCRMDash\obj\Release\net8.0\PubTmp\Out\wwwroot\lib\highcharts\indicators\tema.src.min.js", "JavaScript", 0, 1, 0, 0, 0, 0, 0, 0, 0, 0, 1
"c:\Users\MSI SWORD 15 A12V\source\repos\SoftWhatsAppCRMDash\SoftWhatsAppCRMDash\obj\Release\net8.0\PubTmp\Out\wwwroot\lib\highcharts\indicators\trendline.js", "JavaScript", 0, 2, 0, 0, 0, 0, 0, 0, 10, 0, 12
"c:\Users\MSI SWORD 15 A12V\source\repos\SoftWhatsAppCRMDash\SoftWhatsAppCRMDash\obj\Release\net8.0\PubTmp\Out\wwwroot\lib\highcharts\indicators\trendline.min.js", "JavaScript", 0, 1, 0, 0, 0, 0, 0, 0, 0, 0, 1
"c:\Users\MSI SWORD 15 A12V\source\repos\SoftWhatsAppCRMDash\SoftWhatsAppCRMDash\obj\Release\net8.0\PubTmp\Out\wwwroot\lib\highcharts\indicators\trendline.src.js", "JavaScript", 0, 139, 0, 0, 0, 0, 0, 0, 106, 18, 263
"c:\Users\MSI SWORD 15 A12V\source\repos\SoftWhatsAppCRMDash\SoftWhatsAppCRMDash\obj\Release\net8.0\PubTmp\Out\wwwroot\lib\highcharts\indicators\trendline.src.min.js", "JavaScript", 0, 1, 0, 0, 0, 0, 0, 0, 0, 0, 1
"c:\Users\MSI SWORD 15 A12V\source\repos\SoftWhatsAppCRMDash\SoftWhatsAppCRMDash\obj\Release\net8.0\PubTmp\Out\wwwroot\lib\highcharts\indicators\trix.js", "JavaScript", 0, 2, 0, 0, 0, 0, 0, 0, 10, 0, 12
"c:\Users\MSI SWORD 15 A12V\source\repos\SoftWhatsAppCRMDash\SoftWhatsAppCRMDash\obj\Release\net8.0\PubTmp\Out\wwwroot\lib\highcharts\indicators\trix.min.js", "JavaScript", 0, 1, 0, 0, 0, 0, 0, 0, 0, 0, 1
"c:\Users\MSI SWORD 15 A12V\source\repos\SoftWhatsAppCRMDash\SoftWhatsAppCRMDash\obj\Release\net8.0\PubTmp\Out\wwwroot\lib\highcharts\indicators\trix.src.js", "JavaScript", 0, 102, 0, 0, 0, 0, 0, 0, 100, 18, 220
"c:\Users\MSI SWORD 15 A12V\source\repos\SoftWhatsAppCRMDash\SoftWhatsAppCRMDash\obj\Release\net8.0\PubTmp\Out\wwwroot\lib\highcharts\indicators\trix.src.min.js", "JavaScript", 0, 1, 0, 0, 0, 0, 0, 0, 0, 0, 1
"c:\Users\MSI SWORD 15 A12V\source\repos\SoftWhatsAppCRMDash\SoftWhatsAppCRMDash\obj\Release\net8.0\PubTmp\Out\wwwroot\lib\highcharts\indicators\volume-by-price.js", "JavaScript", 0, 2, 0, 0, 0, 0, 0, 0, 10, 0, 12
"c:\Users\MSI SWORD 15 A12V\source\repos\SoftWhatsAppCRMDash\SoftWhatsAppCRMDash\obj\Release\net8.0\PubTmp\Out\wwwroot\lib\highcharts\indicators\volume-by-price.min.js", "JavaScript", 0, 1, 0, 0, 0, 0, 0, 0, 0, 0, 1
"c:\Users\MSI SWORD 15 A12V\source\repos\SoftWhatsAppCRMDash\SoftWhatsAppCRMDash\obj\Release\net8.0\PubTmp\Out\wwwroot\lib\highcharts\indicators\volume-by-price.src.js", "JavaScript", 0, 508, 0, 0, 0, 0, 0, 0, 217, 24, 749
"c:\Users\MSI SWORD 15 A12V\source\repos\SoftWhatsAppCRMDash\SoftWhatsAppCRMDash\obj\Release\net8.0\PubTmp\Out\wwwroot\lib\highcharts\indicators\volume-by-price.src.min.js", "JavaScript", 0, 1, 0, 0, 0, 0, 0, 0, 0, 0, 1
"c:\Users\MSI SWORD 15 A12V\source\repos\SoftWhatsAppCRMDash\SoftWhatsAppCRMDash\obj\Release\net8.0\PubTmp\Out\wwwroot\lib\highcharts\indicators\vwap.js", "JavaScript", 0, 2, 0, 0, 0, 0, 0, 0, 10, 0, 12
"c:\Users\MSI SWORD 15 A12V\source\repos\SoftWhatsAppCRMDash\SoftWhatsAppCRMDash\obj\Release\net8.0\PubTmp\Out\wwwroot\lib\highcharts\indicators\vwap.min.js", "JavaScript", 0, 1, 0, 0, 0, 0, 0, 0, 0, 0, 1
"c:\Users\MSI SWORD 15 A12V\source\repos\SoftWhatsAppCRMDash\SoftWhatsAppCRMDash\obj\Release\net8.0\PubTmp\Out\wwwroot\lib\highcharts\indicators\vwap.src.js", "JavaScript", 0, 149, 0, 0, 0, 0, 0, 0, 135, 18, 302
"c:\Users\MSI SWORD 15 A12V\source\repos\SoftWhatsAppCRMDash\SoftWhatsAppCRMDash\obj\Release\net8.0\PubTmp\Out\wwwroot\lib\highcharts\indicators\vwap.src.min.js", "JavaScript", 0, 1, 0, 0, 0, 0, 0, 0, 0, 0, 1
"c:\Users\MSI SWORD 15 A12V\source\repos\SoftWhatsAppCRMDash\SoftWhatsAppCRMDash\obj\Release\net8.0\PubTmp\Out\wwwroot\lib\highcharts\indicators\williams-r.js", "JavaScript", 0, 2, 0, 0, 0, 0, 0, 0, 10, 0, 12
"c:\Users\MSI SWORD 15 A12V\source\repos\SoftWhatsAppCRMDash\SoftWhatsAppCRMDash\obj\Release\net8.0\PubTmp\Out\wwwroot\lib\highcharts\indicators\williams-r.min.js", "JavaScript", 0, 1, 0, 0, 0, 0, 0, 0, 0, 0, 1
"c:\Users\MSI SWORD 15 A12V\source\repos\SoftWhatsAppCRMDash\SoftWhatsAppCRMDash\obj\Release\net8.0\PubTmp\Out\wwwroot\lib\highcharts\indicators\williams-r.src.js", "JavaScript", 0, 142, 0, 0, 0, 0, 0, 0, 144, 21, 307
"c:\Users\MSI SWORD 15 A12V\source\repos\SoftWhatsAppCRMDash\SoftWhatsAppCRMDash\obj\Release\net8.0\PubTmp\Out\wwwroot\lib\highcharts\indicators\williams-r.src.min.js", "JavaScript", 0, 1, 0, 0, 0, 0, 0, 0, 0, 0, 1
"c:\Users\MSI SWORD 15 A12V\source\repos\SoftWhatsAppCRMDash\SoftWhatsAppCRMDash\obj\Release\net8.0\PubTmp\Out\wwwroot\lib\highcharts\indicators\wma.js", "JavaScript", 0, 2, 0, 0, 0, 0, 0, 0, 10, 0, 12
"c:\Users\MSI SWORD 15 A12V\source\repos\SoftWhatsAppCRMDash\SoftWhatsAppCRMDash\obj\Release\net8.0\PubTmp\Out\wwwroot\lib\highcharts\indicators\wma.min.js", "JavaScript", 0, 1, 0, 0, 0, 0, 0, 0, 0, 0, 1
"c:\Users\MSI SWORD 15 A12V\source\repos\SoftWhatsAppCRMDash\SoftWhatsAppCRMDash\obj\Release\net8.0\PubTmp\Out\wwwroot\lib\highcharts\indicators\wma.src.js", "JavaScript", 0, 144, 0, 0, 0, 0, 0, 0, 117, 18, 279
"c:\Users\MSI SWORD 15 A12V\source\repos\SoftWhatsAppCRMDash\SoftWhatsAppCRMDash\obj\Release\net8.0\PubTmp\Out\wwwroot\lib\highcharts\indicators\wma.src.min.js", "JavaScript", 0, 1, 0, 0, 0, 0, 0, 0, 0, 0, 1
"c:\Users\MSI SWORD 15 A12V\source\repos\SoftWhatsAppCRMDash\SoftWhatsAppCRMDash\obj\Release\net8.0\PubTmp\Out\wwwroot\lib\highcharts\indicators\zigzag.js", "JavaScript", 0, 2, 0, 0, 0, 0, 0, 0, 10, 0, 12
"c:\Users\MSI SWORD 15 A12V\source\repos\SoftWhatsAppCRMDash\SoftWhatsAppCRMDash\obj\Release\net8.0\PubTmp\Out\wwwroot\lib\highcharts\indicators\zigzag.min.js", "JavaScript", 0, 1, 0, 0, 0, 0, 0, 0, 0, 0, 1
"c:\Users\MSI SWORD 15 A12V\source\repos\SoftWhatsAppCRMDash\SoftWhatsAppCRMDash\obj\Release\net8.0\PubTmp\Out\wwwroot\lib\highcharts\indicators\zigzag.src.js", "JavaScript", 0, 179, 0, 0, 0, 0, 0, 0, 138, 18, 335
"c:\Users\MSI SWORD 15 A12V\source\repos\SoftWhatsAppCRMDash\SoftWhatsAppCRMDash\obj\Release\net8.0\PubTmp\Out\wwwroot\lib\highcharts\indicators\zigzag.src.min.js", "JavaScript", 0, 1, 0, 0, 0, 0, 0, 0, 0, 0, 1
"c:\Users\MSI SWORD 15 A12V\source\repos\SoftWhatsAppCRMDash\SoftWhatsAppCRMDash\obj\Release\net8.0\PubTmp\Out\wwwroot\lib\highcharts\lib\jspdf.js", "JavaScript", 0, 27, 0, 0, 0, 0, 0, 0, 370, 2, 399
"c:\Users\MSI SWORD 15 A12V\source\repos\SoftWhatsAppCRMDash\SoftWhatsAppCRMDash\obj\Release\net8.0\PubTmp\Out\wwwroot\lib\highcharts\lib\jspdf.min.js", "JavaScript", 0, 1, 0, 0, 0, 0, 0, 0, 0, 0, 1
"c:\Users\MSI SWORD 15 A12V\source\repos\SoftWhatsAppCRMDash\SoftWhatsAppCRMDash\obj\Release\net8.0\PubTmp\Out\wwwroot\lib\highcharts\lib\jspdf.src.js", "JavaScript", 0, 19537, 0, 0, 0, 0, 0, 0, 4814, 4483, 28834
"c:\Users\MSI SWORD 15 A12V\source\repos\SoftWhatsAppCRMDash\SoftWhatsAppCRMDash\obj\Release\net8.0\PubTmp\Out\wwwroot\lib\highcharts\lib\jspdf.src.min.js", "JavaScript", 0, 1, 0, 0, 0, 0, 0, 0, 0, 0, 1
"c:\Users\MSI SWORD 15 A12V\source\repos\SoftWhatsAppCRMDash\SoftWhatsAppCRMDash\obj\Release\net8.0\PubTmp\Out\wwwroot\lib\highcharts\lib\svg2pdf.js", "JavaScript", 0, 2, 0, 0, 0, 0, 0, 0, 39, 2, 43
"c:\Users\MSI SWORD 15 A12V\source\repos\SoftWhatsAppCRMDash\SoftWhatsAppCRMDash\obj\Release\net8.0\PubTmp\Out\wwwroot\lib\highcharts\lib\svg2pdf.min.js", "JavaScript", 0, 1, 0, 0, 0, 0, 0, 0, 0, 0, 1
"c:\Users\MSI SWORD 15 A12V\source\repos\SoftWhatsAppCRMDash\SoftWhatsAppCRMDash\obj\Release\net8.0\PubTmp\Out\wwwroot\lib\highcharts\lib\svg2pdf.src.js", "JavaScript", 0, 4922, 0, 0, 0, 0, 0, 0, 552, 510, 5984
"c:\Users\MSI SWORD 15 A12V\source\repos\SoftWhatsAppCRMDash\SoftWhatsAppCRMDash\obj\Release\net8.0\PubTmp\Out\wwwroot\lib\highcharts\lib\svg2pdf.src.min.js", "JavaScript", 0, 1, 0, 0, 0, 0, 0, 0, 0, 0, 1
"c:\Users\MSI SWORD 15 A12V\source\repos\SoftWhatsAppCRMDash\SoftWhatsAppCRMDash\obj\Release\net8.0\PubTmp\Out\wwwroot\lib\highcharts\modules\accessibility.js", "JavaScript", 0, 2, 0, 0, 0, 0, 0, 0, 10, 0, 12
"c:\Users\MSI SWORD 15 A12V\source\repos\SoftWhatsAppCRMDash\SoftWhatsAppCRMDash\obj\Release\net8.0\PubTmp\Out\wwwroot\lib\highcharts\modules\accessibility.min.js", "JavaScript", 0, 1, 0, 0, 0, 0, 0, 0, 0, 0, 1
"c:\Users\MSI SWORD 15 A12V\source\repos\SoftWhatsAppCRMDash\SoftWhatsAppCRMDash\obj\Release\net8.0\PubTmp\Out\wwwroot\lib\highcharts\modules\accessibility.src.js", "JavaScript", 0, 7584, 0, 0, 0, 0, 0, 0, 5887, 301, 13772
"c:\Users\MSI SWORD 15 A12V\source\repos\SoftWhatsAppCRMDash\SoftWhatsAppCRMDash\obj\Release\net8.0\PubTmp\Out\wwwroot\lib\highcharts\modules\accessibility.src.min.js", "JavaScript", 0, 1, 0, 0, 0, 0, 0, 0, 0, 0, 1
"c:\Users\MSI SWORD 15 A12V\source\repos\SoftWhatsAppCRMDash\SoftWhatsAppCRMDash\obj\Release\net8.0\PubTmp\Out\wwwroot\lib\highcharts\modules\annotations-advanced.js", "JavaScript", 0, 3, 0, 0, 0, 0, 0, 0, 18, 0, 21
"c:\Users\MSI SWORD 15 A12V\source\repos\SoftWhatsAppCRMDash\SoftWhatsAppCRMDash\obj\Release\net8.0\PubTmp\Out\wwwroot\lib\highcharts\modules\annotations-advanced.min.js", "JavaScript", 0, 1, 0, 0, 0, 0, 0, 0, 0, 0, 1
"c:\Users\MSI SWORD 15 A12V\source\repos\SoftWhatsAppCRMDash\SoftWhatsAppCRMDash\obj\Release\net8.0\PubTmp\Out\wwwroot\lib\highcharts\modules\annotations-advanced.src.js", "JavaScript", 0, 5003, 0, 0, 0, 0, 0, 0, 4501, 227, 9731
"c:\Users\MSI SWORD 15 A12V\source\repos\SoftWhatsAppCRMDash\SoftWhatsAppCRMDash\obj\Release\net8.0\PubTmp\Out\wwwroot\lib\highcharts\modules\annotations-advanced.src.min.js", "JavaScript", 0, 1, 0, 0, 0, 0, 0, 0, 0, 0, 1
"c:\Users\MSI SWORD 15 A12V\source\repos\SoftWhatsAppCRMDash\SoftWhatsAppCRMDash\obj\Release\net8.0\PubTmp\Out\wwwroot\lib\highcharts\modules\annotations.js", "JavaScript", 0, 2, 0, 0, 0, 0, 0, 0, 9, 0, 11
"c:\Users\MSI SWORD 15 A12V\source\repos\SoftWhatsAppCRMDash\SoftWhatsAppCRMDash\obj\Release\net8.0\PubTmp\Out\wwwroot\lib\highcharts\modules\annotations.min.js", "JavaScript", 0, 1, 0, 0, 0, 0, 0, 0, 0, 0, 1
"c:\Users\MSI SWORD 15 A12V\source\repos\SoftWhatsAppCRMDash\SoftWhatsAppCRMDash\obj\Release\net8.0\PubTmp\Out\wwwroot\lib\highcharts\modules\annotations.src.js", "JavaScript", 0, 3463, 0, 0, 0, 0, 0, 0, 3554, 147, 7164
"c:\Users\MSI SWORD 15 A12V\source\repos\SoftWhatsAppCRMDash\SoftWhatsAppCRMDash\obj\Release\net8.0\PubTmp\Out\wwwroot\lib\highcharts\modules\annotations.src.min.js", "JavaScript", 0, 1, 0, 0, 0, 0, 0, 0, 0, 0, 1
"c:\Users\MSI SWORD 15 A12V\source\repos\SoftWhatsAppCRMDash\SoftWhatsAppCRMDash\obj\Release\net8.0\PubTmp\Out\wwwroot\lib\highcharts\modules\arc-diagram.js", "JavaScript", 0, 2, 0, 0, 0, 0, 0, 0, 9, 0, 11
"c:\Users\MSI SWORD 15 A12V\source\repos\SoftWhatsAppCRMDash\SoftWhatsAppCRMDash\obj\Release\net8.0\PubTmp\Out\wwwroot\lib\highcharts\modules\arc-diagram.min.js", "JavaScript", 0, 1, 0, 0, 0, 0, 0, 0, 0, 0, 1
"c:\Users\MSI SWORD 15 A12V\source\repos\SoftWhatsAppCRMDash\SoftWhatsAppCRMDash\obj\Release\net8.0\PubTmp\Out\wwwroot\lib\highcharts\modules\arc-diagram.src.js", "JavaScript", 0, 820, 0, 0, 0, 0, 0, 0, 627, 52, 1499
"c:\Users\MSI SWORD 15 A12V\source\repos\SoftWhatsAppCRMDash\SoftWhatsAppCRMDash\obj\Release\net8.0\PubTmp\Out\wwwroot\lib\highcharts\modules\arc-diagram.src.min.js", "JavaScript", 0, 1, 0, 0, 0, 0, 0, 0, 0, 0, 1
"c:\Users\MSI SWORD 15 A12V\source\repos\SoftWhatsAppCRMDash\SoftWhatsAppCRMDash\obj\Release\net8.0\PubTmp\Out\wwwroot\lib\highcharts\modules\arrow-symbols.js", "JavaScript", 0, 2, 0, 0, 0, 0, 0, 0, 9, 0, 11
"c:\Users\MSI SWORD 15 A12V\source\repos\SoftWhatsAppCRMDash\SoftWhatsAppCRMDash\obj\Release\net8.0\PubTmp\Out\wwwroot\lib\highcharts\modules\arrow-symbols.min.js", "JavaScript", 0, 1, 0, 0, 0, 0, 0, 0, 0, 0, 1
"c:\Users\MSI SWORD 15 A12V\source\repos\SoftWhatsAppCRMDash\SoftWhatsAppCRMDash\obj\Release\net8.0\PubTmp\Out\wwwroot\lib\highcharts\modules\arrow-symbols.src.js", "JavaScript", 0, 115, 0, 0, 0, 0, 0, 0, 160, 13, 288
"c:\Users\MSI SWORD 15 A12V\source\repos\SoftWhatsAppCRMDash\SoftWhatsAppCRMDash\obj\Release\net8.0\PubTmp\Out\wwwroot\lib\highcharts\modules\arrow-symbols.src.min.js", "JavaScript", 0, 1, 0, 0, 0, 0, 0, 0, 0, 0, 1
"c:\Users\MSI SWORD 15 A12V\source\repos\SoftWhatsAppCRMDash\SoftWhatsAppCRMDash\obj\Release\net8.0\PubTmp\Out\wwwroot\lib\highcharts\modules\boost-canvas.js", "JavaScript", 0, 2, 0, 0, 0, 0, 0, 0, 10, 0, 12
"c:\Users\MSI SWORD 15 A12V\source\repos\SoftWhatsAppCRMDash\SoftWhatsAppCRMDash\obj\Release\net8.0\PubTmp\Out\wwwroot\lib\highcharts\modules\boost-canvas.min.js", "JavaScript", 0, 1, 0, 0, 0, 0, 0, 0, 0, 0, 1
"c:\Users\MSI SWORD 15 A12V\source\repos\SoftWhatsAppCRMDash\SoftWhatsAppCRMDash\obj\Release\net8.0\PubTmp\Out\wwwroot\lib\highcharts\modules\boost-canvas.src.js", "JavaScript", 0, 2810, 0, 0, 0, 0, 0, 0, 1172, 55, 4037
"c:\Users\MSI SWORD 15 A12V\source\repos\SoftWhatsAppCRMDash\SoftWhatsAppCRMDash\obj\Release\net8.0\PubTmp\Out\wwwroot\lib\highcharts\modules\boost-canvas.src.min.js", "JavaScript", 0, 1, 0, 0, 0, 0, 0, 0, 0, 0, 1
"c:\Users\MSI SWORD 15 A12V\source\repos\SoftWhatsAppCRMDash\SoftWhatsAppCRMDash\obj\Release\net8.0\PubTmp\Out\wwwroot\lib\highcharts\modules\boost.js", "JavaScript", 0, 2, 0, 0, 0, 0, 0, 0, 11, 0, 13
"c:\Users\MSI SWORD 15 A12V\source\repos\SoftWhatsAppCRMDash\SoftWhatsAppCRMDash\obj\Release\net8.0\PubTmp\Out\wwwroot\lib\highcharts\modules\boost.min.js", "JavaScript", 0, 1, 0, 0, 0, 0, 0, 0, 0, 0, 1
"c:\Users\MSI SWORD 15 A12V\source\repos\SoftWhatsAppCRMDash\SoftWhatsAppCRMDash\obj\Release\net8.0\PubTmp\Out\wwwroot\lib\highcharts\modules\boost.src.js", "JavaScript", 0, 2578, 0, 0, 0, 0, 0, 0, 1345, 57, 3980
"c:\Users\MSI SWORD 15 A12V\source\repos\SoftWhatsAppCRMDash\SoftWhatsAppCRMDash\obj\Release\net8.0\PubTmp\Out\wwwroot\lib\highcharts\modules\boost.src.min.js", "JavaScript", 0, 1, 0, 0, 0, 0, 0, 0, 0, 0, 1
"c:\Users\MSI SWORD 15 A12V\source\repos\SoftWhatsAppCRMDash\SoftWhatsAppCRMDash\obj\Release\net8.0\PubTmp\Out\wwwroot\lib\highcharts\modules\broken-axis.js", "JavaScript", 0, 2, 0, 0, 0, 0, 0, 0, 7, 0, 9
"c:\Users\MSI SWORD 15 A12V\source\repos\SoftWhatsAppCRMDash\SoftWhatsAppCRMDash\obj\Release\net8.0\PubTmp\Out\wwwroot\lib\highcharts\modules\broken-axis.min.js", "JavaScript", 0, 1, 0, 0, 0, 0, 0, 0, 0, 0, 1
"c:\Users\MSI SWORD 15 A12V\source\repos\SoftWhatsAppCRMDash\SoftWhatsAppCRMDash\obj\Release\net8.0\PubTmp\Out\wwwroot\lib\highcharts\modules\broken-axis.src.js", "JavaScript", 0, 473, 0, 0, 0, 0, 0, 0, 242, 18, 733
"c:\Users\MSI SWORD 15 A12V\source\repos\SoftWhatsAppCRMDash\SoftWhatsAppCRMDash\obj\Release\net8.0\PubTmp\Out\wwwroot\lib\highcharts\modules\broken-axis.src.min.js", "JavaScript", 0, 1, 0, 0, 0, 0, 0, 0, 0, 0, 1
"c:\Users\MSI SWORD 15 A12V\source\repos\SoftWhatsAppCRMDash\SoftWhatsAppCRMDash\obj\Release\net8.0\PubTmp\Out\wwwroot\lib\highcharts\modules\bullet.js", "JavaScript", 0, 2, 0, 0, 0, 0, 0, 0, 9, 0, 11
"c:\Users\MSI SWORD 15 A12V\source\repos\SoftWhatsAppCRMDash\SoftWhatsAppCRMDash\obj\Release\net8.0\PubTmp\Out\wwwroot\lib\highcharts\modules\bullet.min.js", "JavaScript", 0, 1, 0, 0, 0, 0, 0, 0, 0, 0, 1
"c:\Users\MSI SWORD 15 A12V\source\repos\SoftWhatsAppCRMDash\SoftWhatsAppCRMDash\obj\Release\net8.0\PubTmp\Out\wwwroot\lib\highcharts\modules\bullet.src.js", "JavaScript", 0, 211, 0, 0, 0, 0, 0, 0, 280, 28, 519
"c:\Users\MSI SWORD 15 A12V\source\repos\SoftWhatsAppCRMDash\SoftWhatsAppCRMDash\obj\Release\net8.0\PubTmp\Out\wwwroot\lib\highcharts\modules\bullet.src.min.js", "JavaScript", 0, 1, 0, 0, 0, 0, 0, 0, 0, 0, 1
"c:\Users\MSI SWORD 15 A12V\source\repos\SoftWhatsAppCRMDash\SoftWhatsAppCRMDash\obj\Release\net8.0\PubTmp\Out\wwwroot\lib\highcharts\modules\coloraxis.js", "JavaScript", 0, 2, 0, 0, 0, 0, 0, 0, 9, 0, 11
"c:\Users\MSI SWORD 15 A12V\source\repos\SoftWhatsAppCRMDash\SoftWhatsAppCRMDash\obj\Release\net8.0\PubTmp\Out\wwwroot\lib\highcharts\modules\coloraxis.min.js", "JavaScript", 0, 1, 0, 0, 0, 0, 0, 0, 0, 0, 1
"c:\Users\MSI SWORD 15 A12V\source\repos\SoftWhatsAppCRMDash\SoftWhatsAppCRMDash\obj\Release\net8.0\PubTmp\Out\wwwroot\lib\highcharts\modules\coloraxis.src.js", "JavaScript", 0, 741, 0, 0, 0, 0, 0, 0, 825, 43, 1609
"c:\Users\MSI SWORD 15 A12V\source\repos\SoftWhatsAppCRMDash\SoftWhatsAppCRMDash\obj\Release\net8.0\PubTmp\Out\wwwroot\lib\highcharts\modules\coloraxis.src.min.js", "JavaScript", 0, 1, 0, 0, 0, 0, 0, 0, 0, 0, 1
"c:\Users\MSI SWORD 15 A12V\source\repos\SoftWhatsAppCRMDash\SoftWhatsAppCRMDash\obj\Release\net8.0\PubTmp\Out\wwwroot\lib\highcharts\modules\current-date-indicator.js", "JavaScript", 0, 2, 0, 0, 0, 0, 0, 0, 9, 0, 11
"c:\Users\MSI SWORD 15 A12V\source\repos\SoftWhatsAppCRMDash\SoftWhatsAppCRMDash\obj\Release\net8.0\PubTmp\Out\wwwroot\lib\highcharts\modules\current-date-indicator.min.js", "JavaScript", 0, 1, 0, 0, 0, 0, 0, 0, 0, 0, 1
"c:\Users\MSI SWORD 15 A12V\source\repos\SoftWhatsAppCRMDash\SoftWhatsAppCRMDash\obj\Release\net8.0\PubTmp\Out\wwwroot\lib\highcharts\modules\current-date-indicator.src.js", "JavaScript", 0, 141, 0, 0, 0, 0, 0, 0, 95, 15, 251
"c:\Users\MSI SWORD 15 A12V\source\repos\SoftWhatsAppCRMDash\SoftWhatsAppCRMDash\obj\Release\net8.0\PubTmp\Out\wwwroot\lib\highcharts\modules\current-date-indicator.src.min.js", "JavaScript", 0, 1, 0, 0, 0, 0, 0, 0, 0, 0, 1
"c:\Users\MSI SWORD 15 A12V\source\repos\SoftWhatsAppCRMDash\SoftWhatsAppCRMDash\obj\Release\net8.0\PubTmp\Out\wwwroot\lib\highcharts\modules\cylinder.js", "JavaScript", 0, 2, 0, 0, 0, 0, 0, 0, 10, 0, 12
"c:\Users\MSI SWORD 15 A12V\source\repos\SoftWhatsAppCRMDash\SoftWhatsAppCRMDash\obj\Release\net8.0\PubTmp\Out\wwwroot\lib\highcharts\modules\cylinder.min.js", "JavaScript", 0, 1, 0, 0, 0, 0, 0, 0, 0, 0, 1
"c:\Users\MSI SWORD 15 A12V\source\repos\SoftWhatsAppCRMDash\SoftWhatsAppCRMDash\obj\Release\net8.0\PubTmp\Out\wwwroot\lib\highcharts\modules\cylinder.src.js", "JavaScript", 0, 452, 0, 0, 0, 0, 0, 0, 466, 48, 966
"c:\Users\MSI SWORD 15 A12V\source\repos\SoftWhatsAppCRMDash\SoftWhatsAppCRMDash\obj\Release\net8.0\PubTmp\Out\wwwroot\lib\highcharts\modules\cylinder.src.min.js", "JavaScript", 0, 1, 0, 0, 0, 0, 0, 0, 0, 0, 1
"c:\Users\MSI SWORD 15 A12V\source\repos\SoftWhatsAppCRMDash\SoftWhatsAppCRMDash\obj\Release\net8.0\PubTmp\Out\wwwroot\lib\highcharts\modules\data-tools.js", "JavaScript", 0, 2, 0, 0, 0, 0, 0, 0, 9, 0, 11
"c:\Users\MSI SWORD 15 A12V\source\repos\SoftWhatsAppCRMDash\SoftWhatsAppCRMDash\obj\Release\net8.0\PubTmp\Out\wwwroot\lib\highcharts\modules\data-tools.min.js", "JavaScript", 0, 1, 0, 0, 0, 0, 0, 0, 0, 0, 1
"c:\Users\MSI SWORD 15 A12V\source\repos\SoftWhatsAppCRMDash\SoftWhatsAppCRMDash\obj\Release\net8.0\PubTmp\Out\wwwroot\lib\highcharts\modules\data-tools.src.js", "JavaScript", 0, 4128, 0, 0, 0, 0, 0, 0, 4338, 198, 8664
"c:\Users\MSI SWORD 15 A12V\source\repos\SoftWhatsAppCRMDash\SoftWhatsAppCRMDash\obj\Release\net8.0\PubTmp\Out\wwwroot\lib\highcharts\modules\data-tools.src.min.js", "JavaScript", 0, 1, 0, 0, 0, 0, 0, 0, 0, 0, 1
"c:\Users\MSI SWORD 15 A12V\source\repos\SoftWhatsAppCRMDash\SoftWhatsAppCRMDash\obj\Release\net8.0\PubTmp\Out\wwwroot\lib\highcharts\modules\data.js", "JavaScript", 0, 2, 0, 0, 0, 0, 0, 0, 9, 0, 11
"c:\Users\MSI SWORD 15 A12V\source\repos\SoftWhatsAppCRMDash\SoftWhatsAppCRMDash\obj\Release\net8.0\PubTmp\Out\wwwroot\lib\highcharts\modules\data.min.js", "JavaScript", 0, 1, 0, 0, 0, 0, 0, 0, 0, 0, 1
"c:\Users\MSI SWORD 15 A12V\source\repos\SoftWhatsAppCRMDash\SoftWhatsAppCRMDash\obj\Release\net8.0\PubTmp\Out\wwwroot\lib\highcharts\modules\data.src.js", "JavaScript", 0, 1326, 0, 0, 0, 0, 0, 0, 1141, 38, 2505
"c:\Users\MSI SWORD 15 A12V\source\repos\SoftWhatsAppCRMDash\SoftWhatsAppCRMDash\obj\Release\net8.0\PubTmp\Out\wwwroot\lib\highcharts\modules\data.src.min.js", "JavaScript", 0, 1, 0, 0, 0, 0, 0, 0, 0, 0, 1
"c:\Users\MSI SWORD 15 A12V\source\repos\SoftWhatsAppCRMDash\SoftWhatsAppCRMDash\obj\Release\net8.0\PubTmp\Out\wwwroot\lib\highcharts\modules\datagrouping.js", "JavaScript", 0, 2, 0, 0, 0, 0, 0, 0, 9, 0, 11
"c:\Users\MSI SWORD 15 A12V\source\repos\SoftWhatsAppCRMDash\SoftWhatsAppCRMDash\obj\Release\net8.0\PubTmp\Out\wwwroot\lib\highcharts\modules\datagrouping.min.js", "JavaScript", 0, 1, 0, 0, 0, 0, 0, 0, 0, 0, 1
"c:\Users\MSI SWORD 15 A12V\source\repos\SoftWhatsAppCRMDash\SoftWhatsAppCRMDash\obj\Release\net8.0\PubTmp\Out\wwwroot\lib\highcharts\modules\datagrouping.src.js", "JavaScript", 0, 971, 0, 0, 0, 0, 0, 0, 1055, 54, 2080
"c:\Users\MSI SWORD 15 A12V\source\repos\SoftWhatsAppCRMDash\SoftWhatsAppCRMDash\obj\Release\net8.0\PubTmp\Out\wwwroot\lib\highcharts\modules\datagrouping.src.min.js", "JavaScript", 0, 1, 0, 0, 0, 0, 0, 0, 0, 0, 1
"c:\Users\MSI SWORD 15 A12V\source\repos\SoftWhatsAppCRMDash\SoftWhatsAppCRMDash\obj\Release\net8.0\PubTmp\Out\wwwroot\lib\highcharts\modules\debugger.js", "JavaScript", 0, 2, 0, 0, 0, 0, 0, 0, 9, 0, 11
"c:\Users\MSI SWORD 15 A12V\source\repos\SoftWhatsAppCRMDash\SoftWhatsAppCRMDash\obj\Release\net8.0\PubTmp\Out\wwwroot\lib\highcharts\modules\debugger.min.js", "JavaScript", 0, 1, 0, 0, 0, 0, 0, 0, 0, 0, 1
"c:\Users\MSI SWORD 15 A12V\source\repos\SoftWhatsAppCRMDash\SoftWhatsAppCRMDash\obj\Release\net8.0\PubTmp\Out\wwwroot\lib\highcharts\modules\debugger.src.js", "JavaScript", 0, 258, 0, 0, 0, 0, 0, 0, 82, 20, 360
"c:\Users\MSI SWORD 15 A12V\source\repos\SoftWhatsAppCRMDash\SoftWhatsAppCRMDash\obj\Release\net8.0\PubTmp\Out\wwwroot\lib\highcharts\modules\debugger.src.min.js", "JavaScript", 0, 1, 0, 0, 0, 0, 0, 0, 0, 0, 1
"c:\Users\MSI SWORD 15 A12V\source\repos\SoftWhatsAppCRMDash\SoftWhatsAppCRMDash\obj\Release\net8.0\PubTmp\Out\wwwroot\lib\highcharts\modules\dependency-wheel.js", "JavaScript", 0, 2, 0, 0, 0, 0, 0, 0, 10, 0, 12
"c:\Users\MSI SWORD 15 A12V\source\repos\SoftWhatsAppCRMDash\SoftWhatsAppCRMDash\obj\Release\net8.0\PubTmp\Out\wwwroot\lib\highcharts\modules\dependency-wheel.min.js", "JavaScript", 0, 1, 0, 0, 0, 0, 0, 0, 0, 0, 1
"c:\Users\MSI SWORD 15 A12V\source\repos\SoftWhatsAppCRMDash\SoftWhatsAppCRMDash\obj\Release\net8.0\PubTmp\Out\wwwroot\lib\highcharts\modules\dependency-wheel.src.js", "JavaScript", 0, 567, 0, 0, 0, 0, 0, 0, 495, 41, 1103
"c:\Users\MSI SWORD 15 A12V\source\repos\SoftWhatsAppCRMDash\SoftWhatsAppCRMDash\obj\Release\net8.0\PubTmp\Out\wwwroot\lib\highcharts\modules\dependency-wheel.src.min.js", "JavaScript", 0, 1, 0, 0, 0, 0, 0, 0, 0, 0, 1
"c:\Users\MSI SWORD 15 A12V\source\repos\SoftWhatsAppCRMDash\SoftWhatsAppCRMDash\obj\Release\net8.0\PubTmp\Out\wwwroot\lib\highcharts\modules\dotplot.js", "JavaScript", 0, 2, 0, 0, 0, 0, 0, 0, 9, 0, 11
"c:\Users\MSI SWORD 15 A12V\source\repos\SoftWhatsAppCRMDash\SoftWhatsAppCRMDash\obj\Release\net8.0\PubTmp\Out\wwwroot\lib\highcharts\modules\dotplot.min.js", "JavaScript", 0, 1, 0, 0, 0, 0, 0, 0, 0, 0, 1
"c:\Users\MSI SWORD 15 A12V\source\repos\SoftWhatsAppCRMDash\SoftWhatsAppCRMDash\obj\Release\net8.0\PubTmp\Out\wwwroot\lib\highcharts\modules\dotplot.src.js", "JavaScript", 0, 185, 0, 0, 0, 0, 0, 0, 91, 21, 297
"c:\Users\MSI SWORD 15 A12V\source\repos\SoftWhatsAppCRMDash\SoftWhatsAppCRMDash\obj\Release\net8.0\PubTmp\Out\wwwroot\lib\highcharts\modules\dotplot.src.min.js", "JavaScript", 0, 1, 0, 0, 0, 0, 0, 0, 0, 0, 1
"c:\Users\MSI SWORD 15 A12V\source\repos\SoftWhatsAppCRMDash\SoftWhatsAppCRMDash\obj\Release\net8.0\PubTmp\Out\wwwroot\lib\highcharts\modules\drag-panes.js", "JavaScript", 0, 2, 0, 0, 0, 0, 0, 0, 11, 0, 13
"c:\Users\MSI SWORD 15 A12V\source\repos\SoftWhatsAppCRMDash\SoftWhatsAppCRMDash\obj\Release\net8.0\PubTmp\Out\wwwroot\lib\highcharts\modules\drag-panes.min.js", "JavaScript", 0, 1, 0, 0, 0, 0, 0, 0, 0, 0, 1
"c:\Users\MSI SWORD 15 A12V\source\repos\SoftWhatsAppCRMDash\SoftWhatsAppCRMDash\obj\Release\net8.0\PubTmp\Out\wwwroot\lib\highcharts\modules\drag-panes.src.js", "JavaScript", 0, 315, 0, 0, 0, 0, 0, 0, 379, 22, 716
"c:\Users\MSI SWORD 15 A12V\source\repos\SoftWhatsAppCRMDash\SoftWhatsAppCRMDash\obj\Release\net8.0\PubTmp\Out\wwwroot\lib\highcharts\modules\drag-panes.src.min.js", "JavaScript", 0, 1, 0, 0, 0, 0, 0, 0, 0, 0, 1
"c:\Users\MSI SWORD 15 A12V\source\repos\SoftWhatsAppCRMDash\SoftWhatsAppCRMDash\obj\Release\net8.0\PubTmp\Out\wwwroot\lib\highcharts\modules\draggable-points.js", "JavaScript", 0, 2, 0, 0, 0, 0, 0, 0, 7, 0, 9
"c:\Users\MSI SWORD 15 A12V\source\repos\SoftWhatsAppCRMDash\SoftWhatsAppCRMDash\obj\Release\net8.0\PubTmp\Out\wwwroot\lib\highcharts\modules\draggable-points.min.js", "JavaScript", 0, 1, 0, 0, 0, 0, 0, 0, 0, 0, 1
"c:\Users\MSI SWORD 15 A12V\source\repos\SoftWhatsAppCRMDash\SoftWhatsAppCRMDash\obj\Release\net8.0\PubTmp\Out\wwwroot\lib\highcharts\modules\draggable-points.src.js", "JavaScript", 0, 1253, 0, 0, 0, 0, 0, 0, 1362, 34, 2649
"c:\Users\MSI SWORD 15 A12V\source\repos\SoftWhatsAppCRMDash\SoftWhatsAppCRMDash\obj\Release\net8.0\PubTmp\Out\wwwroot\lib\highcharts\modules\draggable-points.src.min.js", "JavaScript", 0, 1, 0, 0, 0, 0, 0, 0, 0, 0, 1
"c:\Users\MSI SWORD 15 A12V\source\repos\SoftWhatsAppCRMDash\SoftWhatsAppCRMDash\obj\Release\net8.0\PubTmp\Out\wwwroot\lib\highcharts\modules\drilldown.js", "JavaScript", 0, 2, 0, 0, 0, 0, 0, 0, 9, 0, 11
"c:\Users\MSI SWORD 15 A12V\source\repos\SoftWhatsAppCRMDash\SoftWhatsAppCRMDash\obj\Release\net8.0\PubTmp\Out\wwwroot\lib\highcharts\modules\drilldown.min.js", "JavaScript", 0, 1, 0, 0, 0, 0, 0, 0, 0, 0, 1
"c:\Users\MSI SWORD 15 A12V\source\repos\SoftWhatsAppCRMDash\SoftWhatsAppCRMDash\obj\Release\net8.0\PubTmp\Out\wwwroot\lib\highcharts\modules\drilldown.src.js", "JavaScript", 0, 1442, 0, 0, 0, 0, 0, 0, 1334, 41, 2817
"c:\Users\MSI SWORD 15 A12V\source\repos\SoftWhatsAppCRMDash\SoftWhatsAppCRMDash\obj\Release\net8.0\PubTmp\Out\wwwroot\lib\highcharts\modules\drilldown.src.min.js", "JavaScript", 0, 1, 0, 0, 0, 0, 0, 0, 0, 0, 1
"c:\Users\MSI SWORD 15 A12V\source\repos\SoftWhatsAppCRMDash\SoftWhatsAppCRMDash\obj\Release\net8.0\PubTmp\Out\wwwroot\lib\highcharts\modules\dumbbell.js", "JavaScript", 0, 2, 0, 0, 0, 0, 0, 0, 7, 0, 9
"c:\Users\MSI SWORD 15 A12V\source\repos\SoftWhatsAppCRMDash\SoftWhatsAppCRMDash\obj\Release\net8.0\PubTmp\Out\wwwroot\lib\highcharts\modules\dumbbell.min.js", "JavaScript", 0, 1, 0, 0, 0, 0, 0, 0, 0, 0, 1
"c:\Users\MSI SWORD 15 A12V\source\repos\SoftWhatsAppCRMDash\SoftWhatsAppCRMDash\obj\Release\net8.0\PubTmp\Out\wwwroot\lib\highcharts\modules\dumbbell.src.js", "JavaScript", 0, 363, 0, 0, 0, 0, 0, 0, 403, 35, 801
"c:\Users\MSI SWORD 15 A12V\source\repos\SoftWhatsAppCRMDash\SoftWhatsAppCRMDash\obj\Release\net8.0\PubTmp\Out\wwwroot\lib\highcharts\modules\dumbbell.src.min.js", "JavaScript", 0, 1, 0, 0, 0, 0, 0, 0, 0, 0, 1
"c:\Users\MSI SWORD 15 A12V\source\repos\SoftWhatsAppCRMDash\SoftWhatsAppCRMDash\obj\Release\net8.0\PubTmp\Out\wwwroot\lib\highcharts\modules\export-data.js", "JavaScript", 0, 2, 0, 0, 0, 0, 0, 0, 10, 0, 12
"c:\Users\MSI SWORD 15 A12V\source\repos\SoftWhatsAppCRMDash\SoftWhatsAppCRMDash\obj\Release\net8.0\PubTmp\Out\wwwroot\lib\highcharts\modules\export-data.min.js", "JavaScript", 0, 1, 0, 0, 0, 0, 0, 0, 0, 0, 1
"c:\Users\MSI SWORD 15 A12V\source\repos\SoftWhatsAppCRMDash\SoftWhatsAppCRMDash\obj\Release\net8.0\PubTmp\Out\wwwroot\lib\highcharts\modules\export-data.src.js", "JavaScript", 0, 822, 0, 0, 0, 0, 0, 0, 599, 28, 1449
"c:\Users\MSI SWORD 15 A12V\source\repos\SoftWhatsAppCRMDash\SoftWhatsAppCRMDash\obj\Release\net8.0\PubTmp\Out\wwwroot\lib\highcharts\modules\export-data.src.min.js", "JavaScript", 0, 1, 0, 0, 0, 0, 0, 0, 0, 0, 1
"c:\Users\MSI SWORD 15 A12V\source\repos\SoftWhatsAppCRMDash\SoftWhatsAppCRMDash\obj\Release\net8.0\PubTmp\Out\wwwroot\lib\highcharts\modules\exporting.js", "JavaScript", 0, 2, 0, 0, 0, 0, 0, 0, 9, 0, 11
"c:\Users\MSI SWORD 15 A12V\source\repos\SoftWhatsAppCRMDash\SoftWhatsAppCRMDash\obj\Release\net8.0\PubTmp\Out\wwwroot\lib\highcharts\modules\exporting.min.js", "JavaScript", 0, 1, 0, 0, 0, 0, 0, 0, 0, 0, 1
"c:\Users\MSI SWORD 15 A12V\source\repos\SoftWhatsAppCRMDash\SoftWhatsAppCRMDash\obj\Release\net8.0\PubTmp\Out\wwwroot\lib\highcharts\modules\exporting.src.js", "JavaScript", 0, 1286, 0, 0, 0, 0, 0, 0, 1702, 46, 3034
"c:\Users\MSI SWORD 15 A12V\source\repos\SoftWhatsAppCRMDash\SoftWhatsAppCRMDash\obj\Release\net8.0\PubTmp\Out\wwwroot\lib\highcharts\modules\exporting.src.min.js", "JavaScript", 0, 1, 0, 0, 0, 0, 0, 0, 0, 0, 1
"c:\Users\MSI SWORD 15 A12V\source\repos\SoftWhatsAppCRMDash\SoftWhatsAppCRMDash\obj\Release\net8.0\PubTmp\Out\wwwroot\lib\highcharts\modules\flowmap.js", "JavaScript", 0, 2, 0, 0, 0, 0, 0, 0, 7, 0, 9
"c:\Users\MSI SWORD 15 A12V\source\repos\SoftWhatsAppCRMDash\SoftWhatsAppCRMDash\obj\Release\net8.0\PubTmp\Out\wwwroot\lib\highcharts\modules\flowmap.min.js", "JavaScript", 0, 1, 0, 0, 0, 0, 0, 0, 0, 0, 1
"c:\Users\MSI SWORD 15 A12V\source\repos\SoftWhatsAppCRMDash\SoftWhatsAppCRMDash\obj\Release\net8.0\PubTmp\Out\wwwroot\lib\highcharts\modules\flowmap.src.js", "JavaScript", 0, 408, 0, 0, 0, 0, 0, 0, 492, 23, 923
"c:\Users\MSI SWORD 15 A12V\source\repos\SoftWhatsAppCRMDash\SoftWhatsAppCRMDash\obj\Release\net8.0\PubTmp\Out\wwwroot\lib\highcharts\modules\flowmap.src.min.js", "JavaScript", 0, 1, 0, 0, 0, 0, 0, 0, 0, 0, 1
"c:\Users\MSI SWORD 15 A12V\source\repos\SoftWhatsAppCRMDash\SoftWhatsAppCRMDash\obj\Release\net8.0\PubTmp\Out\wwwroot\lib\highcharts\modules\full-screen.js", "JavaScript", 0, 2, 0, 0, 0, 0, 0, 0, 10, 0, 12
"c:\Users\MSI SWORD 15 A12V\source\repos\SoftWhatsAppCRMDash\SoftWhatsAppCRMDash\obj\Release\net8.0\PubTmp\Out\wwwroot\lib\highcharts\modules\full-screen.min.js", "JavaScript", 0, 1, 0, 0, 0, 0, 0, 0, 0, 0, 1
"c:\Users\MSI SWORD 15 A12V\source\repos\SoftWhatsAppCRMDash\SoftWhatsAppCRMDash\obj\Release\net8.0\PubTmp\Out\wwwroot\lib\highcharts\modules\full-screen.src.js", "JavaScript", 0, 226, 0, 0, 0, 0, 0, 0, 222, 19, 467
"c:\Users\MSI SWORD 15 A12V\source\repos\SoftWhatsAppCRMDash\SoftWhatsAppCRMDash\obj\Release\net8.0\PubTmp\Out\wwwroot\lib\highcharts\modules\full-screen.src.min.js", "JavaScript", 0, 1, 0, 0, 0, 0, 0, 0, 0, 0, 1
"c:\Users\MSI SWORD 15 A12V\source\repos\SoftWhatsAppCRMDash\SoftWhatsAppCRMDash\obj\Release\net8.0\PubTmp\Out\wwwroot\lib\highcharts\modules\funnel.js", "JavaScript", 0, 2, 0, 0, 0, 0, 0, 0, 9, 0, 11
"c:\Users\MSI SWORD 15 A12V\source\repos\SoftWhatsAppCRMDash\SoftWhatsAppCRMDash\obj\Release\net8.0\PubTmp\Out\wwwroot\lib\highcharts\modules\funnel.min.js", "JavaScript", 0, 1, 0, 0, 0, 0, 0, 0, 0, 0, 1
"c:\Users\MSI SWORD 15 A12V\source\repos\SoftWhatsAppCRMDash\SoftWhatsAppCRMDash\obj\Release\net8.0\PubTmp\Out\wwwroot\lib\highcharts\modules\funnel.src.js", "JavaScript", 0, 669, 0, 0, 0, 0, 0, 0, 636, 37, 1342
"c:\Users\MSI SWORD 15 A12V\source\repos\SoftWhatsAppCRMDash\SoftWhatsAppCRMDash\obj\Release\net8.0\PubTmp\Out\wwwroot\lib\highcharts\modules\funnel.src.min.js", "JavaScript", 0, 1, 0, 0, 0, 0, 0, 0, 0, 0, 1
"c:\Users\MSI SWORD 15 A12V\source\repos\SoftWhatsAppCRMDash\SoftWhatsAppCRMDash\obj\Release\net8.0\PubTmp\Out\wwwroot\lib\highcharts\modules\funnel3d.js", "JavaScript", 0, 2, 0, 0, 0, 0, 0, 0, 11, 0, 13
"c:\Users\MSI SWORD 15 A12V\source\repos\SoftWhatsAppCRMDash\SoftWhatsAppCRMDash\obj\Release\net8.0\PubTmp\Out\wwwroot\lib\highcharts\modules\funnel3d.min.js", "JavaScript", 0, 1, 0, 0, 0, 0, 0, 0, 0, 0, 1
"c:\Users\MSI SWORD 15 A12V\source\repos\SoftWhatsAppCRMDash\SoftWhatsAppCRMDash\obj\Release\net8.0\PubTmp\Out\wwwroot\lib\highcharts\modules\funnel3d.src.js", "JavaScript", 0, 686, 0, 0, 0, 0, 0, 0, 547, 50, 1283
"c:\Users\MSI SWORD 15 A12V\source\repos\SoftWhatsAppCRMDash\SoftWhatsAppCRMDash\obj\Release\net8.0\PubTmp\Out\wwwroot\lib\highcharts\modules\funnel3d.src.min.js", "JavaScript", 0, 1, 0, 0, 0, 0, 0, 0, 0, 0, 1
"c:\Users\MSI SWORD 15 A12V\source\repos\SoftWhatsAppCRMDash\SoftWhatsAppCRMDash\obj\Release\net8.0\PubTmp\Out\wwwroot\lib\highcharts\modules\gantt.js", "JavaScript", 0, 4, 0, 0, 0, 0, 0, 0, 27, 0, 31
"c:\Users\MSI SWORD 15 A12V\source\repos\SoftWhatsAppCRMDash\SoftWhatsAppCRMDash\obj\Release\net8.0\PubTmp\Out\wwwroot\lib\highcharts\modules\gantt.min.js", "JavaScript", 0, 1, 0, 0, 0, 0, 0, 0, 0, 0, 1
"c:\Users\MSI SWORD 15 A12V\source\repos\SoftWhatsAppCRMDash\SoftWhatsAppCRMDash\obj\Release\net8.0\PubTmp\Out\wwwroot\lib\highcharts\modules\gantt.src.js", "JavaScript", 0, 8100, 0, 0, 0, 0, 0, 0, 6592, 238, 14930
"c:\Users\MSI SWORD 15 A12V\source\repos\SoftWhatsAppCRMDash\SoftWhatsAppCRMDash\obj\Release\net8.0\PubTmp\Out\wwwroot\lib\highcharts\modules\gantt.src.min.js", "JavaScript", 0, 1, 0, 0, 0, 0, 0, 0, 0, 0, 1
"c:\Users\MSI SWORD 15 A12V\source\repos\SoftWhatsAppCRMDash\SoftWhatsAppCRMDash\obj\Release\net8.0\PubTmp\Out\wwwroot\lib\highcharts\modules\geoheatmap.js", "JavaScript", 0, 2, 0, 0, 0, 0, 0, 0, 7, 0, 9
"c:\Users\MSI SWORD 15 A12V\source\repos\SoftWhatsAppCRMDash\SoftWhatsAppCRMDash\obj\Release\net8.0\PubTmp\Out\wwwroot\lib\highcharts\modules\geoheatmap.min.js", "JavaScript", 0, 1, 0, 0, 0, 0, 0, 0, 0, 0, 1
"c:\Users\MSI SWORD 15 A12V\source\repos\SoftWhatsAppCRMDash\SoftWhatsAppCRMDash\obj\Release\net8.0\PubTmp\Out\wwwroot\lib\highcharts\modules\geoheatmap.src.js", "JavaScript", 0, 400, 0, 0, 0, 0, 0, 0, 362, 30, 792
"c:\Users\MSI SWORD 15 A12V\source\repos\SoftWhatsAppCRMDash\SoftWhatsAppCRMDash\obj\Release\net8.0\PubTmp\Out\wwwroot\lib\highcharts\modules\geoheatmap.src.min.js", "JavaScript", 0, 1, 0, 0, 0, 0, 0, 0, 0, 0, 1
"c:\Users\MSI SWORD 15 A12V\source\repos\SoftWhatsAppCRMDash\SoftWhatsAppCRMDash\obj\Release\net8.0\PubTmp\Out\wwwroot\lib\highcharts\modules\grid-axis.js", "JavaScript", 0, 2, 0, 0, 0, 0, 0, 0, 9, 0, 11
"c:\Users\MSI SWORD 15 A12V\source\repos\SoftWhatsAppCRMDash\SoftWhatsAppCRMDash\obj\Release\net8.0\PubTmp\Out\wwwroot\lib\highcharts\modules\grid-axis.min.js", "JavaScript", 0, 1, 0, 0, 0, 0, 0, 0, 0, 0, 1
"c:\Users\MSI SWORD 15 A12V\source\repos\SoftWhatsAppCRMDash\SoftWhatsAppCRMDash\obj\Release\net8.0\PubTmp\Out\wwwroot\lib\highcharts\modules\grid-axis.src.js", "JavaScript", 0, 764, 0, 0, 0, 0, 0, 0, 410, 19, 1193
"c:\Users\MSI SWORD 15 A12V\source\repos\SoftWhatsAppCRMDash\SoftWhatsAppCRMDash\obj\Release\net8.0\PubTmp\Out\wwwroot\lib\highcharts\modules\grid-axis.src.min.js", "JavaScript", 0, 1, 0, 0, 0, 0, 0, 0, 0, 0, 1
"c:\Users\MSI SWORD 15 A12V\source\repos\SoftWhatsAppCRMDash\SoftWhatsAppCRMDash\obj\Release\net8.0\PubTmp\Out\wwwroot\lib\highcharts\modules\heatmap.js", "JavaScript", 0, 3, 0, 0, 0, 0, 0, 0, 16, 0, 19
"c:\Users\MSI SWORD 15 A12V\source\repos\SoftWhatsAppCRMDash\SoftWhatsAppCRMDash\obj\Release\net8.0\PubTmp\Out\wwwroot\lib\highcharts\modules\heatmap.min.js", "JavaScript", 0, 1, 0, 0, 0, 0, 0, 0, 0, 0, 1
"c:\Users\MSI SWORD 15 A12V\source\repos\SoftWhatsAppCRMDash\SoftWhatsAppCRMDash\obj\Release\net8.0\PubTmp\Out\wwwroot\lib\highcharts\modules\heatmap.src.js", "JavaScript", 0, 1181, 0, 0, 0, 0, 0, 0, 1674, 80, 2935
"c:\Users\MSI SWORD 15 A12V\source\repos\SoftWhatsAppCRMDash\SoftWhatsAppCRMDash\obj\Release\net8.0\PubTmp\Out\wwwroot\lib\highcharts\modules\heatmap.src.min.js", "JavaScript", 0, 1, 0, 0, 0, 0, 0, 0, 0, 0, 1
"c:\Users\MSI SWORD 15 A12V\source\repos\SoftWhatsAppCRMDash\SoftWhatsAppCRMDash\obj\Release\net8.0\PubTmp\Out\wwwroot\lib\highcharts\modules\heikinashi.js", "JavaScript", 0, 2, 0, 0, 0, 0, 0, 0, 10, 0, 12
"c:\Users\MSI SWORD 15 A12V\source\repos\SoftWhatsAppCRMDash\SoftWhatsAppCRMDash\obj\Release\net8.0\PubTmp\Out\wwwroot\lib\highcharts\modules\heikinashi.min.js", "JavaScript", 0, 1, 0, 0, 0, 0, 0, 0, 0, 0, 1
"c:\Users\MSI SWORD 15 A12V\source\repos\SoftWhatsAppCRMDash\SoftWhatsAppCRMDash\obj\Release\net8.0\PubTmp\Out\wwwroot\lib\highcharts\modules\heikinashi.src.js", "JavaScript", 0, 174, 0, 0, 0, 0, 0, 0, 231, 26, 431
"c:\Users\MSI SWORD 15 A12V\source\repos\SoftWhatsAppCRMDash\SoftWhatsAppCRMDash\obj\Release\net8.0\PubTmp\Out\wwwroot\lib\highcharts\modules\heikinashi.src.min.js", "JavaScript", 0, 1, 0, 0, 0, 0, 0, 0, 0, 0, 1
"c:\Users\MSI SWORD 15 A12V\source\repos\SoftWhatsAppCRMDash\SoftWhatsAppCRMDash\obj\Release\net8.0\PubTmp\Out\wwwroot\lib\highcharts\modules\histogram-bellcurve.js", "JavaScript", 0, 2, 0, 0, 0, 0, 0, 0, 8, 0, 10
"c:\Users\MSI SWORD 15 A12V\source\repos\SoftWhatsAppCRMDash\SoftWhatsAppCRMDash\obj\Release\net8.0\PubTmp\Out\wwwroot\lib\highcharts\modules\histogram-bellcurve.min.js", "JavaScript", 0, 1, 0, 0, 0, 0, 0, 0, 0, 0, 1
"c:\Users\MSI SWORD 15 A12V\source\repos\SoftWhatsAppCRMDash\SoftWhatsAppCRMDash\obj\Release\net8.0\PubTmp\Out\wwwroot\lib\highcharts\modules\histogram-bellcurve.src.js", "JavaScript", 0, 320, 0, 0, 0, 0, 0, 0, 389, 39, 748
"c:\Users\MSI SWORD 15 A12V\source\repos\SoftWhatsAppCRMDash\SoftWhatsAppCRMDash\obj\Release\net8.0\PubTmp\Out\wwwroot\lib\highcharts\modules\histogram-bellcurve.src.min.js", "JavaScript", 0, 1, 0, 0, 0, 0, 0, 0, 0, 0, 1
"c:\Users\MSI SWORD 15 A12V\source\repos\SoftWhatsAppCRMDash\SoftWhatsAppCRMDash\obj\Release\net8.0\PubTmp\Out\wwwroot\lib\highcharts\modules\hollowcandlestick.js", "JavaScript", 0, 2, 0, 0, 0, 0, 0, 0, 10, 0, 12
"c:\Users\MSI SWORD 15 A12V\source\repos\SoftWhatsAppCRMDash\SoftWhatsAppCRMDash\obj\Release\net8.0\PubTmp\Out\wwwroot\lib\highcharts\modules\hollowcandlestick.min.js", "JavaScript", 0, 1, 0, 0, 0, 0, 0, 0, 0, 0, 1
"c:\Users\MSI SWORD 15 A12V\source\repos\SoftWhatsAppCRMDash\SoftWhatsAppCRMDash\obj\Release\net8.0\PubTmp\Out\wwwroot\lib\highcharts\modules\hollowcandlestick.src.js", "JavaScript", 0, 192, 0, 0, 0, 0, 0, 0, 313, 26, 531
"c:\Users\MSI SWORD 15 A12V\source\repos\SoftWhatsAppCRMDash\SoftWhatsAppCRMDash\obj\Release\net8.0\PubTmp\Out\wwwroot\lib\highcharts\modules\hollowcandlestick.src.min.js", "JavaScript", 0, 1, 0, 0, 0, 0, 0, 0, 0, 0, 1
"c:\Users\MSI SWORD 15 A12V\source\repos\SoftWhatsAppCRMDash\SoftWhatsAppCRMDash\obj\Release\net8.0\PubTmp\Out\wwwroot\lib\highcharts\modules\item-series.js", "JavaScript", 0, 2, 0, 0, 0, 0, 0, 0, 9, 0, 11
"c:\Users\MSI SWORD 15 A12V\source\repos\SoftWhatsAppCRMDash\SoftWhatsAppCRMDash\obj\Release\net8.0\PubTmp\Out\wwwroot\lib\highcharts\modules\item-series.min.js", "JavaScript", 0, 1, 0, 0, 0, 0, 0, 0, 0, 0, 1
"c:\Users\MSI SWORD 15 A12V\source\repos\SoftWhatsAppCRMDash\SoftWhatsAppCRMDash\obj\Release\net8.0\PubTmp\Out\wwwroot\lib\highcharts\modules\item-series.src.js", "JavaScript", 0, 446, 0, 0, 0, 0, 0, 0, 2620, 30, 3096
"c:\Users\MSI SWORD 15 A12V\source\repos\SoftWhatsAppCRMDash\SoftWhatsAppCRMDash\obj\Release\net8.0\PubTmp\Out\wwwroot\lib\highcharts\modules\item-series.src.min.js", "JavaScript", 0, 1, 0, 0, 0, 0, 0, 0, 0, 0, 1
"c:\Users\MSI SWORD 15 A12V\source\repos\SoftWhatsAppCRMDash\SoftWhatsAppCRMDash\obj\Release\net8.0\PubTmp\Out\wwwroot\lib\highcharts\modules\lollipop.js", "JavaScript", 0, 2, 0, 0, 0, 0, 0, 0, 7, 0, 9
"c:\Users\MSI SWORD 15 A12V\source\repos\SoftWhatsAppCRMDash\SoftWhatsAppCRMDash\obj\Release\net8.0\PubTmp\Out\wwwroot\lib\highcharts\modules\lollipop.min.js", "JavaScript", 0, 1, 0, 0, 0, 0, 0, 0, 0, 0, 1
"c:\Users\MSI SWORD 15 A12V\source\repos\SoftWhatsAppCRMDash\SoftWhatsAppCRMDash\obj\Release\net8.0\PubTmp\Out\wwwroot\lib\highcharts\modules\lollipop.src.js", "JavaScript", 0, 158, 0, 0, 0, 0, 0, 0, 217, 27, 402
"c:\Users\MSI SWORD 15 A12V\source\repos\SoftWhatsAppCRMDash\SoftWhatsAppCRMDash\obj\Release\net8.0\PubTmp\Out\wwwroot\lib\highcharts\modules\lollipop.src.min.js", "JavaScript", 0, 1, 0, 0, 0, 0, 0, 0, 0, 0, 1
"c:\Users\MSI SWORD 15 A12V\source\repos\SoftWhatsAppCRMDash\SoftWhatsAppCRMDash\obj\Release\net8.0\PubTmp\Out\wwwroot\lib\highcharts\modules\map.js", "JavaScript", 0, 3, 0, 0, 0, 0, 0, 0, 18, 0, 21
"c:\Users\MSI SWORD 15 A12V\source\repos\SoftWhatsAppCRMDash\SoftWhatsAppCRMDash\obj\Release\net8.0\PubTmp\Out\wwwroot\lib\highcharts\modules\map.min.js", "JavaScript", 0, 1, 0, 0, 0, 0, 0, 0, 0, 0, 1
"c:\Users\MSI SWORD 15 A12V\source\repos\SoftWhatsAppCRMDash\SoftWhatsAppCRMDash\obj\Release\net8.0\PubTmp\Out\wwwroot\lib\highcharts\modules\map.src.js", "JavaScript", 0, 5033, 0, 0, 0, 0, 0, 0, 6216, 260, 11509
"c:\Users\MSI SWORD 15 A12V\source\repos\SoftWhatsAppCRMDash\SoftWhatsAppCRMDash\obj\Release\net8.0\PubTmp\Out\wwwroot\lib\highcharts\modules\map.src.min.js", "JavaScript", 0, 1, 0, 0, 0, 0, 0, 0, 0, 0, 1
"c:\Users\MSI SWORD 15 A12V\source\repos\SoftWhatsAppCRMDash\SoftWhatsAppCRMDash\obj\Release\net8.0\PubTmp\Out\wwwroot\lib\highcharts\modules\marker-clusters.js", "JavaScript", 0, 2, 0, 0, 0, 0, 0, 0, 9, 0, 11
"c:\Users\MSI SWORD 15 A12V\source\repos\SoftWhatsAppCRMDash\SoftWhatsAppCRMDash\obj\Release\net8.0\PubTmp\Out\wwwroot\lib\highcharts\modules\marker-clusters.min.js", "JavaScript", 0, 1, 0, 0, 0, 0, 0, 0, 0, 0, 1
"c:\Users\MSI SWORD 15 A12V\source\repos\SoftWhatsAppCRMDash\SoftWhatsAppCRMDash\obj\Release\net8.0\PubTmp\Out\wwwroot\lib\highcharts\modules\marker-clusters.src.js", "JavaScript", 0, 1253, 0, 0, 0, 0, 0, 0, 779, 33, 2065
"c:\Users\MSI SWORD 15 A12V\source\repos\SoftWhatsAppCRMDash\SoftWhatsAppCRMDash\obj\Release\net8.0\PubTmp\Out\wwwroot\lib\highcharts\modules\marker-clusters.src.min.js", "JavaScript", 0, 1, 0, 0, 0, 0, 0, 0, 0, 0, 1
"c:\Users\MSI SWORD 15 A12V\source\repos\SoftWhatsAppCRMDash\SoftWhatsAppCRMDash\obj\Release\net8.0\PubTmp\Out\wwwroot\lib\highcharts\modules\mouse-wheel-zoom.js", "JavaScript", 0, 2, 0, 0, 0, 0, 0, 0, 9, 0, 11
"c:\Users\MSI SWORD 15 A12V\source\repos\SoftWhatsAppCRMDash\SoftWhatsAppCRMDash\obj\Release\net8.0\PubTmp\Out\wwwroot\lib\highcharts\modules\mouse-wheel-zoom.min.js", "JavaScript", 0, 1, 0, 0, 0, 0, 0, 0, 0, 0, 1
"c:\Users\MSI SWORD 15 A12V\source\repos\SoftWhatsAppCRMDash\SoftWhatsAppCRMDash\obj\Release\net8.0\PubTmp\Out\wwwroot\lib\highcharts\modules\mouse-wheel-zoom.src.js", "JavaScript", 0, 203, 0, 0, 0, 0, 0, 0, 189, 18, 410
"c:\Users\MSI SWORD 15 A12V\source\repos\SoftWhatsAppCRMDash\SoftWhatsAppCRMDash\obj\Release\net8.0\PubTmp\Out\wwwroot\lib\highcharts\modules\mouse-wheel-zoom.src.min.js", "JavaScript", 0, 1, 0, 0, 0, 0, 0, 0, 0, 0, 1
"c:\Users\MSI SWORD 15 A12V\source\repos\SoftWhatsAppCRMDash\SoftWhatsAppCRMDash\obj\Release\net8.0\PubTmp\Out\wwwroot\lib\highcharts\modules\navigator.js", "JavaScript", 0, 2, 0, 0, 0, 0, 0, 0, 9, 0, 11
"c:\Users\MSI SWORD 15 A12V\source\repos\SoftWhatsAppCRMDash\SoftWhatsAppCRMDash\obj\Release\net8.0\PubTmp\Out\wwwroot\lib\highcharts\modules\navigator.min.js", "JavaScript", 0, 1, 0, 0, 0, 0, 0, 0, 0, 0, 1
"c:\Users\MSI SWORD 15 A12V\source\repos\SoftWhatsAppCRMDash\SoftWhatsAppCRMDash\obj\Release\net8.0\PubTmp\Out\wwwroot\lib\highcharts\modules\navigator.src.js", "JavaScript", 0, 2448, 0, 0, 0, 0, 0, 0, 1887, 96, 4431
"c:\Users\MSI SWORD 15 A12V\source\repos\SoftWhatsAppCRMDash\SoftWhatsAppCRMDash\obj\Release\net8.0\PubTmp\Out\wwwroot\lib\highcharts\modules\navigator.src.min.js", "JavaScript", 0, 1, 0, 0, 0, 0, 0, 0, 0, 0, 1
"c:\Users\MSI SWORD 15 A12V\source\repos\SoftWhatsAppCRMDash\SoftWhatsAppCRMDash\obj\Release\net8.0\PubTmp\Out\wwwroot\lib\highcharts\modules\networkgraph.js", "JavaScript", 0, 2, 0, 0, 0, 0, 0, 0, 9, 0, 11
"c:\Users\MSI SWORD 15 A12V\source\repos\SoftWhatsAppCRMDash\SoftWhatsAppCRMDash\obj\Release\net8.0\PubTmp\Out\wwwroot\lib\highcharts\modules\networkgraph.min.js", "JavaScript", 0, 1, 0, 0, 0, 0, 0, 0, 0, 0, 1
"c:\Users\MSI SWORD 15 A12V\source\repos\SoftWhatsAppCRMDash\SoftWhatsAppCRMDash\obj\Release\net8.0\PubTmp\Out\wwwroot\lib\highcharts\modules\networkgraph.src.js", "JavaScript", 0, 1771, 0, 0, 0, 0, 0, 0, 1674, 76, 3521
"c:\Users\MSI SWORD 15 A12V\source\repos\SoftWhatsAppCRMDash\SoftWhatsAppCRMDash\obj\Release\net8.0\PubTmp\Out\wwwroot\lib\highcharts\modules\networkgraph.src.min.js", "JavaScript", 0, 1, 0, 0, 0, 0, 0, 0, 0, 0, 1
"c:\Users\MSI SWORD 15 A12V\source\repos\SoftWhatsAppCRMDash\SoftWhatsAppCRMDash\obj\Release\net8.0\PubTmp\Out\wwwroot\lib\highcharts\modules\no-data-to-display.js", "JavaScript", 0, 2, 0, 0, 0, 0, 0, 0, 10, 0, 12
"c:\Users\MSI SWORD 15 A12V\source\repos\SoftWhatsAppCRMDash\SoftWhatsAppCRMDash\obj\Release\net8.0\PubTmp\Out\wwwroot\lib\highcharts\modules\no-data-to-display.min.js", "JavaScript", 0, 1, 0, 0, 0, 0, 0, 0, 0, 0, 1
"c:\Users\MSI SWORD 15 A12V\source\repos\SoftWhatsAppCRMDash\SoftWhatsAppCRMDash\obj\Release\net8.0\PubTmp\Out\wwwroot\lib\highcharts\modules\no-data-to-display.src.js", "JavaScript", 0, 167, 0, 0, 0, 0, 0, 0, 182, 21, 370
"c:\Users\MSI SWORD 15 A12V\source\repos\SoftWhatsAppCRMDash\SoftWhatsAppCRMDash\obj\Release\net8.0\PubTmp\Out\wwwroot\lib\highcharts\modules\no-data-to-display.src.min.js", "JavaScript", 0, 1, 0, 0, 0, 0, 0, 0, 0, 0, 1
"c:\Users\MSI SWORD 15 A12V\source\repos\SoftWhatsAppCRMDash\SoftWhatsAppCRMDash\obj\Release\net8.0\PubTmp\Out\wwwroot\lib\highcharts\modules\offline-exporting.js", "JavaScript", 0, 2, 0, 0, 0, 0, 0, 0, 10, 0, 12
"c:\Users\MSI SWORD 15 A12V\source\repos\SoftWhatsAppCRMDash\SoftWhatsAppCRMDash\obj\Release\net8.0\PubTmp\Out\wwwroot\lib\highcharts\modules\offline-exporting.min.js", "JavaScript", 0, 1, 0, 0, 0, 0, 0, 0, 0, 0, 1
"c:\Users\MSI SWORD 15 A12V\source\repos\SoftWhatsAppCRMDash\SoftWhatsAppCRMDash\obj\Release\net8.0\PubTmp\Out\wwwroot\lib\highcharts\modules\offline-exporting.src.js", "JavaScript", 0, 1736, 0, 0, 0, 0, 0, 0, 1950, 61, 3747
"c:\Users\MSI SWORD 15 A12V\source\repos\SoftWhatsAppCRMDash\SoftWhatsAppCRMDash\obj\Release\net8.0\PubTmp\Out\wwwroot\lib\highcharts\modules\offline-exporting.src.min.js", "JavaScript", 0, 1, 0, 0, 0, 0, 0, 0, 0, 0, 1
"c:\Users\MSI SWORD 15 A12V\source\repos\SoftWhatsAppCRMDash\SoftWhatsAppCRMDash\obj\Release\net8.0\PubTmp\Out\wwwroot\lib\highcharts\modules\organization.js", "JavaScript", 0, 2, 0, 0, 0, 0, 0, 0, 9, 0, 11
"c:\Users\MSI SWORD 15 A12V\source\repos\SoftWhatsAppCRMDash\SoftWhatsAppCRMDash\obj\Release\net8.0\PubTmp\Out\wwwroot\lib\highcharts\modules\organization.min.js", "JavaScript", 0, 1, 0, 0, 0, 0, 0, 0, 0, 0, 1
"c:\Users\MSI SWORD 15 A12V\source\repos\SoftWhatsAppCRMDash\SoftWhatsAppCRMDash\obj\Release\net8.0\PubTmp\Out\wwwroot\lib\highcharts\modules\organization.src.js", "JavaScript", 0, 708, 0, 0, 0, 0, 0, 0, 628, 38, 1374
"c:\Users\MSI SWORD 15 A12V\source\repos\SoftWhatsAppCRMDash\SoftWhatsAppCRMDash\obj\Release\net8.0\PubTmp\Out\wwwroot\lib\highcharts\modules\organization.src.min.js", "JavaScript", 0, 1, 0, 0, 0, 0, 0, 0, 0, 0, 1
"c:\Users\MSI SWORD 15 A12V\source\repos\SoftWhatsAppCRMDash\SoftWhatsAppCRMDash\obj\Release\net8.0\PubTmp\Out\wwwroot\lib\highcharts\modules\overlapping-datalabels.js", "JavaScript", 0, 2, 0, 0, 0, 0, 0, 0, 7, 0, 9
"c:\Users\MSI SWORD 15 A12V\source\repos\SoftWhatsAppCRMDash\SoftWhatsAppCRMDash\obj\Release\net8.0\PubTmp\Out\wwwroot\lib\highcharts\modules\overlapping-datalabels.min.js", "JavaScript", 0, 1, 0, 0, 0, 0, 0, 0, 0, 0, 1
"c:\Users\MSI SWORD 15 A12V\source\repos\SoftWhatsAppCRMDash\SoftWhatsAppCRMDash\obj\Release\net8.0\PubTmp\Out\wwwroot\lib\highcharts\modules\overlapping-datalabels.src.js", "JavaScript", 0, 296, 0, 0, 0, 0, 0, 0, 161, 17, 474
"c:\Users\MSI SWORD 15 A12V\source\repos\SoftWhatsAppCRMDash\SoftWhatsAppCRMDash\obj\Release\net8.0\PubTmp\Out\wwwroot\lib\highcharts\modules\overlapping-datalabels.src.min.js", "JavaScript", 0, 1, 0, 0, 0, 0, 0, 0, 0, 0, 1
"c:\Users\MSI SWORD 15 A12V\source\repos\SoftWhatsAppCRMDash\SoftWhatsAppCRMDash\obj\Release\net8.0\PubTmp\Out\wwwroot\lib\highcharts\modules\parallel-coordinates.js", "JavaScript", 0, 2, 0, 0, 0, 0, 0, 0, 9, 0, 11
"c:\Users\MSI SWORD 15 A12V\source\repos\SoftWhatsAppCRMDash\SoftWhatsAppCRMDash\obj\Release\net8.0\PubTmp\Out\wwwroot\lib\highcharts\modules\parallel-coordinates.min.js", "JavaScript", 0, 1, 0, 0, 0, 0, 0, 0, 0, 0, 1
"c:\Users\MSI SWORD 15 A12V\source\repos\SoftWhatsAppCRMDash\SoftWhatsAppCRMDash\obj\Release\net8.0\PubTmp\Out\wwwroot\lib\highcharts\modules\parallel-coordinates.src.js", "JavaScript", 0, 388, 0, 0, 0, 0, 0, 0, 354, 31, 773
"c:\Users\MSI SWORD 15 A12V\source\repos\SoftWhatsAppCRMDash\SoftWhatsAppCRMDash\obj\Release\net8.0\PubTmp\Out\wwwroot\lib\highcharts\modules\parallel-coordinates.src.min.js", "JavaScript", 0, 1, 0, 0, 0, 0, 0, 0, 0, 0, 1
"c:\Users\MSI SWORD 15 A12V\source\repos\SoftWhatsAppCRMDash\SoftWhatsAppCRMDash\obj\Release\net8.0\PubTmp\Out\wwwroot\lib\highcharts\modules\pareto.js", "JavaScript", 0, 2, 0, 0, 0, 0, 0, 0, 9, 0, 11
"c:\Users\MSI SWORD 15 A12V\source\repos\SoftWhatsAppCRMDash\SoftWhatsAppCRMDash\obj\Release\net8.0\PubTmp\Out\wwwroot\lib\highcharts\modules\pareto.min.js", "JavaScript", 0, 1, 0, 0, 0, 0, 0, 0, 0, 0, 1
"c:\Users\MSI SWORD 15 A12V\source\repos\SoftWhatsAppCRMDash\SoftWhatsAppCRMDash\obj\Release\net8.0\PubTmp\Out\wwwroot\lib\highcharts\modules\pareto.src.js", "JavaScript", 0, 193, 0, 0, 0, 0, 0, 0, 233, 30, 456
"c:\Users\MSI SWORD 15 A12V\source\repos\SoftWhatsAppCRMDash\SoftWhatsAppCRMDash\obj\Release\net8.0\PubTmp\Out\wwwroot\lib\highcharts\modules\pareto.src.min.js", "JavaScript", 0, 1, 0, 0, 0, 0, 0, 0, 0, 0, 1
"c:\Users\MSI SWORD 15 A12V\source\repos\SoftWhatsAppCRMDash\SoftWhatsAppCRMDash\obj\Release\net8.0\PubTmp\Out\wwwroot\lib\highcharts\modules\pathfinder.js", "JavaScript", 0, 2, 0, 0, 0, 0, 0, 0, 9, 0, 11
"c:\Users\MSI SWORD 15 A12V\source\repos\SoftWhatsAppCRMDash\SoftWhatsAppCRMDash\obj\Release\net8.0\PubTmp\Out\wwwroot\lib\highcharts\modules\pathfinder.min.js", "JavaScript", 0, 1, 0, 0, 0, 0, 0, 0, 0, 0, 1
"c:\Users\MSI SWORD 15 A12V\source\repos\SoftWhatsAppCRMDash\SoftWhatsAppCRMDash\obj\Release\net8.0\PubTmp\Out\wwwroot\lib\highcharts\modules\pathfinder.src.js", "JavaScript", 0, 1153, 0, 0, 0, 0, 0, 0, 1260, 41, 2454
"c:\Users\MSI SWORD 15 A12V\source\repos\SoftWhatsAppCRMDash\SoftWhatsAppCRMDash\obj\Release\net8.0\PubTmp\Out\wwwroot\lib\highcharts\modules\pathfinder.src.min.js", "JavaScript", 0, 1, 0, 0, 0, 0, 0, 0, 0, 0, 1
"c:\Users\MSI SWORD 15 A12V\source\repos\SoftWhatsAppCRMDash\SoftWhatsAppCRMDash\obj\Release\net8.0\PubTmp\Out\wwwroot\lib\highcharts\modules\pattern-fill.js", "JavaScript", 0, 2, 0, 0, 0, 0, 0, 0, 10, 0, 12
"c:\Users\MSI SWORD 15 A12V\source\repos\SoftWhatsAppCRMDash\SoftWhatsAppCRMDash\obj\Release\net8.0\PubTmp\Out\wwwroot\lib\highcharts\modules\pattern-fill.min.js", "JavaScript", 0, 1, 0, 0, 0, 0, 0, 0, 0, 0, 1
"c:\Users\MSI SWORD 15 A12V\source\repos\SoftWhatsAppCRMDash\SoftWhatsAppCRMDash\obj\Release\net8.0\PubTmp\Out\wwwroot\lib\highcharts\modules\pattern-fill.src.js", "JavaScript", 0, 502, 0, 0, 0, 0, 0, 0, 315, 16, 833
"c:\Users\MSI SWORD 15 A12V\source\repos\SoftWhatsAppCRMDash\SoftWhatsAppCRMDash\obj\Release\net8.0\PubTmp\Out\wwwroot\lib\highcharts\modules\pattern-fill.src.min.js", "JavaScript", 0, 1, 0, 0, 0, 0, 0, 0, 0, 0, 1
"c:\Users\MSI SWORD 15 A12V\source\repos\SoftWhatsAppCRMDash\SoftWhatsAppCRMDash\obj\Release\net8.0\PubTmp\Out\wwwroot\lib\highcharts\modules\pictorial.js", "JavaScript", 0, 2, 0, 0, 0, 0, 0, 0, 9, 0, 11
"c:\Users\MSI SWORD 15 A12V\source\repos\SoftWhatsAppCRMDash\SoftWhatsAppCRMDash\obj\Release\net8.0\PubTmp\Out\wwwroot\lib\highcharts\modules\pictorial.min.js", "JavaScript", 0, 1, 0, 0, 0, 0, 0, 0, 0, 0, 1
"c:\Users\MSI SWORD 15 A12V\source\repos\SoftWhatsAppCRMDash\SoftWhatsAppCRMDash\obj\Release\net8.0\PubTmp\Out\wwwroot\lib\highcharts\modules\pictorial.src.js", "JavaScript", 0, 844, 0, 0, 0, 0, 0, 0, 630, 52, 1526
"c:\Users\MSI SWORD 15 A12V\source\repos\SoftWhatsAppCRMDash\SoftWhatsAppCRMDash\obj\Release\net8.0\PubTmp\Out\wwwroot\lib\highcharts\modules\pictorial.src.min.js", "JavaScript", 0, 1, 0, 0, 0, 0, 0, 0, 0, 0, 1
"c:\Users\MSI SWORD 15 A12V\source\repos\SoftWhatsAppCRMDash\SoftWhatsAppCRMDash\obj\Release\net8.0\PubTmp\Out\wwwroot\lib\highcharts\modules\pointandfigure.js", "JavaScript", 0, 2, 0, 0, 0, 0, 0, 0, 10, 0, 12
"c:\Users\MSI SWORD 15 A12V\source\repos\SoftWhatsAppCRMDash\SoftWhatsAppCRMDash\obj\Release\net8.0\PubTmp\Out\wwwroot\lib\highcharts\modules\pointandfigure.min.js", "JavaScript", 0, 1, 0, 0, 0, 0, 0, 0, 0, 0, 1
"c:\Users\MSI SWORD 15 A12V\source\repos\SoftWhatsAppCRMDash\SoftWhatsAppCRMDash\obj\Release\net8.0\PubTmp\Out\wwwroot\lib\highcharts\modules\pointandfigure.src.js", "JavaScript", 0, 309, 0, 0, 0, 0, 0, 0, 279, 32, 620
"c:\Users\MSI SWORD 15 A12V\source\repos\SoftWhatsAppCRMDash\SoftWhatsAppCRMDash\obj\Release\net8.0\PubTmp\Out\wwwroot\lib\highcharts\modules\pointandfigure.src.min.js", "JavaScript", 0, 1, 0, 0, 0, 0, 0, 0, 0, 0, 1
"c:\Users\MSI SWORD 15 A12V\source\repos\SoftWhatsAppCRMDash\SoftWhatsAppCRMDash\obj\Release\net8.0\PubTmp\Out\wwwroot\lib\highcharts\modules\price-indicator.js", "JavaScript", 0, 2, 0, 0, 0, 0, 0, 0, 11, 0, 13
"c:\Users\MSI SWORD 15 A12V\source\repos\SoftWhatsAppCRMDash\SoftWhatsAppCRMDash\obj\Release\net8.0\PubTmp\Out\wwwroot\lib\highcharts\modules\price-indicator.min.js", "JavaScript", 0, 1, 0, 0, 0, 0, 0, 0, 0, 0, 1
"c:\Users\MSI SWORD 15 A12V\source\repos\SoftWhatsAppCRMDash\SoftWhatsAppCRMDash\obj\Release\net8.0\PubTmp\Out\wwwroot\lib\highcharts\modules\price-indicator.src.js", "JavaScript", 0, 152, 0, 0, 0, 0, 0, 0, 276, 15, 443
"c:\Users\MSI SWORD 15 A12V\source\repos\SoftWhatsAppCRMDash\SoftWhatsAppCRMDash\obj\Release\net8.0\PubTmp\Out\wwwroot\lib\highcharts\modules\price-indicator.src.min.js", "JavaScript", 0, 1, 0, 0, 0, 0, 0, 0, 0, 0, 1
"c:\Users\MSI SWORD 15 A12V\source\repos\SoftWhatsAppCRMDash\SoftWhatsAppCRMDash\obj\Release\net8.0\PubTmp\Out\wwwroot\lib\highcharts\modules\pyramid3d.js", "JavaScript", 0, 2, 0, 0, 0, 0, 0, 0, 12, 0, 14
"c:\Users\MSI SWORD 15 A12V\source\repos\SoftWhatsAppCRMDash\SoftWhatsAppCRMDash\obj\Release\net8.0\PubTmp\Out\wwwroot\lib\highcharts\modules\pyramid3d.min.js", "JavaScript", 0, 1, 0, 0, 0, 0, 0, 0, 0, 0, 1
"c:\Users\MSI SWORD 15 A12V\source\repos\SoftWhatsAppCRMDash\SoftWhatsAppCRMDash\obj\Release\net8.0\PubTmp\Out\wwwroot\lib\highcharts\modules\pyramid3d.src.js", "JavaScript", 0, 102, 0, 0, 0, 0, 0, 0, 175, 21, 298
"c:\Users\MSI SWORD 15 A12V\source\repos\SoftWhatsAppCRMDash\SoftWhatsAppCRMDash\obj\Release\net8.0\PubTmp\Out\wwwroot\lib\highcharts\modules\pyramid3d.src.min.js", "JavaScript", 0, 1, 0, 0, 0, 0, 0, 0, 0, 0, 1
"c:\Users\MSI SWORD 15 A12V\source\repos\SoftWhatsAppCRMDash\SoftWhatsAppCRMDash\obj\Release\net8.0\PubTmp\Out\wwwroot\lib\highcharts\modules\renko.js", "JavaScript", 0, 2, 0, 0, 0, 0, 0, 0, 10, 0, 12
"c:\Users\MSI SWORD 15 A12V\source\repos\SoftWhatsAppCRMDash\SoftWhatsAppCRMDash\obj\Release\net8.0\PubTmp\Out\wwwroot\lib\highcharts\modules\renko.min.js", "JavaScript", 0, 1, 0, 0, 0, 0, 0, 0, 0, 0, 1
"c:\Users\MSI SWORD 15 A12V\source\repos\SoftWhatsAppCRMDash\SoftWhatsAppCRMDash\obj\Release\net8.0\PubTmp\Out\wwwroot\lib\highcharts\modules\renko.src.js", "JavaScript", 0, 223, 0, 0, 0, 0, 0, 0, 189, 29, 441
"c:\Users\MSI SWORD 15 A12V\source\repos\SoftWhatsAppCRMDash\SoftWhatsAppCRMDash\obj\Release\net8.0\PubTmp\Out\wwwroot\lib\highcharts\modules\renko.src.min.js", "JavaScript", 0, 1, 0, 0, 0, 0, 0, 0, 0, 0, 1
"c:\Users\MSI SWORD 15 A12V\source\repos\SoftWhatsAppCRMDash\SoftWhatsAppCRMDash\obj\Release\net8.0\PubTmp\Out\wwwroot\lib\highcharts\modules\sankey.js", "JavaScript", 0, 2, 0, 0, 0, 0, 0, 0, 9, 0, 11
"c:\Users\MSI SWORD 15 A12V\source\repos\SoftWhatsAppCRMDash\SoftWhatsAppCRMDash\obj\Release\net8.0\PubTmp\Out\wwwroot\lib\highcharts\modules\sankey.min.js", "JavaScript", 0, 1, 0, 0, 0, 0, 0, 0, 0, 0, 1
"c:\Users\MSI SWORD 15 A12V\source\repos\SoftWhatsAppCRMDash\SoftWhatsAppCRMDash\obj\Release\net8.0\PubTmp\Out\wwwroot\lib\highcharts\modules\sankey.src.js", "JavaScript", 0, 1107, 0, 0, 0, 0, 0, 0, 1201, 58, 2366
"c:\Users\MSI SWORD 15 A12V\source\repos\SoftWhatsAppCRMDash\SoftWhatsAppCRMDash\obj\Release\net8.0\PubTmp\Out\wwwroot\lib\highcharts\modules\sankey.src.min.js", "JavaScript", 0, 1, 0, 0, 0, 0, 0, 0, 0, 0, 1
"c:\Users\MSI SWORD 15 A12V\source\repos\SoftWhatsAppCRMDash\SoftWhatsAppCRMDash\obj\Release\net8.0\PubTmp\Out\wwwroot\lib\highcharts\modules\series-label.js", "JavaScript", 0, 2, 0, 0, 0, 0, 0, 0, 7, 0, 9
"c:\Users\MSI SWORD 15 A12V\source\repos\SoftWhatsAppCRMDash\SoftWhatsAppCRMDash\obj\Release\net8.0\PubTmp\Out\wwwroot\lib\highcharts\modules\series-label.min.js", "JavaScript", 0, 1, 0, 0, 0, 0, 0, 0, 0, 0, 1
"c:\Users\MSI SWORD 15 A12V\source\repos\SoftWhatsAppCRMDash\SoftWhatsAppCRMDash\obj\Release\net8.0\PubTmp\Out\wwwroot\lib\highcharts\modules\series-label.src.js", "JavaScript", 0, 618, 0, 0, 0, 0, 0, 0, 360, 27, 1005
"c:\Users\MSI SWORD 15 A12V\source\repos\SoftWhatsAppCRMDash\SoftWhatsAppCRMDash\obj\Release\net8.0\PubTmp\Out\wwwroot\lib\highcharts\modules\series-label.src.min.js", "JavaScript", 0, 1, 0, 0, 0, 0, 0, 0, 0, 0, 1
"c:\Users\MSI SWORD 15 A12V\source\repos\SoftWhatsAppCRMDash\SoftWhatsAppCRMDash\obj\Release\net8.0\PubTmp\Out\wwwroot\lib\highcharts\modules\series-on-point.js", "JavaScript", 0, 2, 0, 0, 0, 0, 0, 0, 10, 0, 12
"c:\Users\MSI SWORD 15 A12V\source\repos\SoftWhatsAppCRMDash\SoftWhatsAppCRMDash\obj\Release\net8.0\PubTmp\Out\wwwroot\lib\highcharts\modules\series-on-point.min.js", "JavaScript", 0, 1, 0, 0, 0, 0, 0, 0, 0, 0, 1
"c:\Users\MSI SWORD 15 A12V\source\repos\SoftWhatsAppCRMDash\SoftWhatsAppCRMDash\obj\Release\net8.0\PubTmp\Out\wwwroot\lib\highcharts\modules\series-on-point.src.js", "JavaScript", 0, 343, 0, 0, 0, 0, 0, 0, 448, 35, 826
"c:\Users\MSI SWORD 15 A12V\source\repos\SoftWhatsAppCRMDash\SoftWhatsAppCRMDash\obj\Release\net8.0\PubTmp\Out\wwwroot\lib\highcharts\modules\series-on-point.src.min.js", "JavaScript", 0, 1, 0, 0, 0, 0, 0, 0, 0, 0, 1
"c:\Users\MSI SWORD 15 A12V\source\repos\SoftWhatsAppCRMDash\SoftWhatsAppCRMDash\obj\Release\net8.0\PubTmp\Out\wwwroot\lib\highcharts\modules\solid-gauge.js", "JavaScript", 0, 2, 0, 0, 0, 0, 0, 0, 10, 0, 12
"c:\Users\MSI SWORD 15 A12V\source\repos\SoftWhatsAppCRMDash\SoftWhatsAppCRMDash\obj\Release\net8.0\PubTmp\Out\wwwroot\lib\highcharts\modules\solid-gauge.min.js", "JavaScript", 0, 1, 0, 0, 0, 0, 0, 0, 0, 0, 1
"c:\Users\MSI SWORD 15 A12V\source\repos\SoftWhatsAppCRMDash\SoftWhatsAppCRMDash\obj\Release\net8.0\PubTmp\Out\wwwroot\lib\highcharts\modules\solid-gauge.src.js", "JavaScript", 0, 524, 0, 0, 0, 0, 0, 0, 499, 39, 1062
"c:\Users\MSI SWORD 15 A12V\source\repos\SoftWhatsAppCRMDash\SoftWhatsAppCRMDash\obj\Release\net8.0\PubTmp\Out\wwwroot\lib\highcharts\modules\solid-gauge.src.min.js", "JavaScript", 0, 1, 0, 0, 0, 0, 0, 0, 0, 0, 1
"c:\Users\MSI SWORD 15 A12V\source\repos\SoftWhatsAppCRMDash\SoftWhatsAppCRMDash\obj\Release\net8.0\PubTmp\Out\wwwroot\lib\highcharts\modules\sonification.js", "JavaScript", 0, 2, 0, 0, 0, 0, 0, 0, 10, 0, 12
"c:\Users\MSI SWORD 15 A12V\source\repos\SoftWhatsAppCRMDash\SoftWhatsAppCRMDash\obj\Release\net8.0\PubTmp\Out\wwwroot\lib\highcharts\modules\sonification.min.js", "JavaScript", 0, 1, 0, 0, 0, 0, 0, 0, 0, 0, 1
"c:\Users\MSI SWORD 15 A12V\source\repos\SoftWhatsAppCRMDash\SoftWhatsAppCRMDash\obj\Release\net8.0\PubTmp\Out\wwwroot\lib\highcharts\modules\sonification.src.js", "JavaScript", 0, 3273, 0, 0, 0, 0, 0, 0, 2278, 70, 5621
"c:\Users\MSI SWORD 15 A12V\source\repos\SoftWhatsAppCRMDash\SoftWhatsAppCRMDash\obj\Release\net8.0\PubTmp\Out\wwwroot\lib\highcharts\modules\sonification.src.min.js", "JavaScript", 0, 1, 0, 0, 0, 0, 0, 0, 0, 0, 1
"c:\Users\MSI SWORD 15 A12V\source\repos\SoftWhatsAppCRMDash\SoftWhatsAppCRMDash\obj\Release\net8.0\PubTmp\Out\wwwroot\lib\highcharts\modules\static-scale.js", "JavaScript", 0, 2, 0, 0, 0, 0, 0, 0, 9, 0, 11
"c:\Users\MSI SWORD 15 A12V\source\repos\SoftWhatsAppCRMDash\SoftWhatsAppCRMDash\obj\Release\net8.0\PubTmp\Out\wwwroot\lib\highcharts\modules\static-scale.min.js", "JavaScript", 0, 1, 0, 0, 0, 0, 0, 0, 0, 0, 1
"c:\Users\MSI SWORD 15 A12V\source\repos\SoftWhatsAppCRMDash\SoftWhatsAppCRMDash\obj\Release\net8.0\PubTmp\Out\wwwroot\lib\highcharts\modules\static-scale.src.js", "JavaScript", 0, 136, 0, 0, 0, 0, 0, 0, 69, 14, 219
"c:\Users\MSI SWORD 15 A12V\source\repos\SoftWhatsAppCRMDash\SoftWhatsAppCRMDash\obj\Release\net8.0\PubTmp\Out\wwwroot\lib\highcharts\modules\static-scale.src.min.js", "JavaScript", 0, 1, 0, 0, 0, 0, 0, 0, 0, 0, 1
"c:\Users\MSI SWORD 15 A12V\source\repos\SoftWhatsAppCRMDash\SoftWhatsAppCRMDash\obj\Release\net8.0\PubTmp\Out\wwwroot\lib\highcharts\modules\stock-tools.js", "JavaScript", 0, 2, 0, 0, 0, 0, 0, 0, 11, 0, 13
"c:\Users\MSI SWORD 15 A12V\source\repos\SoftWhatsAppCRMDash\SoftWhatsAppCRMDash\obj\Release\net8.0\PubTmp\Out\wwwroot\lib\highcharts\modules\stock-tools.min.js", "JavaScript", 0, 1, 0, 0, 0, 0, 0, 0, 0, 0, 1
"c:\Users\MSI SWORD 15 A12V\source\repos\SoftWhatsAppCRMDash\SoftWhatsAppCRMDash\obj\Release\net8.0\PubTmp\Out\wwwroot\lib\highcharts\modules\stock-tools.src.js", "JavaScript", 0, 3278, 0, 0, 0, 0, 0, 0, 2439, 73, 5790
"c:\Users\MSI SWORD 15 A12V\source\repos\SoftWhatsAppCRMDash\SoftWhatsAppCRMDash\obj\Release\net8.0\PubTmp\Out\wwwroot\lib\highcharts\modules\stock-tools.src.min.js", "JavaScript", 0, 1, 0, 0, 0, 0, 0, 0, 0, 0, 1
"c:\Users\MSI SWORD 15 A12V\source\repos\SoftWhatsAppCRMDash\SoftWhatsAppCRMDash\obj\Release\net8.0\PubTmp\Out\wwwroot\lib\highcharts\modules\stock.js", "JavaScript", 0, 4, 0, 0, 0, 0, 0, 0, 25, 0, 29
"c:\Users\MSI SWORD 15 A12V\source\repos\SoftWhatsAppCRMDash\SoftWhatsAppCRMDash\obj\Release\net8.0\PubTmp\Out\wwwroot\lib\highcharts\modules\stock.min.js", "JavaScript", 0, 1, 0, 0, 0, 0, 0, 0, 0, 0, 1
"c:\Users\MSI SWORD 15 A12V\source\repos\SoftWhatsAppCRMDash\SoftWhatsAppCRMDash\obj\Release\net8.0\PubTmp\Out\wwwroot\lib\highcharts\modules\stock.src.js", "JavaScript", 0, 7201, 0, 0, 0, 0, 0, 0, 6281, 269, 13751
"c:\Users\MSI SWORD 15 A12V\source\repos\SoftWhatsAppCRMDash\SoftWhatsAppCRMDash\obj\Release\net8.0\PubTmp\Out\wwwroot\lib\highcharts\modules\stock.src.min.js", "JavaScript", 0, 1, 0, 0, 0, 0, 0, 0, 0, 0, 1
"c:\Users\MSI SWORD 15 A12V\source\repos\SoftWhatsAppCRMDash\SoftWhatsAppCRMDash\obj\Release\net8.0\PubTmp\Out\wwwroot\lib\highcharts\modules\streamgraph.js", "JavaScript", 0, 2, 0, 0, 0, 0, 0, 0, 9, 0, 11
"c:\Users\MSI SWORD 15 A12V\source\repos\SoftWhatsAppCRMDash\SoftWhatsAppCRMDash\obj\Release\net8.0\PubTmp\Out\wwwroot\lib\highcharts\modules\streamgraph.min.js", "JavaScript", 0, 1, 0, 0, 0, 0, 0, 0, 0, 0, 1
"c:\Users\MSI SWORD 15 A12V\source\repos\SoftWhatsAppCRMDash\SoftWhatsAppCRMDash\obj\Release\net8.0\PubTmp\Out\wwwroot\lib\highcharts\modules\streamgraph.src.js", "JavaScript", 0, 115, 0, 0, 0, 0, 0, 0, 208, 21, 344
"c:\Users\MSI SWORD 15 A12V\source\repos\SoftWhatsAppCRMDash\SoftWhatsAppCRMDash\obj\Release\net8.0\PubTmp\Out\wwwroot\lib\highcharts\modules\streamgraph.src.min.js", "JavaScript", 0, 1, 0, 0, 0, 0, 0, 0, 0, 0, 1
"c:\Users\MSI SWORD 15 A12V\source\repos\SoftWhatsAppCRMDash\SoftWhatsAppCRMDash\obj\Release\net8.0\PubTmp\Out\wwwroot\lib\highcharts\modules\sunburst.js", "JavaScript", 0, 2, 0, 0, 0, 0, 0, 0, 8, 0, 10
"c:\Users\MSI SWORD 15 A12V\source\repos\SoftWhatsAppCRMDash\SoftWhatsAppCRMDash\obj\Release\net8.0\PubTmp\Out\wwwroot\lib\highcharts\modules\sunburst.min.js", "JavaScript", 0, 1, 0, 0, 0, 0, 0, 0, 0, 0, 1
"c:\Users\MSI SWORD 15 A12V\source\repos\SoftWhatsAppCRMDash\SoftWhatsAppCRMDash\obj\Release\net8.0\PubTmp\Out\wwwroot\lib\highcharts\modules\sunburst.src.js", "JavaScript", 0, 2598, 0, 0, 0, 0, 0, 0, 2490, 111, 5199
"c:\Users\MSI SWORD 15 A12V\source\repos\SoftWhatsAppCRMDash\SoftWhatsAppCRMDash\obj\Release\net8.0\PubTmp\Out\wwwroot\lib\highcharts\modules\sunburst.src.min.js", "JavaScript", 0, 1, 0, 0, 0, 0, 0, 0, 0, 0, 1
"c:\Users\MSI SWORD 15 A12V\source\repos\SoftWhatsAppCRMDash\SoftWhatsAppCRMDash\obj\Release\net8.0\PubTmp\Out\wwwroot\lib\highcharts\modules\textpath.js", "JavaScript", 0, 2, 0, 0, 0, 0, 0, 0, 7, 0, 9
"c:\Users\MSI SWORD 15 A12V\source\repos\SoftWhatsAppCRMDash\SoftWhatsAppCRMDash\obj\Release\net8.0\PubTmp\Out\wwwroot\lib\highcharts\modules\textpath.min.js", "JavaScript", 0, 1, 0, 0, 0, 0, 0, 0, 0, 0, 1
"c:\Users\MSI SWORD 15 A12V\source\repos\SoftWhatsAppCRMDash\SoftWhatsAppCRMDash\obj\Release\net8.0\PubTmp\Out\wwwroot\lib\highcharts\modules\textpath.src.js", "JavaScript", 0, 231, 0, 0, 0, 0, 0, 0, 95, 15, 341
"c:\Users\MSI SWORD 15 A12V\source\repos\SoftWhatsAppCRMDash\SoftWhatsAppCRMDash\obj\Release\net8.0\PubTmp\Out\wwwroot\lib\highcharts\modules\textpath.src.min.js", "JavaScript", 0, 1, 0, 0, 0, 0, 0, 0, 0, 0, 1
"c:\Users\MSI SWORD 15 A12V\source\repos\SoftWhatsAppCRMDash\SoftWhatsAppCRMDash\obj\Release\net8.0\PubTmp\Out\wwwroot\lib\highcharts\modules\tiledwebmap.js", "JavaScript", 0, 5, 0, 0, 0, 0, 0, 0, 7, 0, 12
"c:\Users\MSI SWORD 15 A12V\source\repos\SoftWhatsAppCRMDash\SoftWhatsAppCRMDash\obj\Release\net8.0\PubTmp\Out\wwwroot\lib\highcharts\modules\tiledwebmap.min.js", "JavaScript", 0, 4, 0, 0, 0, 0, 0, 0, 0, 0, 4
"c:\Users\MSI SWORD 15 A12V\source\repos\SoftWhatsAppCRMDash\SoftWhatsAppCRMDash\obj\Release\net8.0\PubTmp\Out\wwwroot\lib\highcharts\modules\tiledwebmap.src.js", "JavaScript", 0, 767, 0, 0, 0, 0, 0, 0, 371, 44, 1182
"c:\Users\MSI SWORD 15 A12V\source\repos\SoftWhatsAppCRMDash\SoftWhatsAppCRMDash\obj\Release\net8.0\PubTmp\Out\wwwroot\lib\highcharts\modules\tiledwebmap.src.min.js", "JavaScript", 0, 4, 0, 0, 0, 0, 0, 0, 0, 0, 4
"c:\Users\MSI SWORD 15 A12V\source\repos\SoftWhatsAppCRMDash\SoftWhatsAppCRMDash\obj\Release\net8.0\PubTmp\Out\wwwroot\lib\highcharts\modules\tilemap.js", "JavaScript", 0, 2, 0, 0, 0, 0, 0, 0, 10, 0, 12
"c:\Users\MSI SWORD 15 A12V\source\repos\SoftWhatsAppCRMDash\SoftWhatsAppCRMDash\obj\Release\net8.0\PubTmp\Out\wwwroot\lib\highcharts\modules\tilemap.min.js", "JavaScript", 0, 1, 0, 0, 0, 0, 0, 0, 0, 0, 1
"c:\Users\MSI SWORD 15 A12V\source\repos\SoftWhatsAppCRMDash\SoftWhatsAppCRMDash\obj\Release\net8.0\PubTmp\Out\wwwroot\lib\highcharts\modules\tilemap.src.js", "JavaScript", 0, 579, 0, 0, 0, 0, 0, 0, 534, 41, 1154
"c:\Users\MSI SWORD 15 A12V\source\repos\SoftWhatsAppCRMDash\SoftWhatsAppCRMDash\obj\Release\net8.0\PubTmp\Out\wwwroot\lib\highcharts\modules\tilemap.src.min.js", "JavaScript", 0, 1, 0, 0, 0, 0, 0, 0, 0, 0, 1
"c:\Users\MSI SWORD 15 A12V\source\repos\SoftWhatsAppCRMDash\SoftWhatsAppCRMDash\obj\Release\net8.0\PubTmp\Out\wwwroot\lib\highcharts\modules\timeline.js", "JavaScript", 0, 2, 0, 0, 0, 0, 0, 0, 10, 0, 12
"c:\Users\MSI SWORD 15 A12V\source\repos\SoftWhatsAppCRMDash\SoftWhatsAppCRMDash\obj\Release\net8.0\PubTmp\Out\wwwroot\lib\highcharts\modules\timeline.min.js", "JavaScript", 0, 1, 0, 0, 0, 0, 0, 0, 0, 0, 1
"c:\Users\MSI SWORD 15 A12V\source\repos\SoftWhatsAppCRMDash\SoftWhatsAppCRMDash\obj\Release\net8.0\PubTmp\Out\wwwroot\lib\highcharts\modules\timeline.src.js", "JavaScript", 0, 442, 0, 0, 0, 0, 0, 0, 326, 30, 798
"c:\Users\MSI SWORD 15 A12V\source\repos\SoftWhatsAppCRMDash\SoftWhatsAppCRMDash\obj\Release\net8.0\PubTmp\Out\wwwroot\lib\highcharts\modules\timeline.src.min.js", "JavaScript", 0, 1, 0, 0, 0, 0, 0, 0, 0, 0, 1
"c:\Users\MSI SWORD 15 A12V\source\repos\SoftWhatsAppCRMDash\SoftWhatsAppCRMDash\obj\Release\net8.0\PubTmp\Out\wwwroot\lib\highcharts\modules\treegraph.js", "JavaScript", 0, 2, 0, 0, 0, 0, 0, 0, 9, 0, 11
"c:\Users\MSI SWORD 15 A12V\source\repos\SoftWhatsAppCRMDash\SoftWhatsAppCRMDash\obj\Release\net8.0\PubTmp\Out\wwwroot\lib\highcharts\modules\treegraph.min.js", "JavaScript", 0, 1, 0, 0, 0, 0, 0, 0, 0, 0, 1
"c:\Users\MSI SWORD 15 A12V\source\repos\SoftWhatsAppCRMDash\SoftWhatsAppCRMDash\obj\Release\net8.0\PubTmp\Out\wwwroot\lib\highcharts\modules\treegraph.src.js", "JavaScript", 0, 1341, 0, 0, 0, 0, 0, 0, 952, 68, 2361
"c:\Users\MSI SWORD 15 A12V\source\repos\SoftWhatsAppCRMDash\SoftWhatsAppCRMDash\obj\Release\net8.0\PubTmp\Out\wwwroot\lib\highcharts\modules\treegraph.src.min.js", "JavaScript", 0, 1, 0, 0, 0, 0, 0, 0, 0, 0, 1
"c:\Users\MSI SWORD 15 A12V\source\repos\SoftWhatsAppCRMDash\SoftWhatsAppCRMDash\obj\Release\net8.0\PubTmp\Out\wwwroot\lib\highcharts\modules\treegrid.js", "JavaScript", 0, 2, 0, 0, 0, 0, 0, 0, 9, 0, 11
"c:\Users\MSI SWORD 15 A12V\source\repos\SoftWhatsAppCRMDash\SoftWhatsAppCRMDash\obj\Release\net8.0\PubTmp\Out\wwwroot\lib\highcharts\modules\treegrid.min.js", "JavaScript", 0, 1, 0, 0, 0, 0, 0, 0, 0, 0, 1
"c:\Users\MSI SWORD 15 A12V\source\repos\SoftWhatsAppCRMDash\SoftWhatsAppCRMDash\obj\Release\net8.0\PubTmp\Out\wwwroot\lib\highcharts\modules\treegrid.src.js", "JavaScript", 0, 1966, 0, 0, 0, 0, 0, 0, 1211, 47, 3224
"c:\Users\MSI SWORD 15 A12V\source\repos\SoftWhatsAppCRMDash\SoftWhatsAppCRMDash\obj\Release\net8.0\PubTmp\Out\wwwroot\lib\highcharts\modules\treegrid.src.min.js", "JavaScript", 0, 1, 0, 0, 0, 0, 0, 0, 0, 0, 1
"c:\Users\MSI SWORD 15 A12V\source\repos\SoftWhatsAppCRMDash\SoftWhatsAppCRMDash\obj\Release\net8.0\PubTmp\Out\wwwroot\lib\highcharts\modules\treemap.js", "JavaScript", 0, 2, 0, 0, 0, 0, 0, 0, 8, 0, 10
"c:\Users\MSI SWORD 15 A12V\source\repos\SoftWhatsAppCRMDash\SoftWhatsAppCRMDash\obj\Release\net8.0\PubTmp\Out\wwwroot\lib\highcharts\modules\treemap.min.js", "JavaScript", 0, 1, 0, 0, 0, 0, 0, 0, 0, 0, 1
"c:\Users\MSI SWORD 15 A12V\source\repos\SoftWhatsAppCRMDash\SoftWhatsAppCRMDash\obj\Release\net8.0\PubTmp\Out\wwwroot\lib\highcharts\modules\treemap.src.js", "JavaScript", 0, 1740, 0, 0, 0, 0, 0, 0, 1773, 72, 3585
"c:\Users\MSI SWORD 15 A12V\source\repos\SoftWhatsAppCRMDash\SoftWhatsAppCRMDash\obj\Release\net8.0\PubTmp\Out\wwwroot\lib\highcharts\modules\treemap.src.min.js", "JavaScript", 0, 1, 0, 0, 0, 0, 0, 0, 0, 0, 1
"c:\Users\MSI SWORD 15 A12V\source\repos\SoftWhatsAppCRMDash\SoftWhatsAppCRMDash\obj\Release\net8.0\PubTmp\Out\wwwroot\lib\highcharts\modules\variable-pie.js", "JavaScript", 0, 2, 0, 0, 0, 0, 0, 0, 9, 0, 11
"c:\Users\MSI SWORD 15 A12V\source\repos\SoftWhatsAppCRMDash\SoftWhatsAppCRMDash\obj\Release\net8.0\PubTmp\Out\wwwroot\lib\highcharts\modules\variable-pie.min.js", "JavaScript", 0, 1, 0, 0, 0, 0, 0, 0, 0, 0, 1
"c:\Users\MSI SWORD 15 A12V\source\repos\SoftWhatsAppCRMDash\SoftWhatsAppCRMDash\obj\Release\net8.0\PubTmp\Out\wwwroot\lib\highcharts\modules\variable-pie.src.js", "JavaScript", 0, 241, 0, 0, 0, 0, 0, 0, 296, 21, 558
"c:\Users\MSI SWORD 15 A12V\source\repos\SoftWhatsAppCRMDash\SoftWhatsAppCRMDash\obj\Release\net8.0\PubTmp\Out\wwwroot\lib\highcharts\modules\variable-pie.src.min.js", "JavaScript", 0, 1, 0, 0, 0, 0, 0, 0, 0, 0, 1
"c:\Users\MSI SWORD 15 A12V\source\repos\SoftWhatsAppCRMDash\SoftWhatsAppCRMDash\obj\Release\net8.0\PubTmp\Out\wwwroot\lib\highcharts\modules\variwide.js", "JavaScript", 0, 2, 0, 0, 0, 0, 0, 0, 9, 0, 11
"c:\Users\MSI SWORD 15 A12V\source\repos\SoftWhatsAppCRMDash\SoftWhatsAppCRMDash\obj\Release\net8.0\PubTmp\Out\wwwroot\lib\highcharts\modules\variwide.min.js", "JavaScript", 0, 1, 0, 0, 0, 0, 0, 0, 0, 0, 1
"c:\Users\MSI SWORD 15 A12V\source\repos\SoftWhatsAppCRMDash\SoftWhatsAppCRMDash\obj\Release\net8.0\PubTmp\Out\wwwroot\lib\highcharts\modules\variwide.src.js", "JavaScript", 0, 279, 0, 0, 0, 0, 0, 0, 289, 31, 599
"c:\Users\MSI SWORD 15 A12V\source\repos\SoftWhatsAppCRMDash\SoftWhatsAppCRMDash\obj\Release\net8.0\PubTmp\Out\wwwroot\lib\highcharts\modules\variwide.src.min.js", "JavaScript", 0, 1, 0, 0, 0, 0, 0, 0, 0, 0, 1
"c:\Users\MSI SWORD 15 A12V\source\repos\SoftWhatsAppCRMDash\SoftWhatsAppCRMDash\obj\Release\net8.0\PubTmp\Out\wwwroot\lib\highcharts\modules\vector.js", "JavaScript", 0, 2, 0, 0, 0, 0, 0, 0, 9, 0, 11
"c:\Users\MSI SWORD 15 A12V\source\repos\SoftWhatsAppCRMDash\SoftWhatsAppCRMDash\obj\Release\net8.0\PubTmp\Out\wwwroot\lib\highcharts\modules\vector.min.js", "JavaScript", 0, 1, 0, 0, 0, 0, 0, 0, 0, 0, 1
"c:\Users\MSI SWORD 15 A12V\source\repos\SoftWhatsAppCRMDash\SoftWhatsAppCRMDash\obj\Release\net8.0\PubTmp\Out\wwwroot\lib\highcharts\modules\vector.src.js", "JavaScript", 0, 193, 0, 0, 0, 0, 0, 0, 259, 23, 475
"c:\Users\MSI SWORD 15 A12V\source\repos\SoftWhatsAppCRMDash\SoftWhatsAppCRMDash\obj\Release\net8.0\PubTmp\Out\wwwroot\lib\highcharts\modules\vector.src.min.js", "JavaScript", 0, 1, 0, 0, 0, 0, 0, 0, 0, 0, 1
"c:\Users\MSI SWORD 15 A12V\source\repos\SoftWhatsAppCRMDash\SoftWhatsAppCRMDash\obj\Release\net8.0\PubTmp\Out\wwwroot\lib\highcharts\modules\venn.js", "JavaScript", 0, 2, 0, 0, 0, 0, 0, 0, 8, 0, 10
"c:\Users\MSI SWORD 15 A12V\source\repos\SoftWhatsAppCRMDash\SoftWhatsAppCRMDash\obj\Release\net8.0\PubTmp\Out\wwwroot\lib\highcharts\modules\venn.min.js", "JavaScript", 0, 1, 0, 0, 0, 0, 0, 0, 0, 0, 1
"c:\Users\MSI SWORD 15 A12V\source\repos\SoftWhatsAppCRMDash\SoftWhatsAppCRMDash\obj\Release\net8.0\PubTmp\Out\wwwroot\lib\highcharts\modules\venn.src.js", "JavaScript", 0, 1061, 0, 0, 0, 0, 0, 0, 939, 47, 2047
"c:\Users\MSI SWORD 15 A12V\source\repos\SoftWhatsAppCRMDash\SoftWhatsAppCRMDash\obj\Release\net8.0\PubTmp\Out\wwwroot\lib\highcharts\modules\venn.src.min.js", "JavaScript", 0, 1, 0, 0, 0, 0, 0, 0, 0, 0, 1
"c:\Users\MSI SWORD 15 A12V\source\repos\SoftWhatsAppCRMDash\SoftWhatsAppCRMDash\obj\Release\net8.0\PubTmp\Out\wwwroot\lib\highcharts\modules\windbarb.js", "JavaScript", 0, 2, 0, 0, 0, 0, 0, 0, 9, 0, 11
"c:\Users\MSI SWORD 15 A12V\source\repos\SoftWhatsAppCRMDash\SoftWhatsAppCRMDash\obj\Release\net8.0\PubTmp\Out\wwwroot\lib\highcharts\modules\windbarb.min.js", "JavaScript", 0, 1, 0, 0, 0, 0, 0, 0, 0, 0, 1
"c:\Users\MSI SWORD 15 A12V\source\repos\SoftWhatsAppCRMDash\SoftWhatsAppCRMDash\obj\Release\net8.0\PubTmp\Out\wwwroot\lib\highcharts\modules\windbarb.src.js", "JavaScript", 0, 457, 0, 0, 0, 0, 0, 0, 361, 44, 862
"c:\Users\MSI SWORD 15 A12V\source\repos\SoftWhatsAppCRMDash\SoftWhatsAppCRMDash\obj\Release\net8.0\PubTmp\Out\wwwroot\lib\highcharts\modules\windbarb.src.min.js", "JavaScript", 0, 1, 0, 0, 0, 0, 0, 0, 0, 0, 1
"c:\Users\MSI SWORD 15 A12V\source\repos\SoftWhatsAppCRMDash\SoftWhatsAppCRMDash\obj\Release\net8.0\PubTmp\Out\wwwroot\lib\highcharts\modules\wordcloud.js", "JavaScript", 0, 2, 0, 0, 0, 0, 0, 0, 8, 0, 10
"c:\Users\MSI SWORD 15 A12V\source\repos\SoftWhatsAppCRMDash\SoftWhatsAppCRMDash\obj\Release\net8.0\PubTmp\Out\wwwroot\lib\highcharts\modules\wordcloud.min.js", "JavaScript", 0, 1, 0, 0, 0, 0, 0, 0, 0, 0, 1
"c:\Users\MSI SWORD 15 A12V\source\repos\SoftWhatsAppCRMDash\SoftWhatsAppCRMDash\obj\Release\net8.0\PubTmp\Out\wwwroot\lib\highcharts\modules\wordcloud.src.js", "JavaScript", 0, 708, 0, 0, 0, 0, 0, 0, 709, 35, 1452
"c:\Users\MSI SWORD 15 A12V\source\repos\SoftWhatsAppCRMDash\SoftWhatsAppCRMDash\obj\Release\net8.0\PubTmp\Out\wwwroot\lib\highcharts\modules\wordcloud.src.min.js", "JavaScript", 0, 1, 0, 0, 0, 0, 0, 0, 0, 0, 1
"c:\Users\MSI SWORD 15 A12V\source\repos\SoftWhatsAppCRMDash\SoftWhatsAppCRMDash\obj\Release\net8.0\PubTmp\Out\wwwroot\lib\highcharts\modules\xrange.js", "JavaScript", 0, 2, 0, 0, 0, 0, 0, 0, 9, 0, 11
"c:\Users\MSI SWORD 15 A12V\source\repos\SoftWhatsAppCRMDash\SoftWhatsAppCRMDash\obj\Release\net8.0\PubTmp\Out\wwwroot\lib\highcharts\modules\xrange.min.js", "JavaScript", 0, 1, 0, 0, 0, 0, 0, 0, 0, 0, 1
"c:\Users\MSI SWORD 15 A12V\source\repos\SoftWhatsAppCRMDash\SoftWhatsAppCRMDash\obj\Release\net8.0\PubTmp\Out\wwwroot\lib\highcharts\modules\xrange.src.js", "JavaScript", 0, 466, 0, 0, 0, 0, 0, 0, 427, 32, 925
"c:\Users\MSI SWORD 15 A12V\source\repos\SoftWhatsAppCRMDash\SoftWhatsAppCRMDash\obj\Release\net8.0\PubTmp\Out\wwwroot\lib\highcharts\modules\xrange.src.min.js", "JavaScript", 0, 1, 0, 0, 0, 0, 0, 0, 0, 0, 1
"c:\Users\MSI SWORD 15 A12V\source\repos\SoftWhatsAppCRMDash\SoftWhatsAppCRMDash\obj\Release\net8.0\PubTmp\Out\wwwroot\lib\highcharts\standalone-navigator.js", "JavaScript", 0, 3, 0, 0, 0, 0, 0, 0, 6, 0, 9
"c:\Users\MSI SWORD 15 A12V\source\repos\SoftWhatsAppCRMDash\SoftWhatsAppCRMDash\obj\Release\net8.0\PubTmp\Out\wwwroot\lib\highcharts\standalone-navigator.min.js", "JavaScript", 0, 2, 0, 0, 0, 0, 0, 0, 0, 0, 2
"c:\Users\MSI SWORD 15 A12V\source\repos\SoftWhatsAppCRMDash\SoftWhatsAppCRMDash\obj\Release\net8.0\PubTmp\Out\wwwroot\lib\highcharts\standalone-navigator.src.js", "JavaScript", 0, 20788, 0, 0, 0, 0, 0, 0, 29548, 427, 50763
"c:\Users\MSI SWORD 15 A12V\source\repos\SoftWhatsAppCRMDash\SoftWhatsAppCRMDash\obj\Release\net8.0\PubTmp\Out\wwwroot\lib\highcharts\standalone-navigator.src.min.js", "JavaScript", 0, 2, 0, 0, 0, 0, 0, 0, 0, 0, 2
"c:\Users\MSI SWORD 15 A12V\source\repos\SoftWhatsAppCRMDash\SoftWhatsAppCRMDash\obj\Release\net8.0\PubTmp\Out\wwwroot\lib\highcharts\themes\avocado.js", "JavaScript", 0, 2, 0, 0, 0, 0, 0, 0, 7, 0, 9
"c:\Users\MSI SWORD 15 A12V\source\repos\SoftWhatsAppCRMDash\SoftWhatsAppCRMDash\obj\Release\net8.0\PubTmp\Out\wwwroot\lib\highcharts\themes\avocado.min.js", "JavaScript", 0, 1, 0, 0, 0, 0, 0, 0, 0, 0, 1
"c:\Users\MSI SWORD 15 A12V\source\repos\SoftWhatsAppCRMDash\SoftWhatsAppCRMDash\obj\Release\net8.0\PubTmp\Out\wwwroot\lib\highcharts\themes\avocado.src.js", "JavaScript", 0, 108, 0, 0, 0, 0, 0, 0, 58, 14, 180
"c:\Users\MSI SWORD 15 A12V\source\repos\SoftWhatsAppCRMDash\SoftWhatsAppCRMDash\obj\Release\net8.0\PubTmp\Out\wwwroot\lib\highcharts\themes\avocado.src.min.js", "JavaScript", 0, 1, 0, 0, 0, 0, 0, 0, 0, 0, 1
"c:\Users\MSI SWORD 15 A12V\source\repos\SoftWhatsAppCRMDash\SoftWhatsAppCRMDash\obj\Release\net8.0\PubTmp\Out\wwwroot\lib\highcharts\themes\brand-dark.js", "JavaScript", 0, 2, 0, 0, 0, 0, 0, 0, 7, 0, 9
"c:\Users\MSI SWORD 15 A12V\source\repos\SoftWhatsAppCRMDash\SoftWhatsAppCRMDash\obj\Release\net8.0\PubTmp\Out\wwwroot\lib\highcharts\themes\brand-dark.min.js", "JavaScript", 0, 1, 0, 0, 0, 0, 0, 0, 0, 0, 1
"c:\Users\MSI SWORD 15 A12V\source\repos\SoftWhatsAppCRMDash\SoftWhatsAppCRMDash\obj\Release\net8.0\PubTmp\Out\wwwroot\lib\highcharts\themes\brand-dark.src.js", "JavaScript", 0, 339, 0, 0, 0, 0, 0, 0, 60, 15, 414
"c:\Users\MSI SWORD 15 A12V\source\repos\SoftWhatsAppCRMDash\SoftWhatsAppCRMDash\obj\Release\net8.0\PubTmp\Out\wwwroot\lib\highcharts\themes\brand-dark.src.min.js", "JavaScript", 0, 1, 0, 0, 0, 0, 0, 0, 0, 0, 1
"c:\Users\MSI SWORD 15 A12V\source\repos\SoftWhatsAppCRMDash\SoftWhatsAppCRMDash\obj\Release\net8.0\PubTmp\Out\wwwroot\lib\highcharts\themes\brand-light.js", "JavaScript", 0, 2, 0, 0, 0, 0, 0, 0, 7, 0, 9
"c:\Users\MSI SWORD 15 A12V\source\repos\SoftWhatsAppCRMDash\SoftWhatsAppCRMDash\obj\Release\net8.0\PubTmp\Out\wwwroot\lib\highcharts\themes\brand-light.min.js", "JavaScript", 0, 1, 0, 0, 0, 0, 0, 0, 0, 0, 1
"c:\Users\MSI SWORD 15 A12V\source\repos\SoftWhatsAppCRMDash\SoftWhatsAppCRMDash\obj\Release\net8.0\PubTmp\Out\wwwroot\lib\highcharts\themes\brand-light.src.js", "JavaScript", 0, 294, 0, 0, 0, 0, 0, 0, 60, 15, 369
"c:\Users\MSI SWORD 15 A12V\source\repos\SoftWhatsAppCRMDash\SoftWhatsAppCRMDash\obj\Release\net8.0\PubTmp\Out\wwwroot\lib\highcharts\themes\brand-light.src.min.js", "JavaScript", 0, 1, 0, 0, 0, 0, 0, 0, 0, 0, 1
"c:\Users\MSI SWORD 15 A12V\source\repos\SoftWhatsAppCRMDash\SoftWhatsAppCRMDash\obj\Release\net8.0\PubTmp\Out\wwwroot\lib\highcharts\themes\dark-blue.js", "JavaScript", 0, 2, 0, 0, 0, 0, 0, 0, 7, 0, 9
"c:\Users\MSI SWORD 15 A12V\source\repos\SoftWhatsAppCRMDash\SoftWhatsAppCRMDash\obj\Release\net8.0\PubTmp\Out\wwwroot\lib\highcharts\themes\dark-blue.min.js", "JavaScript", 0, 1, 0, 0, 0, 0, 0, 0, 0, 0, 1
"c:\Users\MSI SWORD 15 A12V\source\repos\SoftWhatsAppCRMDash\SoftWhatsAppCRMDash\obj\Release\net8.0\PubTmp\Out\wwwroot\lib\highcharts\themes\dark-blue.src.js", "JavaScript", 0, 318, 0, 0, 0, 0, 0, 0, 56, 14, 388
"c:\Users\MSI SWORD 15 A12V\source\repos\SoftWhatsAppCRMDash\SoftWhatsAppCRMDash\obj\Release\net8.0\PubTmp\Out\wwwroot\lib\highcharts\themes\dark-blue.src.min.js", "JavaScript", 0, 1, 0, 0, 0, 0, 0, 0, 0, 0, 1
"c:\Users\MSI SWORD 15 A12V\source\repos\SoftWhatsAppCRMDash\SoftWhatsAppCRMDash\obj\Release\net8.0\PubTmp\Out\wwwroot\lib\highcharts\themes\dark-green.js", "JavaScript", 0, 2, 0, 0, 0, 0, 0, 0, 7, 0, 9
"c:\Users\MSI SWORD 15 A12V\source\repos\SoftWhatsAppCRMDash\SoftWhatsAppCRMDash\obj\Release\net8.0\PubTmp\Out\wwwroot\lib\highcharts\themes\dark-green.min.js", "JavaScript", 0, 1, 0, 0, 0, 0, 0, 0, 0, 0, 1
"c:\Users\MSI SWORD 15 A12V\source\repos\SoftWhatsAppCRMDash\SoftWhatsAppCRMDash\obj\Release\net8.0\PubTmp\Out\wwwroot\lib\highcharts\themes\dark-green.src.js", "JavaScript", 0, 318, 0, 0, 0, 0, 0, 0, 56, 14, 388
"c:\Users\MSI SWORD 15 A12V\source\repos\SoftWhatsAppCRMDash\SoftWhatsAppCRMDash\obj\Release\net8.0\PubTmp\Out\wwwroot\lib\highcharts\themes\dark-green.src.min.js", "JavaScript", 0, 1, 0, 0, 0, 0, 0, 0, 0, 0, 1
"c:\Users\MSI SWORD 15 A12V\source\repos\SoftWhatsAppCRMDash\SoftWhatsAppCRMDash\obj\Release\net8.0\PubTmp\Out\wwwroot\lib\highcharts\themes\dark-unica.js", "JavaScript", 0, 2, 0, 0, 0, 0, 0, 0, 7, 0, 9
"c:\Users\MSI SWORD 15 A12V\source\repos\SoftWhatsAppCRMDash\SoftWhatsAppCRMDash\obj\Release\net8.0\PubTmp\Out\wwwroot\lib\highcharts\themes\dark-unica.min.js", "JavaScript", 0, 1, 0, 0, 0, 0, 0, 0, 0, 0, 1
"c:\Users\MSI SWORD 15 A12V\source\repos\SoftWhatsAppCRMDash\SoftWhatsAppCRMDash\obj\Release\net8.0\PubTmp\Out\wwwroot\lib\highcharts\themes\dark-unica.src.js", "JavaScript", 0, 284, 0, 0, 0, 0, 0, 0, 58, 15, 357
"c:\Users\MSI SWORD 15 A12V\source\repos\SoftWhatsAppCRMDash\SoftWhatsAppCRMDash\obj\Release\net8.0\PubTmp\Out\wwwroot\lib\highcharts\themes\dark-unica.src.min.js", "JavaScript", 0, 1, 0, 0, 0, 0, 0, 0, 0, 0, 1
"c:\Users\MSI SWORD 15 A12V\source\repos\SoftWhatsAppCRMDash\SoftWhatsAppCRMDash\obj\Release\net8.0\PubTmp\Out\wwwroot\lib\highcharts\themes\gray.js", "JavaScript", 0, 2, 0, 0, 0, 0, 0, 0, 7, 0, 9
"c:\Users\MSI SWORD 15 A12V\source\repos\SoftWhatsAppCRMDash\SoftWhatsAppCRMDash\obj\Release\net8.0\PubTmp\Out\wwwroot\lib\highcharts\themes\gray.min.js", "JavaScript", 0, 1, 0, 0, 0, 0, 0, 0, 0, 0, 1
"c:\Users\MSI SWORD 15 A12V\source\repos\SoftWhatsAppCRMDash\SoftWhatsAppCRMDash\obj\Release\net8.0\PubTmp\Out\wwwroot\lib\highcharts\themes\gray.src.js", "JavaScript", 0, 327, 0, 0, 0, 0, 0, 0, 56, 14, 397
"c:\Users\MSI SWORD 15 A12V\source\repos\SoftWhatsAppCRMDash\SoftWhatsAppCRMDash\obj\Release\net8.0\PubTmp\Out\wwwroot\lib\highcharts\themes\gray.src.min.js", "JavaScript", 0, 1, 0, 0, 0, 0, 0, 0, 0, 0, 1
"c:\Users\MSI SWORD 15 A12V\source\repos\SoftWhatsAppCRMDash\SoftWhatsAppCRMDash\obj\Release\net8.0\PubTmp\Out\wwwroot\lib\highcharts\themes\grid-light.js", "JavaScript", 0, 2, 0, 0, 0, 0, 0, 0, 7, 0, 9
"c:\Users\MSI SWORD 15 A12V\source\repos\SoftWhatsAppCRMDash\SoftWhatsAppCRMDash\obj\Release\net8.0\PubTmp\Out\wwwroot\lib\highcharts\themes\grid-light.min.js", "JavaScript", 0, 1, 0, 0, 0, 0, 0, 0, 0, 0, 1
"c:\Users\MSI SWORD 15 A12V\source\repos\SoftWhatsAppCRMDash\SoftWhatsAppCRMDash\obj\Release\net8.0\PubTmp\Out\wwwroot\lib\highcharts\themes\grid-light.src.js", "JavaScript", 0, 152, 0, 0, 0, 0, 0, 0, 57, 15, 224
"c:\Users\MSI SWORD 15 A12V\source\repos\SoftWhatsAppCRMDash\SoftWhatsAppCRMDash\obj\Release\net8.0\PubTmp\Out\wwwroot\lib\highcharts\themes\grid-light.src.min.js", "JavaScript", 0, 1, 0, 0, 0, 0, 0, 0, 0, 0, 1
"c:\Users\MSI SWORD 15 A12V\source\repos\SoftWhatsAppCRMDash\SoftWhatsAppCRMDash\obj\Release\net8.0\PubTmp\Out\wwwroot\lib\highcharts\themes\grid.js", "JavaScript", 0, 2, 0, 0, 0, 0, 0, 0, 7, 0, 9
"c:\Users\MSI SWORD 15 A12V\source\repos\SoftWhatsAppCRMDash\SoftWhatsAppCRMDash\obj\Release\net8.0\PubTmp\Out\wwwroot\lib\highcharts\themes\grid.min.js", "JavaScript", 0, 1, 0, 0, 0, 0, 0, 0, 0, 0, 1
"c:\Users\MSI SWORD 15 A12V\source\repos\SoftWhatsAppCRMDash\SoftWhatsAppCRMDash\obj\Release\net8.0\PubTmp\Out\wwwroot\lib\highcharts\themes\grid.src.js", "JavaScript", 0, 179, 0, 0, 0, 0, 0, 0, 55, 14, 248
"c:\Users\MSI SWORD 15 A12V\source\repos\SoftWhatsAppCRMDash\SoftWhatsAppCRMDash\obj\Release\net8.0\PubTmp\Out\wwwroot\lib\highcharts\themes\grid.src.min.js", "JavaScript", 0, 1, 0, 0, 0, 0, 0, 0, 0, 0, 1
"c:\Users\MSI SWORD 15 A12V\source\repos\SoftWhatsAppCRMDash\SoftWhatsAppCRMDash\obj\Release\net8.0\PubTmp\Out\wwwroot\lib\highcharts\themes\high-contrast-dark.js", "JavaScript", 0, 2, 0, 0, 0, 0, 0, 0, 7, 0, 9
"c:\Users\MSI SWORD 15 A12V\source\repos\SoftWhatsAppCRMDash\SoftWhatsAppCRMDash\obj\Release\net8.0\PubTmp\Out\wwwroot\lib\highcharts\themes\high-contrast-dark.min.js", "JavaScript", 0, 1, 0, 0, 0, 0, 0, 0, 0, 0, 1
"c:\Users\MSI SWORD 15 A12V\source\repos\SoftWhatsAppCRMDash\SoftWhatsAppCRMDash\obj\Release\net8.0\PubTmp\Out\wwwroot\lib\highcharts\themes\high-contrast-dark.src.js", "JavaScript", 0, 274, 0, 0, 0, 0, 0, 0, 59, 14, 347
"c:\Users\MSI SWORD 15 A12V\source\repos\SoftWhatsAppCRMDash\SoftWhatsAppCRMDash\obj\Release\net8.0\PubTmp\Out\wwwroot\lib\highcharts\themes\high-contrast-dark.src.min.js", "JavaScript", 0, 1, 0, 0, 0, 0, 0, 0, 0, 0, 1
"c:\Users\MSI SWORD 15 A12V\source\repos\SoftWhatsAppCRMDash\SoftWhatsAppCRMDash\obj\Release\net8.0\PubTmp\Out\wwwroot\lib\highcharts\themes\high-contrast-light.js", "JavaScript", 0, 2, 0, 0, 0, 0, 0, 0, 7, 0, 9
"c:\Users\MSI SWORD 15 A12V\source\repos\SoftWhatsAppCRMDash\SoftWhatsAppCRMDash\obj\Release\net8.0\PubTmp\Out\wwwroot\lib\highcharts\themes\high-contrast-light.min.js", "JavaScript", 0, 1, 0, 0, 0, 0, 0, 0, 0, 0, 1
"c:\Users\MSI SWORD 15 A12V\source\repos\SoftWhatsAppCRMDash\SoftWhatsAppCRMDash\obj\Release\net8.0\PubTmp\Out\wwwroot\lib\highcharts\themes\high-contrast-light.src.js", "JavaScript", 0, 114, 0, 0, 0, 0, 0, 0, 59, 14, 187
"c:\Users\MSI SWORD 15 A12V\source\repos\SoftWhatsAppCRMDash\SoftWhatsAppCRMDash\obj\Release\net8.0\PubTmp\Out\wwwroot\lib\highcharts\themes\high-contrast-light.src.min.js", "JavaScript", 0, 1, 0, 0, 0, 0, 0, 0, 0, 0, 1
"c:\Users\MSI SWORD 15 A12V\source\repos\SoftWhatsAppCRMDash\SoftWhatsAppCRMDash\obj\Release\net8.0\PubTmp\Out\wwwroot\lib\highcharts\themes\sand-signika.js", "JavaScript", 0, 2, 0, 0, 0, 0, 0, 0, 7, 0, 9
"c:\Users\MSI SWORD 15 A12V\source\repos\SoftWhatsAppCRMDash\SoftWhatsAppCRMDash\obj\Release\net8.0\PubTmp\Out\wwwroot\lib\highcharts\themes\sand-signika.min.js", "JavaScript", 0, 1, 0, 0, 0, 0, 0, 0, 0, 0, 1
"c:\Users\MSI SWORD 15 A12V\source\repos\SoftWhatsAppCRMDash\SoftWhatsAppCRMDash\obj\Release\net8.0\PubTmp\Out\wwwroot\lib\highcharts\themes\sand-signika.src.js", "JavaScript", 0, 178, 0, 0, 0, 0, 0, 0, 60, 16, 254
"c:\Users\MSI SWORD 15 A12V\source\repos\SoftWhatsAppCRMDash\SoftWhatsAppCRMDash\obj\Release\net8.0\PubTmp\Out\wwwroot\lib\highcharts\themes\sand-signika.src.min.js", "JavaScript", 0, 1, 0, 0, 0, 0, 0, 0, 0, 0, 1
"c:\Users\MSI SWORD 15 A12V\source\repos\SoftWhatsAppCRMDash\SoftWhatsAppCRMDash\obj\Release\net8.0\PubTmp\Out\wwwroot\lib\highcharts\themes\skies.js", "JavaScript", 0, 2, 0, 0, 0, 0, 0, 0, 7, 0, 9
"c:\Users\MSI SWORD 15 A12V\source\repos\SoftWhatsAppCRMDash\SoftWhatsAppCRMDash\obj\Release\net8.0\PubTmp\Out\wwwroot\lib\highcharts\themes\skies.min.js", "JavaScript", 0, 1, 0, 0, 0, 0, 0, 0, 0, 0, 1
"c:\Users\MSI SWORD 15 A12V\source\repos\SoftWhatsAppCRMDash\SoftWhatsAppCRMDash\obj\Release\net8.0\PubTmp\Out\wwwroot\lib\highcharts\themes\skies.src.js", "JavaScript", 0, 172, 0, 0, 0, 0, 0, 0, 55, 14, 241
"c:\Users\MSI SWORD 15 A12V\source\repos\SoftWhatsAppCRMDash\SoftWhatsAppCRMDash\obj\Release\net8.0\PubTmp\Out\wwwroot\lib\highcharts\themes\skies.src.min.js", "JavaScript", 0, 1, 0, 0, 0, 0, 0, 0, 0, 0, 1
"c:\Users\MSI SWORD 15 A12V\source\repos\SoftWhatsAppCRMDash\SoftWhatsAppCRMDash\obj\Release\net8.0\PubTmp\Out\wwwroot\lib\highcharts\themes\sunset.js", "JavaScript", 0, 2, 0, 0, 0, 0, 0, 0, 7, 0, 9
"c:\Users\MSI SWORD 15 A12V\source\repos\SoftWhatsAppCRMDash\SoftWhatsAppCRMDash\obj\Release\net8.0\PubTmp\Out\wwwroot\lib\highcharts\themes\sunset.min.js", "JavaScript", 0, 1, 0, 0, 0, 0, 0, 0, 0, 0, 1
"c:\Users\MSI SWORD 15 A12V\source\repos\SoftWhatsAppCRMDash\SoftWhatsAppCRMDash\obj\Release\net8.0\PubTmp\Out\wwwroot\lib\highcharts\themes\sunset.src.js", "JavaScript", 0, 107, 0, 0, 0, 0, 0, 0, 58, 14, 179
"c:\Users\MSI SWORD 15 A12V\source\repos\SoftWhatsAppCRMDash\SoftWhatsAppCRMDash\obj\Release\net8.0\PubTmp\Out\wwwroot\lib\highcharts\themes\sunset.src.min.js", "JavaScript", 0, 1, 0, 0, 0, 0, 0, 0, 0, 0, 1
"c:\Users\MSI SWORD 15 A12V\source\repos\SoftWhatsAppCRMDash\SoftWhatsAppCRMDash\obj\Release\net8.0\PubTmp\Out\wwwroot\lib\jquery-validation-unobtrusive\jquery.validate.unobtrusive.js", "JavaScript", 0, 306, 0, 0, 0, 0, 0, 0, 76, 54, 436
"c:\Users\MSI SWORD 15 A12V\source\repos\SoftWhatsAppCRMDash\SoftWhatsAppCRMDash\obj\Release\net8.0\PubTmp\Out\wwwroot\lib\jquery-validation-unobtrusive\jquery.validate.unobtrusive.min.js", "JavaScript", 0, 1, 0, 0, 0, 0, 0, 0, 7, 0, 8
"c:\Users\MSI SWORD 15 A12V\source\repos\SoftWhatsAppCRMDash\SoftWhatsAppCRMDash\obj\Release\net8.0\PubTmp\Out\wwwroot\lib\jquery-validation\LICENSE.md", "Markdown", 0, 0, 18, 0, 0, 0, 0, 0, 0, 5, 23
"c:\Users\MSI SWORD 15 A12V\source\repos\SoftWhatsAppCRMDash\SoftWhatsAppCRMDash\obj\Release\net8.0\PubTmp\Out\wwwroot\lib\jquery-validation\dist\additional-methods.js", "JavaScript", 0, 867, 0, 0, 0, 0, 0, 0, 443, 202, 1512
"c:\Users\MSI SWORD 15 A12V\source\repos\SoftWhatsAppCRMDash\SoftWhatsAppCRMDash\obj\Release\net8.0\PubTmp\Out\wwwroot\lib\jquery-validation\dist\additional-methods.min.js", "JavaScript", 0, 1, 0, 0, 0, 0, 0, 0, 3, 0, 4
"c:\Users\MSI SWORD 15 A12V\source\repos\SoftWhatsAppCRMDash\SoftWhatsAppCRMDash\obj\Release\net8.0\PubTmp\Out\wwwroot\lib\jquery-validation\dist\jquery.validate.js", "JavaScript", 0, 1228, 0, 0, 0, 0, 0, 0, 189, 244, 1661
"c:\Users\MSI SWORD 15 A12V\source\repos\SoftWhatsAppCRMDash\SoftWhatsAppCRMDash\obj\Release\net8.0\PubTmp\Out\wwwroot\lib\jquery-validation\dist\jquery.validate.min.js", "JavaScript", 0, 1, 0, 0, 0, 0, 0, 0, 3, 0, 4
"c:\Users\MSI SWORD 15 A12V\source\repos\SoftWhatsAppCRMDash\SoftWhatsAppCRMDash\obj\Release\net8.0\PubTmp\Out\wwwroot\lib\jquery\dist\jquery.js", "JavaScript", 0, 6895, 0, 0, 0, 0, 0, 0, 1911, 2076, 10882
"c:\Users\MSI SWORD 15 A12V\source\repos\SoftWhatsAppCRMDash\SoftWhatsAppCRMDash\obj\Release\net8.0\PubTmp\Out\wwwroot\lib\jquery\dist\jquery.min.js", "JavaScript", 0, 1, 0, 0, 0, 0, 0, 0, 1, 1, 3
"c:\Users\MSI SWORD 15 A12V\source\repos\SoftWhatsAppCRMDash\SoftWhatsAppCRMDash\obj\Release\net8.0\PubTmp\SoftWhatsAppCRMDash.Parameters.xml", "XML", 0, 0, 0, 0, 0, 6, 0, 0, 0, 0, 6
"c:\Users\MSI SWORD 15 A12V\source\repos\SoftWhatsAppCRMDash\SoftWhatsAppCRMDash\obj\Release\net8.0\PubTmp\SoftWhatsAppCRMDash.SourceManifest.xml", "XML", 0, 0, 0, 0, 0, 4, 0, 0, 0, 0, 4
"c:\Users\MSI SWORD 15 A12V\source\repos\SoftWhatsAppCRMDash\SoftWhatsAppCRMDash\obj\Release\net8.0\SoftWhatsAppCRMDash.AssemblyInfo.cs", "C#", 10, 0, 0, 0, 0, 0, 0, 0, 10, 5, 25
"c:\Users\MSI SWORD 15 A12V\source\repos\SoftWhatsAppCRMDash\SoftWhatsAppCRMDash\obj\Release\net8.0\SoftWhatsAppCRMDash.GeneratedMSBuildEditorConfig.editorconfig", "Properties", 0, 0, 0, 0, 0, 0, 0, 79, 0, 21, 100
"c:\Users\MSI SWORD 15 A12V\source\repos\SoftWhatsAppCRMDash\SoftWhatsAppCRMDash\obj\Release\net8.0\SoftWhatsAppCRMDash.GlobalUsings.g.cs", "C#", 16, 0, 0, 0, 0, 0, 0, 0, 1, 1, 18
"c:\Users\MSI SWORD 15 A12V\source\repos\SoftWhatsAppCRMDash\SoftWhatsAppCRMDash\obj\Release\net8.0\SoftWhatsAppCRMDash.RazorAssemblyInfo.cs", "C#", 4, 0, 0, 0, 0, 0, 0, 0, 10, 5, 19
"c:\Users\MSI SWORD 15 A12V\source\repos\SoftWhatsAppCRMDash\SoftWhatsAppCRMDash\obj\Release\net8.0\SoftWhatsAppCRMDash.deps.json", "JSON", 0, 0, 0, 0, 636, 0, 0, 0, 0, 0, 636
"c:\Users\MSI SWORD 15 A12V\source\repos\SoftWhatsAppCRMDash\SoftWhatsAppCRMDash\obj\Release\net8.0\scopedcss\Views\Shared\_Layout.cshtml.rz.scp.css", "CSS", 0, 0, 0, 38, 0, 0, 0, 0, 2, 9, 49
"c:\Users\MSI SWORD 15 A12V\source\repos\SoftWhatsAppCRMDash\SoftWhatsAppCRMDash\obj\Release\net8.0\scopedcss\bundle\SoftWhatsAppCRMDash.styles.css", "CSS", 0, 0, 0, 38, 0, 0, 0, 0, 3, 9, 50
"c:\Users\MSI SWORD 15 A12V\source\repos\SoftWhatsAppCRMDash\SoftWhatsAppCRMDash\obj\Release\net8.0\scopedcss\projectbundle\SoftWhatsAppCRMDash.bundle.scp.css", "CSS", 0, 0, 0, 38, 0, 0, 0, 0, 3, 9, 50
"c:\Users\MSI SWORD 15 A12V\source\repos\SoftWhatsAppCRMDash\SoftWhatsAppCRMDash\obj\Release\net8.0\staticwebassets.build.json", "JSON", 0, 0, 0, 0, 41003, 0, 0, 0, 0, 0, 41003
"c:\Users\MSI SWORD 15 A12V\source\repos\SoftWhatsAppCRMDash\SoftWhatsAppCRMDash\obj\Release\net8.0\staticwebassets.development.json", "JSON", 0, 0, 0, 0, 1, 0, 0, 0, 0, 0, 1
"c:\Users\MSI SWORD 15 A12V\source\repos\SoftWhatsAppCRMDash\SoftWhatsAppCRMDash\obj\Release\net8.0\staticwebassets.pack.json", "JSON", 0, 0, 0, 0, 8645, 0, 0, 0, 0, 0, 8645
"c:\Users\MSI SWORD 15 A12V\source\repos\SoftWhatsAppCRMDash\SoftWhatsAppCRMDash\obj\Release\net8.0\staticwebassets.publish.json", "JSON", 0, 0, 0, 0, 41003, 0, 0, 0, 0, 0, 41003
"c:\Users\MSI SWORD 15 A12V\source\repos\SoftWhatsAppCRMDash\SoftWhatsAppCRMDash\obj\Release\net8.0\staticwebassets\msbuild.SoftWhatsAppCRMDash.Microsoft.AspNetCore.StaticWebAssets.props", "XML", 0, 0, 0, 0, 0, 34500, 0, 0, 0, 0, 34500
"c:\Users\MSI SWORD 15 A12V\source\repos\SoftWhatsAppCRMDash\SoftWhatsAppCRMDash\obj\Release\net8.0\staticwebassets\msbuild.build.SoftWhatsAppCRMDash.props", "XML", 0, 0, 0, 0, 0, 3, 0, 0, 0, 0, 3
"c:\Users\MSI SWORD 15 A12V\source\repos\SoftWhatsAppCRMDash\SoftWhatsAppCRMDash\obj\Release\net8.0\staticwebassets\msbuild.buildMultiTargeting.SoftWhatsAppCRMDash.props", "XML", 0, 0, 0, 0, 0, 3, 0, 0, 0, 0, 3
"c:\Users\MSI SWORD 15 A12V\source\repos\SoftWhatsAppCRMDash\SoftWhatsAppCRMDash\obj\Release\net8.0\staticwebassets\msbuild.buildTransitive.SoftWhatsAppCRMDash.props", "XML", 0, 0, 0, 0, 0, 3, 0, 0, 0, 0, 3
"c:\Users\MSI SWORD 15 A12V\source\repos\SoftWhatsAppCRMDash\SoftWhatsAppCRMDash\obj\SoftWhatsAppCRMDash.csproj.EntityFrameworkCore.targets", "XML", 0, 0, 0, 0, 0, 28, 0, 0, 0, 1, 29
"c:\Users\MSI SWORD 15 A12V\source\repos\SoftWhatsAppCRMDash\SoftWhatsAppCRMDash\obj\SoftWhatsAppCRMDash.csproj.nuget.dgspec.json", "JSON", 0, 0, 0, 0, 88, 0, 0, 0, 0, 0, 88
"c:\Users\MSI SWORD 15 A12V\source\repos\SoftWhatsAppCRMDash\SoftWhatsAppCRMDash\obj\SoftWhatsAppCRMDash.csproj.nuget.g.props", "XML", 0, 0, 0, 0, 0, 23, 0, 0, 0, 0, 23
"c:\Users\MSI SWORD 15 A12V\source\repos\SoftWhatsAppCRMDash\SoftWhatsAppCRMDash\obj\SoftWhatsAppCRMDash.csproj.nuget.g.targets", "XML", 0, 0, 0, 0, 0, 7, 0, 0, 0, 0, 7
"c:\Users\MSI SWORD 15 A12V\source\repos\SoftWhatsAppCRMDash\SoftWhatsAppCRMDash\obj\project.assets.json", "JSON", 0, 0, 0, 0, 2406, 0, 0, 0, 0, 0, 2406
"c:\Users\MSI SWORD 15 A12V\source\repos\SoftWhatsAppCRMDash\SoftWhatsAppCRMDash\tailwind.config.js", "JavaScript", 0, 10, 0, 0, 0, 0, 0, 0, 1, 4, 15
"c:\Users\MSI SWORD 15 A12V\source\repos\SoftWhatsAppCRMDash\SoftWhatsAppCRMDash\tailwind.extension.json", "JSON", 0, 0, 0, 0, 21, 0, 0, 0, 0, 0, 21
"c:\Users\MSI SWORD 15 A12V\source\repos\SoftWhatsAppCRMDash\SoftWhatsAppCRMDash\wwwroot\css\input.css", "CSS", 0, 0, 0, 3, 0, 0, 0, 0, 0, 1, 4
"c:\Users\MSI SWORD 15 A12V\source\repos\SoftWhatsAppCRMDash\SoftWhatsAppCRMDash\wwwroot\css\input.output.css", "CSS", 0, 0, 0, 1365, 0, 0, 0, 0, 167, 367, 1899
"c:\Users\MSI SWORD 15 A12V\source\repos\SoftWhatsAppCRMDash\SoftWhatsAppCRMDash\wwwroot\css\output.css", "CSS", 0, 0, 0, 1341, 0, 0, 0, 0, 167, 362, 1870
"c:\Users\MSI SWORD 15 A12V\source\repos\SoftWhatsAppCRMDash\SoftWhatsAppCRMDash\wwwroot\js\const.js", "JavaScript", 0, 2, 0, 0, 0, 0, 0, 0, 0, 0, 2
"c:\Users\MSI SWORD 15 A12V\source\repos\SoftWhatsAppCRMDash\SoftWhatsAppCRMDash\wwwroot\js\crm\crm.js", "JavaScript", 0, 57, 0, 0, 0, 0, 0, 0, 0, 9, 66
"c:\Users\MSI SWORD 15 A12V\source\repos\SoftWhatsAppCRMDash\SoftWhatsAppCRMDash\wwwroot\js\crm\index.js", "JavaScript", 0, 167, 0, 0, 0, 0, 0, 0, 2, 28, 197
"c:\Users\MSI SWORD 15 A12V\source\repos\SoftWhatsAppCRMDash\SoftWhatsAppCRMDash\wwwroot\lib\flowbite\flowbite.css", "CSS", 0, 0, 0, 8405, 0, 0, 0, 0, 122, 1029, 9556
"c:\Users\MSI SWORD 15 A12V\source\repos\SoftWhatsAppCRMDash\SoftWhatsAppCRMDash\wwwroot\lib\flowbite\flowbite.js", "JavaScript", 0, 7255, 0, 0, 0, 0, 0, 0, 635, 652, 8542
"c:\Users\MSI SWORD 15 A12V\source\repos\SoftWhatsAppCRMDash\SoftWhatsAppCRMDash\wwwroot\lib\flowbite\flowbite.min.css", "CSS", 0, 0, 0, 1, 0, 0, 0, 0, 0, 0, 1
"c:\Users\MSI SWORD 15 A12V\source\repos\SoftWhatsAppCRMDash\SoftWhatsAppCRMDash\wwwroot\lib\flowbite\flowbite.min.js", "JavaScript", 0, 1, 0, 0, 0, 0, 0, 0, 1, 0, 2
"c:\Users\MSI SWORD 15 A12V\source\repos\SoftWhatsAppCRMDash\SoftWhatsAppCRMDash\wwwroot\lib\flowbite\flowbite.phoenix.js", "JavaScript", 0, 7267, 0, 0, 0, 0, 0, 0, 634, 648, 8549
"c:\Users\MSI SWORD 15 A12V\source\repos\SoftWhatsAppCRMDash\SoftWhatsAppCRMDash\wwwroot\lib\flowbite\flowbite.phoenix.min.js", "JavaScript", 0, 1, 0, 0, 0, 0, 0, 0, 1, 0, 2
"c:\Users\MSI SWORD 15 A12V\source\repos\SoftWhatsAppCRMDash\SoftWhatsAppCRMDash\wwwroot\lib\flowbite\flowbite.turbo.js", "JavaScript", 0, 7249, 0, 0, 0, 0, 0, 0, 636, 648, 8533
"c:\Users\MSI SWORD 15 A12V\source\repos\SoftWhatsAppCRMDash\SoftWhatsAppCRMDash\wwwroot\lib\flowbite\flowbite.turbo.min.js", "JavaScript", 0, 1, 0, 0, 0, 0, 0, 0, 1, 0, 2
"c:\Users\MSI SWORD 15 A12V\source\repos\SoftWhatsAppCRMDash\SoftWhatsAppCRMDash\wwwroot\lib\highcharts\css\annotations\popup.css", "CSS", 0, 0, 0, 269, 0, 0, 0, 0, 2, 40, 311
"c:\Users\MSI SWORD 15 A12V\source\repos\SoftWhatsAppCRMDash\SoftWhatsAppCRMDash\wwwroot\lib\highcharts\css\annotations\popup.min.css", "CSS", 0, 0, 0, 1, 0, 0, 0, 0, 0, 0, 1
"c:\Users\MSI SWORD 15 A12V\source\repos\SoftWhatsAppCRMDash\SoftWhatsAppCRMDash\wwwroot\lib\highcharts\css\highcharts.css", "CSS", 0, 0, 0, 985, 0, 0, 0, 0, 73, 245, 1303
"c:\Users\MSI SWORD 15 A12V\source\repos\SoftWhatsAppCRMDash\SoftWhatsAppCRMDash\wwwroot\lib\highcharts\css\highcharts.min.css", "CSS", 0, 0, 0, 1, 0, 0, 0, 0, 0, 0, 1
"c:\Users\MSI SWORD 15 A12V\source\repos\SoftWhatsAppCRMDash\SoftWhatsAppCRMDash\wwwroot\lib\highcharts\css\stocktools\gui.css", "CSS", 0, 0, 0, 219, 0, 0, 0, 0, 22, 56, 297
"c:\Users\MSI SWORD 15 A12V\source\repos\SoftWhatsAppCRMDash\SoftWhatsAppCRMDash\wwwroot\lib\highcharts\css\stocktools\gui.min.css", "CSS", 0, 0, 0, 1, 0, 0, 0, 0, 0, 0, 1
"c:\Users\MSI SWORD 15 A12V\source\repos\SoftWhatsAppCRMDash\SoftWhatsAppCRMDash\wwwroot\lib\highcharts\css\themes\dark-unica.css", "CSS", 0, 0, 0, 103, 0, 0, 0, 0, 13, 28, 144
"c:\Users\MSI SWORD 15 A12V\source\repos\SoftWhatsAppCRMDash\SoftWhatsAppCRMDash\wwwroot\lib\highcharts\css\themes\dark-unica.min.css", "CSS", 0, 0, 0, 1, 0, 0, 0, 0, 0, 0, 1
"c:\Users\MSI SWORD 15 A12V\source\repos\SoftWhatsAppCRMDash\SoftWhatsAppCRMDash\wwwroot\lib\highcharts\css\themes\grid-light.css", "CSS", 0, 0, 0, 39, 0, 0, 0, 0, 2, 9, 50
"c:\Users\MSI SWORD 15 A12V\source\repos\SoftWhatsAppCRMDash\SoftWhatsAppCRMDash\wwwroot\lib\highcharts\css\themes\grid-light.min.css", "CSS", 0, 0, 0, 1, 0, 0, 0, 0, 0, 0, 1
"c:\Users\MSI SWORD 15 A12V\source\repos\SoftWhatsAppCRMDash\SoftWhatsAppCRMDash\wwwroot\lib\highcharts\css\themes\sand-signika.css", "CSS", 0, 0, 0, 59, 0, 0, 0, 0, 8, 16, 83
"c:\Users\MSI SWORD 15 A12V\source\repos\SoftWhatsAppCRMDash\SoftWhatsAppCRMDash\wwwroot\lib\highcharts\css\themes\sand-signika.min.css", "CSS", 0, 0, 0, 1, 0, 0, 0, 0, 0, 0, 1
"c:\Users\MSI SWORD 15 A12V\source\repos\SoftWhatsAppCRMDash\SoftWhatsAppCRMDash\wwwroot\lib\highcharts\es-modules\Accessibility\A11yI18n.js", "JavaScript", 0, 123, 0, 0, 0, 0, 0, 0, 167, 1, 291
"c:\Users\MSI SWORD 15 A12V\source\repos\SoftWhatsAppCRMDash\SoftWhatsAppCRMDash\wwwroot\lib\highcharts\es-modules\Accessibility\A11yI18n.min.js", "JavaScript", 0, 1, 0, 0, 0, 0, 0, 0, 0, 0, 1
"c:\Users\MSI SWORD 15 A12V\source\repos\SoftWhatsAppCRMDash\SoftWhatsAppCRMDash\wwwroot\lib\highcharts\es-modules\Accessibility\Accessibility.js", "JavaScript", 0, 257, 0, 0, 0, 0, 0, 0, 145, 1, 403
"c:\Users\MSI SWORD 15 A12V\source\repos\SoftWhatsAppCRMDash\SoftWhatsAppCRMDash\wwwroot\lib\highcharts\es-modules\Accessibility\Accessibility.min.js", "JavaScript", 0, 1, 0, 0, 0, 0, 0, 0, 0, 0, 1
"c:\Users\MSI SWORD 15 A12V\source\repos\SoftWhatsAppCRMDash\SoftWhatsAppCRMDash\wwwroot\lib\highcharts\es-modules\Accessibility\AccessibilityComponent.js", "JavaScript", 0, 51, 0, 0, 0, 0, 0, 0, 96, 1, 148
"c:\Users\MSI SWORD 15 A12V\source\repos\SoftWhatsAppCRMDash\SoftWhatsAppCRMDash\wwwroot\lib\highcharts\es-modules\Accessibility\AccessibilityComponent.min.js", "JavaScript", 0, 1, 0, 0, 0, 0, 0, 0, 0, 0, 1
"c:\Users\MSI SWORD 15 A12V\source\repos\SoftWhatsAppCRMDash\SoftWhatsAppCRMDash\wwwroot\lib\highcharts\es-modules\Accessibility\Components\AnnotationsA11y.js", "JavaScript", 0, 95, 0, 0, 0, 0, 0, 0, 65, 1, 161
"c:\Users\MSI SWORD 15 A12V\source\repos\SoftWhatsAppCRMDash\SoftWhatsAppCRMDash\wwwroot\lib\highcharts\es-modules\Accessibility\Components\AnnotationsA11y.min.js", "JavaScript", 0, 1, 0, 0, 0, 0, 0, 0, 0, 0, 1
"c:\Users\MSI SWORD 15 A12V\source\repos\SoftWhatsAppCRMDash\SoftWhatsAppCRMDash\wwwroot\lib\highcharts\es-modules\Accessibility\Components\ContainerComponent.js", "JavaScript", 0, 87, 0, 0, 0, 0, 0, 0, 55, 1, 143
"c:\Users\MSI SWORD 15 A12V\source\repos\SoftWhatsAppCRMDash\SoftWhatsAppCRMDash\wwwroot\lib\highcharts\es-modules\Accessibility\Components\ContainerComponent.min.js", "JavaScript", 0, 1, 0, 0, 0, 0, 0, 0, 0, 0, 1
"c:\Users\MSI SWORD 15 A12V\source\repos\SoftWhatsAppCRMDash\SoftWhatsAppCRMDash\wwwroot\lib\highcharts\es-modules\Accessibility\Components\InfoRegionsComponent.js", "JavaScript", 0, 393, 0, 0, 0, 0, 0, 0, 162, 1, 556
"c:\Users\MSI SWORD 15 A12V\source\repos\SoftWhatsAppCRMDash\SoftWhatsAppCRMDash\wwwroot\lib\highcharts\es-modules\Accessibility\Components\InfoRegionsComponent.min.js", "JavaScript", 0, 1, 0, 0, 0, 0, 0, 0, 0, 0, 1
"c:\Users\MSI SWORD 15 A12V\source\repos\SoftWhatsAppCRMDash\SoftWhatsAppCRMDash\wwwroot\lib\highcharts\es-modules\Accessibility\Components\LegendComponent.js", "JavaScript", 0, 322, 0, 0, 0, 0, 0, 0, 143, 1, 466
"c:\Users\MSI SWORD 15 A12V\source\repos\SoftWhatsAppCRMDash\SoftWhatsAppCRMDash\wwwroot\lib\highcharts\es-modules\Accessibility\Components\LegendComponent.min.js", "JavaScript", 0, 1, 0, 0, 0, 0, 0, 0, 0, 0, 1
"c:\Users\MSI SWORD 15 A12V\source\repos\SoftWhatsAppCRMDash\SoftWhatsAppCRMDash\wwwroot\lib\highcharts\es-modules\Accessibility\Components\MenuComponent.js", "JavaScript", 0, 269, 0, 0, 0, 0, 0, 0, 153, 1, 423
"c:\Users\MSI SWORD 15 A12V\source\repos\SoftWhatsAppCRMDash\SoftWhatsAppCRMDash\wwwroot\lib\highcharts\es-modules\Accessibility\Components\MenuComponent.min.js", "JavaScript", 0, 1, 0, 0, 0, 0, 0, 0, 0, 0, 1
"c:\Users\MSI SWORD 15 A12V\source\repos\SoftWhatsAppCRMDash\SoftWhatsAppCRMDash\wwwroot\lib\highcharts\es-modules\Accessibility\Components\NavigatorComponent.js", "JavaScript", 0, 162, 0, 0, 0, 0, 0, 0, 69, 1, 232
"c:\Users\MSI SWORD 15 A12V\source\repos\SoftWhatsAppCRMDash\SoftWhatsAppCRMDash\wwwroot\lib\highcharts\es-modules\Accessibility\Components\NavigatorComponent.min.js", "JavaScript", 0, 1, 0, 0, 0, 0, 0, 0, 0, 0, 1
"c:\Users\MSI SWORD 15 A12V\source\repos\SoftWhatsAppCRMDash\SoftWhatsAppCRMDash\wwwroot\lib\highcharts\es-modules\Accessibility\Components\RangeSelectorComponent.js", "JavaScript", 0, 321, 0, 0, 0, 0, 0, 0, 152, 1, 474
"c:\Users\MSI SWORD 15 A12V\source\repos\SoftWhatsAppCRMDash\SoftWhatsAppCRMDash\wwwroot\lib\highcharts\es-modules\Accessibility\Components\RangeSelectorComponent.min.js", "JavaScript", 0, 1, 0, 0, 0, 0, 0, 0, 0, 0, 1
"c:\Users\MSI SWORD 15 A12V\source\repos\SoftWhatsAppCRMDash\SoftWhatsAppCRMDash\wwwroot\lib\highcharts\es-modules\Accessibility\Components\SeriesComponent\ForcedMarkers.js", "JavaScript", 0, 152, 0, 0, 0, 0, 0, 0, 80, 1, 233
"c:\Users\MSI SWORD 15 A12V\source\repos\SoftWhatsAppCRMDash\SoftWhatsAppCRMDash\wwwroot\lib\highcharts\es-modules\Accessibility\Components\SeriesComponent\ForcedMarkers.min.js", "JavaScript", 0, 1, 0, 0, 0, 0, 0, 0, 0, 0, 1
"c:\Users\MSI SWORD 15 A12V\source\repos\SoftWhatsAppCRMDash\SoftWhatsAppCRMDash\wwwroot\lib\highcharts\es-modules\Accessibility\Components\SeriesComponent\NewDataAnnouncer.js", "JavaScript", 0, 172, 0, 0, 0, 0, 0, 0, 137, 1, 310
"c:\Users\MSI SWORD 15 A12V\source\repos\SoftWhatsAppCRMDash\SoftWhatsAppCRMDash\wwwroot\lib\highcharts\es-modules\Accessibility\Components\SeriesComponent\NewDataAnnouncer.min.js", "JavaScript", 0, 1, 0, 0, 0, 0, 0, 0, 0, 0, 1
"c:\Users\MSI SWORD 15 A12V\source\repos\SoftWhatsAppCRMDash\SoftWhatsAppCRMDash\wwwroot\lib\highcharts\es-modules\Accessibility\Components\SeriesComponent\SeriesComponent.js", "JavaScript", 0, 67, 0, 0, 0, 0, 0, 0, 63, 1, 131
"c:\Users\MSI SWORD 15 A12V\source\repos\SoftWhatsAppCRMDash\SoftWhatsAppCRMDash\wwwroot\lib\highcharts\es-modules\Accessibility\Components\SeriesComponent\SeriesComponent.min.js", "JavaScript", 0, 1, 0, 0, 0, 0, 0, 0, 0, 0, 1
"c:\Users\MSI SWORD 15 A12V\source\repos\SoftWhatsAppCRMDash\SoftWhatsAppCRMDash\wwwroot\lib\highcharts\es-modules\Accessibility\Components\SeriesComponent\SeriesDescriber.js", "JavaScript", 0, 288, 0, 0, 0, 0, 0, 0, 126, 1, 415
"c:\Users\MSI SWORD 15 A12V\source\repos\SoftWhatsAppCRMDash\SoftWhatsAppCRMDash\wwwroot\lib\highcharts\es-modules\Accessibility\Components\SeriesComponent\SeriesDescriber.min.js", "JavaScript", 0, 1, 0, 0, 0, 0, 0, 0, 0, 0, 1
"c:\Users\MSI SWORD 15 A12V\source\repos\SoftWhatsAppCRMDash\SoftWhatsAppCRMDash\wwwroot\lib\highcharts\es-modules\Accessibility\Components\SeriesComponent\SeriesKeyboardNavigation.js", "JavaScript", 0, 481, 0, 0, 0, 0, 0, 0, 239, 1, 721
"c:\Users\MSI SWORD 15 A12V\source\repos\SoftWhatsAppCRMDash\SoftWhatsAppCRMDash\wwwroot\lib\highcharts\es-modules\Accessibility\Components\SeriesComponent\SeriesKeyboardNavigation.min.js", "JavaScript", 0, 1, 0, 0, 0, 0, 0, 0, 0, 0, 1
"c:\Users\MSI SWORD 15 A12V\source\repos\SoftWhatsAppCRMDash\SoftWhatsAppCRMDash\wwwroot\lib\highcharts\es-modules\Accessibility\Components\ZoomComponent.js", "JavaScript", 0, 197, 0, 0, 0, 0, 0, 0, 117, 1, 315
"c:\Users\MSI SWORD 15 A12V\source\repos\SoftWhatsAppCRMDash\SoftWhatsAppCRMDash\wwwroot\lib\highcharts\es-modules\Accessibility\Components\ZoomComponent.min.js", "JavaScript", 0, 1, 0, 0, 0, 0, 0, 0, 0, 0, 1
"c:\Users\MSI SWORD 15 A12V\source\repos\SoftWhatsAppCRMDash\SoftWhatsAppCRMDash\wwwroot\lib\highcharts\es-modules\Accessibility\FocusBorder.js", "JavaScript", 0, 184, 0, 0, 0, 0, 0, 0, 113, 1, 298
"c:\Users\MSI SWORD 15 A12V\source\repos\SoftWhatsAppCRMDash\SoftWhatsAppCRMDash\wwwroot\lib\highcharts\es-modules\Accessibility\FocusBorder.min.js", "JavaScript", 0, 1, 0, 0, 0, 0, 0, 0, 0, 0, 1
"c:\Users\MSI SWORD 15 A12V\source\repos\SoftWhatsAppCRMDash\SoftWhatsAppCRMDash\wwwroot\lib\highcharts\es-modules\Accessibility\HighContrastMode.js", "JavaScript", 0, 57, 0, 0, 0, 0, 0, 0, 48, 1, 106
"c:\Users\MSI SWORD 15 A12V\source\repos\SoftWhatsAppCRMDash\SoftWhatsAppCRMDash\wwwroot\lib\highcharts\es-modules\Accessibility\HighContrastMode.min.js", "JavaScript", 0, 1, 0, 0, 0, 0, 0, 0, 0, 0, 1
"c:\Users\MSI SWORD 15 A12V\source\repos\SoftWhatsAppCRMDash\SoftWhatsAppCRMDash\wwwroot\lib\highcharts\es-modules\Accessibility\HighContrastTheme.js", "JavaScript", 0, 196, 0, 0, 0, 0, 0, 0, 16, 1, 213
"c:\Users\MSI SWORD 15 A12V\source\repos\SoftWhatsAppCRMDash\SoftWhatsAppCRMDash\wwwroot\lib\highcharts\es-modules\Accessibility\HighContrastTheme.min.js", "JavaScript", 0, 1, 0, 0, 0, 0, 0, 0, 0, 0, 1
"c:\Users\MSI SWORD 15 A12V\source\repos\SoftWhatsAppCRMDash\SoftWhatsAppCRMDash\wwwroot\lib\highcharts\es-modules\Accessibility\KeyboardNavigation.js", "JavaScript", 0, 281, 0, 0, 0, 0, 0, 0, 167, 1, 449
"c:\Users\MSI SWORD 15 A12V\source\repos\SoftWhatsAppCRMDash\SoftWhatsAppCRMDash\wwwroot\lib\highcharts\es-modules\Accessibility\KeyboardNavigation.min.js", "JavaScript", 0, 1, 0, 0, 0, 0, 0, 0, 0, 0, 1
"c:\Users\MSI SWORD 15 A12V\source\repos\SoftWhatsAppCRMDash\SoftWhatsAppCRMDash\wwwroot\lib\highcharts\es-modules\Accessibility\KeyboardNavigationHandler.js", "JavaScript", 0, 39, 0, 0, 0, 0, 0, 0, 87, 1, 127
"c:\Users\MSI SWORD 15 A12V\source\repos\SoftWhatsAppCRMDash\SoftWhatsAppCRMDash\wwwroot\lib\highcharts\es-modules\Accessibility\KeyboardNavigationHandler.min.js", "JavaScript", 0, 1, 0, 0, 0, 0, 0, 0, 0, 0, 1
"c:\Users\MSI SWORD 15 A12V\source\repos\SoftWhatsAppCRMDash\SoftWhatsAppCRMDash\wwwroot\lib\highcharts\es-modules\Accessibility\Options\A11yDefaults.js", "JavaScript", 0, 81, 0, 0, 0, 0, 0, 0, 877, 1, 959
"c:\Users\MSI SWORD 15 A12V\source\repos\SoftWhatsAppCRMDash\SoftWhatsAppCRMDash\wwwroot\lib\highcharts\es-modules\Accessibility\Options\A11yDefaults.min.js", "JavaScript", 0, 1, 0, 0, 0, 0, 0, 0, 0, 0, 1
"c:\Users\MSI SWORD 15 A12V\source\repos\SoftWhatsAppCRMDash\SoftWhatsAppCRMDash\wwwroot\lib\highcharts\es-modules\Accessibility\Options\DeprecatedOptions.js", "JavaScript", 0, 146, 0, 0, 0, 0, 0, 0, 119, 1, 266
"c:\Users\MSI SWORD 15 A12V\source\repos\SoftWhatsAppCRMDash\SoftWhatsAppCRMDash\wwwroot\lib\highcharts\es-modules\Accessibility\Options\DeprecatedOptions.min.js", "JavaScript", 0, 1, 0, 0, 0, 0, 0, 0, 0, 0, 1
"c:\Users\MSI SWORD 15 A12V\source\repos\SoftWhatsAppCRMDash\SoftWhatsAppCRMDash\wwwroot\lib\highcharts\es-modules\Accessibility\Options\LangDefaults.js", "JavaScript", 0, 170, 0, 0, 0, 0, 0, 0, 270, 1, 441
"c:\Users\MSI SWORD 15 A12V\source\repos\SoftWhatsAppCRMDash\SoftWhatsAppCRMDash\wwwroot\lib\highcharts\es-modules\Accessibility\Options\LangDefaults.min.js", "JavaScript", 0, 1, 0, 0, 0, 0, 0, 0, 0, 0, 1
"c:\Users\MSI SWORD 15 A12V\source\repos\SoftWhatsAppCRMDash\SoftWhatsAppCRMDash\wwwroot\lib\highcharts\es-modules\Accessibility\ProxyElement.js", "JavaScript", 0, 143, 0, 0, 0, 0, 0, 0, 77, 1, 221
"c:\Users\MSI SWORD 15 A12V\source\repos\SoftWhatsAppCRMDash\SoftWhatsAppCRMDash\wwwroot\lib\highcharts\es-modules\Accessibility\ProxyElement.min.js", "JavaScript", 0, 1, 0, 0, 0, 0, 0, 0, 0, 0, 1
"c:\Users\MSI SWORD 15 A12V\source\repos\SoftWhatsAppCRMDash\SoftWhatsAppCRMDash\wwwroot\lib\highcharts\es-modules\Accessibility\ProxyProvider.js", "JavaScript", 0, 201, 0, 0, 0, 0, 0, 0, 114, 1, 316
"c:\Users\MSI SWORD 15 A12V\source\repos\SoftWhatsAppCRMDash\SoftWhatsAppCRMDash\wwwroot\lib\highcharts\es-modules\Accessibility\ProxyProvider.min.js", "JavaScript", 0, 1, 0, 0, 0, 0, 0, 0, 0, 0, 1
"c:\Users\MSI SWORD 15 A12V\source\repos\SoftWhatsAppCRMDash\SoftWhatsAppCRMDash\wwwroot\lib\highcharts\es-modules\Accessibility\Utils\Announcer.js", "JavaScript", 0, 57, 0, 0, 0, 0, 0, 0, 33, 1, 91
"c:\Users\MSI SWORD 15 A12V\source\repos\SoftWhatsAppCRMDash\SoftWhatsAppCRMDash\wwwroot\lib\highcharts\es-modules\Accessibility\Utils\Announcer.min.js", "JavaScript", 0, 1, 0, 0, 0, 0, 0, 0, 0, 0, 1
"c:\Users\MSI SWORD 15 A12V\source\repos\SoftWhatsAppCRMDash\SoftWhatsAppCRMDash\wwwroot\lib\highcharts\es-modules\Accessibility\Utils\ChartUtilities.js", "JavaScript", 0, 194, 0, 0, 0, 0, 0, 0, 104, 1, 299
"c:\Users\MSI SWORD 15 A12V\source\repos\SoftWhatsAppCRMDash\SoftWhatsAppCRMDash\wwwroot\lib\highcharts\es-modules\Accessibility\Utils\ChartUtilities.min.js", "JavaScript", 0, 1, 0, 0, 0, 0, 0, 0, 0, 0, 1
"c:\Users\MSI SWORD 15 A12V\source\repos\SoftWhatsAppCRMDash\SoftWhatsAppCRMDash\wwwroot\lib\highcharts\es-modules\Accessibility\Utils\DOMElementProvider.js", "JavaScript", 0, 26, 0, 0, 0, 0, 0, 0, 43, 1, 70
"c:\Users\MSI SWORD 15 A12V\source\repos\SoftWhatsAppCRMDash\SoftWhatsAppCRMDash\wwwroot\lib\highcharts\es-modules\Accessibility\Utils\DOMElementProvider.min.js", "JavaScript", 0, 1, 0, 0, 0, 0, 0, 0, 0, 0, 1
"c:\Users\MSI SWORD 15 A12V\source\repos\SoftWhatsAppCRMDash\SoftWhatsAppCRMDash\wwwroot\lib\highcharts\es-modules\Accessibility\Utils\EventProvider.js", "JavaScript", 0, 28, 0, 0, 0, 0, 0, 0, 37, 1, 66
"c:\Users\MSI SWORD 15 A12V\source\repos\SoftWhatsAppCRMDash\SoftWhatsAppCRMDash\wwwroot\lib\highcharts\es-modules\Accessibility\Utils\EventProvider.min.js", "JavaScript", 0, 1, 0, 0, 0, 0, 0, 0, 0, 0, 1
"c:\Users\MSI SWORD 15 A12V\source\repos\SoftWhatsAppCRMDash\SoftWhatsAppCRMDash\wwwroot\lib\highcharts\es-modules\Accessibility\Utils\HTMLUtilities.js", "JavaScript", 0, 208, 0, 0, 0, 0, 0, 0, 111, 1, 320
"c:\Users\MSI SWORD 15 A12V\source\repos\SoftWhatsAppCRMDash\SoftWhatsAppCRMDash\wwwroot\lib\highcharts\es-modules\Accessibility\Utils\HTMLUtilities.min.js", "JavaScript", 0, 1, 0, 0, 0, 0, 0, 0, 0, 0, 1
"c:\Users\MSI SWORD 15 A12V\source\repos\SoftWhatsAppCRMDash\SoftWhatsAppCRMDash\wwwroot\lib\highcharts\es-modules\Core\Animation\AnimationUtilities.js", "JavaScript", 0, 92, 0, 0, 0, 0, 0, 0, 108, 1, 201
"c:\Users\MSI SWORD 15 A12V\source\repos\SoftWhatsAppCRMDash\SoftWhatsAppCRMDash\wwwroot\lib\highcharts\es-modules\Core\Animation\AnimationUtilities.min.js", "JavaScript", 0, 1, 0, 0, 0, 0, 0, 0, 0, 0, 1
"c:\Users\MSI SWORD 15 A12V\source\repos\SoftWhatsAppCRMDash\SoftWhatsAppCRMDash\wwwroot\lib\highcharts\es-modules\Core\Animation\Fx.js", "JavaScript", 0, 226, 0, 0, 0, 0, 0, 0, 162, 1, 389
"c:\Users\MSI SWORD 15 A12V\source\repos\SoftWhatsAppCRMDash\SoftWhatsAppCRMDash\wwwroot\lib\highcharts\es-modules\Core\Animation\Fx.min.js", "JavaScript", 0, 1, 0, 0, 0, 0, 0, 0, 0, 0, 1
"c:\Users\MSI SWORD 15 A12V\source\repos\SoftWhatsAppCRMDash\SoftWhatsAppCRMDash\wwwroot\lib\highcharts\es-modules\Core\Axis\Axis.js", "JavaScript", 0, 1874, 0, 0, 0, 0, 0, 0, 1381, 1, 3256
"c:\Users\MSI SWORD 15 A12V\source\repos\SoftWhatsAppCRMDash\SoftWhatsAppCRMDash\wwwroot\lib\highcharts\es-modules\Core\Axis\Axis.min.js", "JavaScript", 0, 1, 0, 0, 0, 0, 0, 0, 0, 0, 1
"c:\Users\MSI SWORD 15 A12V\source\repos\SoftWhatsAppCRMDash\SoftWhatsAppCRMDash\wwwroot\lib\highcharts\es-modules\Core\Axis\Axis3DComposition.js", "JavaScript", 0, 374, 0, 0, 0, 0, 0, 0, 118, 1, 493
"c:\Users\MSI SWORD 15 A12V\source\repos\SoftWhatsAppCRMDash\SoftWhatsAppCRMDash\wwwroot\lib\highcharts\es-modules\Core\Axis\Axis3DComposition.min.js", "JavaScript", 0, 1, 0, 0, 0, 0, 0, 0, 0, 0, 1
"c:\Users\MSI SWORD 15 A12V\source\repos\SoftWhatsAppCRMDash\SoftWhatsAppCRMDash\wwwroot\lib\highcharts\es-modules\Core\Axis\Axis3DDefaults.js", "JavaScript", 0, 12, 0, 0, 0, 0, 0, 0, 118, 1, 131
"c:\Users\MSI SWORD 15 A12V\source\repos\SoftWhatsAppCRMDash\SoftWhatsAppCRMDash\wwwroot\lib\highcharts\es-modules\Core\Axis\Axis3DDefaults.min.js", "JavaScript", 0, 1, 0, 0, 0, 0, 0, 0, 0, 0, 1
"c:\Users\MSI SWORD 15 A12V\source\repos\SoftWhatsAppCRMDash\SoftWhatsAppCRMDash\wwwroot\lib\highcharts\es-modules\Core\Axis\AxisDefaults.js", "JavaScript", 0, 135, 0, 0, 0, 0, 0, 0, 2915, 1, 3051
"c:\Users\MSI SWORD 15 A12V\source\repos\SoftWhatsAppCRMDash\SoftWhatsAppCRMDash\wwwroot\lib\highcharts\es-modules\Core\Axis\AxisDefaults.min.js", "JavaScript", 0, 1, 0, 0, 0, 0, 0, 0, 0, 0, 1
"c:\Users\MSI SWORD 15 A12V\source\repos\SoftWhatsAppCRMDash\SoftWhatsAppCRMDash\wwwroot\lib\highcharts\es-modules\Core\Axis\BrokenAxis.js", "JavaScript", 0, 389, 0, 0, 0, 0, 0, 0, 220, 1, 610
"c:\Users\MSI SWORD 15 A12V\source\repos\SoftWhatsAppCRMDash\SoftWhatsAppCRMDash\wwwroot\lib\highcharts\es-modules\Core\Axis\BrokenAxis.min.js", "JavaScript", 0, 1, 0, 0, 0, 0, 0, 0, 0, 0, 1
"c:\Users\MSI SWORD 15 A12V\source\repos\SoftWhatsAppCRMDash\SoftWhatsAppCRMDash\wwwroot\lib\highcharts\es-modules\Core\Axis\Color\ColorAxis.js", "JavaScript", 0, 352, 0, 0, 0, 0, 0, 0, 214, 1, 567
"c:\Users\MSI SWORD 15 A12V\source\repos\SoftWhatsAppCRMDash\SoftWhatsAppCRMDash\wwwroot\lib\highcharts\es-modules\Core\Axis\Color\ColorAxis.min.js", "JavaScript", 0, 1, 0, 0, 0, 0, 0, 0, 0, 0, 1
"c:\Users\MSI SWORD 15 A12V\source\repos\SoftWhatsAppCRMDash\SoftWhatsAppCRMDash\wwwroot\lib\highcharts\es-modules\Core\Axis\Color\ColorAxisComposition.js", "JavaScript", 0, 171, 0, 0, 0, 0, 0, 0, 94, 1, 266
"c:\Users\MSI SWORD 15 A12V\source\repos\SoftWhatsAppCRMDash\SoftWhatsAppCRMDash\wwwroot\lib\highcharts\es-modules\Core\Axis\Color\ColorAxisComposition.min.js", "JavaScript", 0, 1, 0, 0, 0, 0, 0, 0, 0, 0, 1
"c:\Users\MSI SWORD 15 A12V\source\repos\SoftWhatsAppCRMDash\SoftWhatsAppCRMDash\wwwroot\lib\highcharts\es-modules\Core\Axis\Color\ColorAxisDefaults.js", "JavaScript", 0, 29, 0, 0, 0, 0, 0, 0, 443, 1, 473
"c:\Users\MSI SWORD 15 A12V\source\repos\SoftWhatsAppCRMDash\SoftWhatsAppCRMDash\wwwroot\lib\highcharts\es-modules\Core\Axis\Color\ColorAxisDefaults.min.js", "JavaScript", 0, 1, 0, 0, 0, 0, 0, 0, 0, 0, 1
"c:\Users\MSI SWORD 15 A12V\source\repos\SoftWhatsAppCRMDash\SoftWhatsAppCRMDash\wwwroot\lib\highcharts\es-modules\Core\Axis\Color\ColorAxisLike.js", "JavaScript", 0, 97, 0, 0, 0, 0, 0, 0, 47, 1, 145
"c:\Users\MSI SWORD 15 A12V\source\repos\SoftWhatsAppCRMDash\SoftWhatsAppCRMDash\wwwroot\lib\highcharts\es-modules\Core\Axis\Color\ColorAxisLike.min.js", "JavaScript", 0, 1, 0, 0, 0, 0, 0, 0, 0, 0, 1
"c:\Users\MSI SWORD 15 A12V\source\repos\SoftWhatsAppCRMDash\SoftWhatsAppCRMDash\wwwroot\lib\highcharts\es-modules\Core\Axis\DateTimeAxis.js", "JavaScript", 0, 95, 0, 0, 0, 0, 0, 0, 93, 1, 189
"c:\Users\MSI SWORD 15 A12V\source\repos\SoftWhatsAppCRMDash\SoftWhatsAppCRMDash\wwwroot\lib\highcharts\es-modules\Core\Axis\DateTimeAxis.min.js", "JavaScript", 0, 1, 0, 0, 0, 0, 0, 0, 0, 0, 1
"c:\Users\MSI SWORD 15 A12V\source\repos\SoftWhatsAppCRMDash\SoftWhatsAppCRMDash\wwwroot\lib\highcharts\es-modules\Core\Axis\GridAxis.js", "JavaScript", 0, 682, 0, 0, 0, 0, 0, 0, 385, 1, 1068
"c:\Users\MSI SWORD 15 A12V\source\repos\SoftWhatsAppCRMDash\SoftWhatsAppCRMDash\wwwroot\lib\highcharts\es-modules\Core\Axis\GridAxis.min.js", "JavaScript", 0, 1, 0, 0, 0, 0, 0, 0, 0, 0, 1
"c:\Users\MSI SWORD 15 A12V\source\repos\SoftWhatsAppCRMDash\SoftWhatsAppCRMDash\wwwroot\lib\highcharts\es-modules\Core\Axis\LogarithmicAxis.js", "JavaScript", 0, 110, 0, 0, 0, 0, 0, 0, 78, 1, 189
"c:\Users\MSI SWORD 15 A12V\source\repos\SoftWhatsAppCRMDash\SoftWhatsAppCRMDash\wwwroot\lib\highcharts\es-modules\Core\Axis\LogarithmicAxis.min.js", "JavaScript", 0, 1, 0, 0, 0, 0, 0, 0, 0, 0, 1
"c:\Users\MSI SWORD 15 A12V\source\repos\SoftWhatsAppCRMDash\SoftWhatsAppCRMDash\wwwroot\lib\highcharts\es-modules\Core\Axis\NavigatorAxisComposition.js", "JavaScript", 0, 70, 0, 0, 0, 0, 0, 0, 73, 1, 144
"c:\Users\MSI SWORD 15 A12V\source\repos\SoftWhatsAppCRMDash\SoftWhatsAppCRMDash\wwwroot\lib\highcharts\es-modules\Core\Axis\NavigatorAxisComposition.min.js", "JavaScript", 0, 1, 0, 0, 0, 0, 0, 0, 0, 0, 1
"c:\Users\MSI SWORD 15 A12V\source\repos\SoftWhatsAppCRMDash\SoftWhatsAppCRMDash\wwwroot\lib\highcharts\es-modules\Core\Axis\OrdinalAxis.js", "JavaScript", 0, 650, 0, 0, 0, 0, 0, 0, 376, 1, 1027
"c:\Users\MSI SWORD 15 A12V\source\repos\SoftWhatsAppCRMDash\SoftWhatsAppCRMDash\wwwroot\lib\highcharts\es-modules\Core\Axis\OrdinalAxis.min.js", "JavaScript", 0, 1, 0, 0, 0, 0, 0, 0, 0, 0, 1
"c:\Users\MSI SWORD 15 A12V\source\repos\SoftWhatsAppCRMDash\SoftWhatsAppCRMDash\wwwroot\lib\highcharts\es-modules\Core\Axis\PlotLineOrBand\PlotLineOrBand.js", "JavaScript", 0, 183, 0, 0, 0, 0, 0, 0, 759, 1, 943
"c:\Users\MSI SWORD 15 A12V\source\repos\SoftWhatsAppCRMDash\SoftWhatsAppCRMDash\wwwroot\lib\highcharts\es-modules\Core\Axis\PlotLineOrBand\PlotLineOrBand.min.js", "JavaScript", 0, 1, 0, 0, 0, 0, 0, 0, 0, 0, 1
"c:\Users\MSI SWORD 15 A12V\source\repos\SoftWhatsAppCRMDash\SoftWhatsAppCRMDash\wwwroot\lib\highcharts\es-modules\Core\Axis\PlotLineOrBand\PlotLineOrBandAxis.js", "JavaScript", 0, 127, 0, 0, 0, 0, 0, 0, 135, 1, 263
"c:\Users\MSI SWORD 15 A12V\source\repos\SoftWhatsAppCRMDash\SoftWhatsAppCRMDash\wwwroot\lib\highcharts\es-modules\Core\Axis\PlotLineOrBand\PlotLineOrBandAxis.min.js", "JavaScript", 0, 1, 0, 0, 0, 0, 0, 0, 0, 0, 1
"c:\Users\MSI SWORD 15 A12V\source\repos\SoftWhatsAppCRMDash\SoftWhatsAppCRMDash\wwwroot\lib\highcharts\es-modules\Core\Axis\RadialAxis.js", "JavaScript", 0, 605, 0, 0, 0, 0, 0, 0, 266, 1, 872
"c:\Users\MSI SWORD 15 A12V\source\repos\SoftWhatsAppCRMDash\SoftWhatsAppCRMDash\wwwroot\lib\highcharts\es-modules\Core\Axis\RadialAxis.min.js", "JavaScript", 0, 1, 0, 0, 0, 0, 0, 0, 0, 0, 1
"c:\Users\MSI SWORD 15 A12V\source\repos\SoftWhatsAppCRMDash\SoftWhatsAppCRMDash\wwwroot\lib\highcharts\es-modules\Core\Axis\RadialAxisDefaults.js", "JavaScript", 0, 61, 0, 0, 0, 0, 0, 0, 64, 1, 126
"c:\Users\MSI SWORD 15 A12V\source\repos\SoftWhatsAppCRMDash\SoftWhatsAppCRMDash\wwwroot\lib\highcharts\es-modules\Core\Axis\RadialAxisDefaults.min.js", "JavaScript", 0, 1, 0, 0, 0, 0, 0, 0, 0, 0, 1
"c:\Users\MSI SWORD 15 A12V\source\repos\SoftWhatsAppCRMDash\SoftWhatsAppCRMDash\wwwroot\lib\highcharts\es-modules\Core\Axis\ScrollbarAxis.js", "JavaScript", 0, 144, 0, 0, 0, 0, 0, 0, 72, 1, 217
"c:\Users\MSI SWORD 15 A12V\source\repos\SoftWhatsAppCRMDash\SoftWhatsAppCRMDash\wwwroot\lib\highcharts\es-modules\Core\Axis\ScrollbarAxis.min.js", "JavaScript", 0, 1, 0, 0, 0, 0, 0, 0, 0, 0, 1
"c:\Users\MSI SWORD 15 A12V\source\repos\SoftWhatsAppCRMDash\SoftWhatsAppCRMDash\wwwroot\lib\highcharts\es-modules\Core\Axis\SolidGaugeAxis.js", "JavaScript", 0, 11, 0, 0, 0, 0, 0, 0, 22, 1, 34
"c:\Users\MSI SWORD 15 A12V\source\repos\SoftWhatsAppCRMDash\SoftWhatsAppCRMDash\wwwroot\lib\highcharts\es-modules\Core\Axis\SolidGaugeAxis.min.js", "JavaScript", 0, 1, 0, 0, 0, 0, 0, 0, 0, 0, 1
"c:\Users\MSI SWORD 15 A12V\source\repos\SoftWhatsAppCRMDash\SoftWhatsAppCRMDash\wwwroot\lib\highcharts\es-modules\Core\Axis\Stacking\StackItem.js", "JavaScript", 0, 153, 0, 0, 0, 0, 0, 0, 124, 1, 278
"c:\Users\MSI SWORD 15 A12V\source\repos\SoftWhatsAppCRMDash\SoftWhatsAppCRMDash\wwwroot\lib\highcharts\es-modules\Core\Axis\Stacking\StackItem.min.js", "JavaScript", 0, 1, 0, 0, 0, 0, 0, 0, 0, 0, 1
"c:\Users\MSI SWORD 15 A12V\source\repos\SoftWhatsAppCRMDash\SoftWhatsAppCRMDash\wwwroot\lib\highcharts\es-modules\Core\Axis\Stacking\StackingAxis.js", "JavaScript", 0, 273, 0, 0, 0, 0, 0, 0, 153, 1, 427
"c:\Users\MSI SWORD 15 A12V\source\repos\SoftWhatsAppCRMDash\SoftWhatsAppCRMDash\wwwroot\lib\highcharts\es-modules\Core\Axis\Stacking\StackingAxis.min.js", "JavaScript", 0, 1, 0, 0, 0, 0, 0, 0, 0, 0, 1
"c:\Users\MSI SWORD 15 A12V\source\repos\SoftWhatsAppCRMDash\SoftWhatsAppCRMDash\wwwroot\lib\highcharts\es-modules\Core\Axis\Tick.js", "JavaScript", 0, 429, 0, 0, 0, 0, 0, 0, 293, 1, 723
"c:\Users\MSI SWORD 15 A12V\source\repos\SoftWhatsAppCRMDash\SoftWhatsAppCRMDash\wwwroot\lib\highcharts\es-modules\Core\Axis\Tick.min.js", "JavaScript", 0, 1, 0, 0, 0, 0, 0, 0, 0, 0, 1
"c:\Users\MSI SWORD 15 A12V\source\repos\SoftWhatsAppCRMDash\SoftWhatsAppCRMDash\wwwroot\lib\highcharts\es-modules\Core\Axis\Tick3DComposition.js", "JavaScript", 0, 36, 0, 0, 0, 0, 0, 0, 30, 1, 67
"c:\Users\MSI SWORD 15 A12V\source\repos\SoftWhatsAppCRMDash\SoftWhatsAppCRMDash\wwwroot\lib\highcharts\es-modules\Core\Axis\Tick3DComposition.min.js", "JavaScript", 0, 1, 0, 0, 0, 0, 0, 0, 0, 0, 1
"c:\Users\MSI SWORD 15 A12V\source\repos\SoftWhatsAppCRMDash\SoftWhatsAppCRMDash\wwwroot\lib\highcharts\es-modules\Core\Axis\TreeGrid\TreeGridAxis.js", "JavaScript", 0, 423, 0, 0, 0, 0, 0, 0, 331, 1, 755
"c:\Users\MSI SWORD 15 A12V\source\repos\SoftWhatsAppCRMDash\SoftWhatsAppCRMDash\wwwroot\lib\highcharts\es-modules\Core\Axis\TreeGrid\TreeGridAxis.min.js", "JavaScript", 0, 1, 0, 0, 0, 0, 0, 0, 0, 0, 1
"c:\Users\MSI SWORD 15 A12V\source\repos\SoftWhatsAppCRMDash\SoftWhatsAppCRMDash\wwwroot\lib\highcharts\es-modules\Core\Axis\TreeGrid\TreeGridTick.js", "JavaScript", 0, 179, 0, 0, 0, 0, 0, 0, 122, 1, 302
"c:\Users\MSI SWORD 15 A12V\source\repos\SoftWhatsAppCRMDash\SoftWhatsAppCRMDash\wwwroot\lib\highcharts\es-modules\Core\Axis\TreeGrid\TreeGridTick.min.js", "JavaScript", 0, 1, 0, 0, 0, 0, 0, 0, 0, 0, 1
"c:\Users\MSI SWORD 15 A12V\source\repos\SoftWhatsAppCRMDash\SoftWhatsAppCRMDash\wwwroot\lib\highcharts\es-modules\Core\Axis\WaterfallAxis.js", "JavaScript", 0, 80, 0, 0, 0, 0, 0, 0, 67, 1, 148
"c:\Users\MSI SWORD 15 A12V\source\repos\SoftWhatsAppCRMDash\SoftWhatsAppCRMDash\wwwroot\lib\highcharts\es-modules\Core\Axis\WaterfallAxis.min.js", "JavaScript", 0, 1, 0, 0, 0, 0, 0, 0, 0, 0, 1
"c:\Users\MSI SWORD 15 A12V\source\repos\SoftWhatsAppCRMDash\SoftWhatsAppCRMDash\wwwroot\lib\highcharts\es-modules\Core\Axis\ZAxis.js", "JavaScript", 0, 71, 0, 0, 0, 0, 0, 0, 57, 1, 129
"c:\Users\MSI SWORD 15 A12V\source\repos\SoftWhatsAppCRMDash\SoftWhatsAppCRMDash\wwwroot\lib\highcharts\es-modules\Core\Axis\ZAxis.min.js", "JavaScript", 0, 1, 0, 0, 0, 0, 0, 0, 0, 0, 1
"c:\Users\MSI SWORD 15 A12V\source\repos\SoftWhatsAppCRMDash\SoftWhatsAppCRMDash\wwwroot\lib\highcharts\es-modules\Core\Chart\Chart.js", "JavaScript", 0, 1603, 0, 0, 0, 0, 0, 0, 1371, 1, 2975
"c:\Users\MSI SWORD 15 A12V\source\repos\SoftWhatsAppCRMDash\SoftWhatsAppCRMDash\wwwroot\lib\highcharts\es-modules\Core\Chart\Chart.min.js", "JavaScript", 0, 1, 0, 0, 0, 0, 0, 0, 0, 0, 1
"c:\Users\MSI SWORD 15 A12V\source\repos\SoftWhatsAppCRMDash\SoftWhatsAppCRMDash\wwwroot\lib\highcharts\es-modules\Core\Chart\Chart3D.js", "JavaScript", 0, 1350, 0, 0, 0, 0, 0, 0, 336, 1, 1687
"c:\Users\MSI SWORD 15 A12V\source\repos\SoftWhatsAppCRMDash\SoftWhatsAppCRMDash\wwwroot\lib\highcharts\es-modules\Core\Chart\Chart3D.min.js", "JavaScript", 0, 1, 0, 0, 0, 0, 0, 0, 0, 0, 1
"c:\Users\MSI SWORD 15 A12V\source\repos\SoftWhatsAppCRMDash\SoftWhatsAppCRMDash\wwwroot\lib\highcharts\es-modules\Core\Chart\ChartDefaults.js", "JavaScript", 0, 41, 0, 0, 0, 0, 0, 0, 1249, 1, 1291
"c:\Users\MSI SWORD 15 A12V\source\repos\SoftWhatsAppCRMDash\SoftWhatsAppCRMDash\wwwroot\lib\highcharts\es-modules\Core\Chart\ChartDefaults.min.js", "JavaScript", 0, 1, 0, 0, 0, 0, 0, 0, 0, 0, 1
"c:\Users\MSI SWORD 15 A12V\source\repos\SoftWhatsAppCRMDash\SoftWhatsAppCRMDash\wwwroot\lib\highcharts\es-modules\Core\Chart\ChartNavigationComposition.js", "JavaScript", 0, 27, 0, 0, 0, 0, 0, 0, 63, 1, 91
"c:\Users\MSI SWORD 15 A12V\source\repos\SoftWhatsAppCRMDash\SoftWhatsAppCRMDash\wwwroot\lib\highcharts\es-modules\Core\Chart\ChartNavigationComposition.min.js", "JavaScript", 0, 1, 0, 0, 0, 0, 0, 0, 0, 0, 1
"c:\Users\MSI SWORD 15 A12V\source\repos\SoftWhatsAppCRMDash\SoftWhatsAppCRMDash\wwwroot\lib\highcharts\es-modules\Core\Chart\GanttChart.js", "JavaScript", 0, 76, 0, 0, 0, 0, 0, 0, 111, 1, 188
"c:\Users\MSI SWORD 15 A12V\source\repos\SoftWhatsAppCRMDash\SoftWhatsAppCRMDash\wwwroot\lib\highcharts\es-modules\Core\Chart\GanttChart.min.js", "JavaScript", 0, 1, 0, 0, 0, 0, 0, 0, 0, 0, 1
"c:\Users\MSI SWORD 15 A12V\source\repos\SoftWhatsAppCRMDash\SoftWhatsAppCRMDash\wwwroot\lib\highcharts\es-modules\Core\Chart\MapChart.js", "JavaScript", 0, 82, 0, 0, 0, 0, 0, 0, 150, 1, 233
"c:\Users\MSI SWORD 15 A12V\source\repos\SoftWhatsAppCRMDash\SoftWhatsAppCRMDash\wwwroot\lib\highcharts\es-modules\Core\Chart\MapChart.min.js", "JavaScript", 0, 1, 0, 0, 0, 0, 0, 0, 0, 0, 1
"c:\Users\MSI SWORD 15 A12V\source\repos\SoftWhatsAppCRMDash\SoftWhatsAppCRMDash\wwwroot\lib\highcharts\es-modules\Core\Chart\StockChart.js", "JavaScript", 0, 439, 0, 0, 0, 0, 0, 0, 213, 1, 653
"c:\Users\MSI SWORD 15 A12V\source\repos\SoftWhatsAppCRMDash\SoftWhatsAppCRMDash\wwwroot\lib\highcharts\es-modules\Core\Chart\StockChart.min.js", "JavaScript", 0, 1, 0, 0, 0, 0, 0, 0, 0, 0, 1
"c:\Users\MSI SWORD 15 A12V\source\repos\SoftWhatsAppCRMDash\SoftWhatsAppCRMDash\wwwroot\lib\highcharts\es-modules\Core\Color\Color.js", "JavaScript", 0, 156, 0, 0, 0, 0, 0, 0, 238, 1, 395
"c:\Users\MSI SWORD 15 A12V\source\repos\SoftWhatsAppCRMDash\SoftWhatsAppCRMDash\wwwroot\lib\highcharts\es-modules\Core\Color\Color.min.js", "JavaScript", 0, 1, 0, 0, 0, 0, 0, 0, 0, 0, 1
"c:\Users\MSI SWORD 15 A12V\source\repos\SoftWhatsAppCRMDash\SoftWhatsAppCRMDash\wwwroot\lib\highcharts\es-modules\Core\Color\Palettes.js", "JavaScript", 0, 15, 0, 0, 0, 0, 0, 0, 7, 1, 23
"c:\Users\MSI SWORD 15 A12V\source\repos\SoftWhatsAppCRMDash\SoftWhatsAppCRMDash\wwwroot\lib\highcharts\es-modules\Core\Color\Palettes.min.js", "JavaScript", 0, 1, 0, 0, 0, 0, 0, 0, 0, 0, 1
"c:\Users\MSI SWORD 15 A12V\source\repos\SoftWhatsAppCRMDash\SoftWhatsAppCRMDash\wwwroot\lib\highcharts\es-modules\Core\Defaults.js", "JavaScript", 0, 242, 0, 0, 0, 0, 0, 0, 2574, 1, 2817
"c:\Users\MSI SWORD 15 A12V\source\repos\SoftWhatsAppCRMDash\SoftWhatsAppCRMDash\wwwroot\lib\highcharts\es-modules\Core\Defaults.min.js", "JavaScript", 0, 1, 0, 0, 0, 0, 0, 0, 0, 0, 1
"c:\Users\MSI SWORD 15 A12V\source\repos\SoftWhatsAppCRMDash\SoftWhatsAppCRMDash\wwwroot\lib\highcharts\es-modules\Core\Foundation.js", "JavaScript", 0, 25, 0, 0, 0, 0, 0, 0, 38, 1, 64
"c:\Users\MSI SWORD 15 A12V\source\repos\SoftWhatsAppCRMDash\SoftWhatsAppCRMDash\wwwroot\lib\highcharts\es-modules\Core\Foundation.min.js", "JavaScript", 0, 1, 0, 0, 0, 0, 0, 0, 0, 0, 1
"c:\Users\MSI SWORD 15 A12V\source\repos\SoftWhatsAppCRMDash\SoftWhatsAppCRMDash\wwwroot\lib\highcharts\es-modules\Core\Geometry\CircleUtilities.js", "JavaScript", 0, 165, 0, 0, 0, 0, 0, 0, 221, 1, 387
"c:\Users\MSI SWORD 15 A12V\source\repos\SoftWhatsAppCRMDash\SoftWhatsAppCRMDash\wwwroot\lib\highcharts\es-modules\Core\Geometry\CircleUtilities.min.js", "JavaScript", 0, 1, 0, 0, 0, 0, 0, 0, 0, 0, 1
"c:\Users\MSI SWORD 15 A12V\source\repos\SoftWhatsAppCRMDash\SoftWhatsAppCRMDash\wwwroot\lib\highcharts\es-modules\Core\Geometry\GeometryUtilities.js", "JavaScript", 0, 41, 0, 0, 0, 0, 0, 0, 64, 1, 106
"c:\Users\MSI SWORD 15 A12V\source\repos\SoftWhatsAppCRMDash\SoftWhatsAppCRMDash\wwwroot\lib\highcharts\es-modules\Core\Geometry\GeometryUtilities.min.js", "JavaScript", 0, 1, 0, 0, 0, 0, 0, 0, 0, 0, 1
"c:\Users\MSI SWORD 15 A12V\source\repos\SoftWhatsAppCRMDash\SoftWhatsAppCRMDash\wwwroot\lib\highcharts\es-modules\Core\Geometry\PolygonClip.js", "JavaScript", 0, 63, 0, 0, 0, 0, 0, 0, 33, 1, 97
"c:\Users\MSI SWORD 15 A12V\source\repos\SoftWhatsAppCRMDash\SoftWhatsAppCRMDash\wwwroot\lib\highcharts\es-modules\Core\Geometry\PolygonClip.min.js", "JavaScript", 0, 1, 0, 0, 0, 0, 0, 0, 0, 0, 1
"c:\Users\MSI SWORD 15 A12V\source\repos\SoftWhatsAppCRMDash\SoftWhatsAppCRMDash\wwwroot\lib\highcharts\es-modules\Core\Globals.js", "JavaScript", 0, 37, 0, 0, 0, 0, 0, 0, 92, 1, 130
"c:\Users\MSI SWORD 15 A12V\source\repos\SoftWhatsAppCRMDash\SoftWhatsAppCRMDash\wwwroot\lib\highcharts\es-modules\Core\Globals.min.js", "JavaScript", 0, 1, 0, 0, 0, 0, 0, 0, 0, 0, 1
"c:\Users\MSI SWORD 15 A12V\source\repos\SoftWhatsAppCRMDash\SoftWhatsAppCRMDash\wwwroot\lib\highcharts\es-modules\Core\HttpUtilities.js", "JavaScript", 0, 106, 0, 0, 0, 0, 0, 0, 101, 1, 208
"c:\Users\MSI SWORD 15 A12V\source\repos\SoftWhatsAppCRMDash\SoftWhatsAppCRMDash\wwwroot\lib\highcharts\es-modules\Core\HttpUtilities.min.js", "JavaScript", 0, 1, 0, 0, 0, 0, 0, 0, 0, 0, 1
"c:\Users\MSI SWORD 15 A12V\source\repos\SoftWhatsAppCRMDash\SoftWhatsAppCRMDash\wwwroot\lib\highcharts\es-modules\Core\Legend\Legend.js", "JavaScript", 0, 833, 0, 0, 0, 0, 0, 0, 531, 1, 1365
"c:\Users\MSI SWORD 15 A12V\source\repos\SoftWhatsAppCRMDash\SoftWhatsAppCRMDash\wwwroot\lib\highcharts\es-modules\Core\Legend\Legend.min.js", "JavaScript", 0, 1, 0, 0, 0, 0, 0, 0, 0, 0, 1
"c:\Users\MSI SWORD 15 A12V\source\repos\SoftWhatsAppCRMDash\SoftWhatsAppCRMDash\wwwroot\lib\highcharts\es-modules\Core\Legend\LegendSymbol.js", "JavaScript", 0, 81, 0, 0, 0, 0, 0, 0, 63, 1, 145
"c:\Users\MSI SWORD 15 A12V\source\repos\SoftWhatsAppCRMDash\SoftWhatsAppCRMDash\wwwroot\lib\highcharts\es-modules\Core\Legend\LegendSymbol.min.js", "JavaScript", 0, 1, 0, 0, 0, 0, 0, 0, 0, 0, 1
"c:\Users\MSI SWORD 15 A12V\source\repos\SoftWhatsAppCRMDash\SoftWhatsAppCRMDash\wwwroot\lib\highcharts\es-modules\Core\MSPointer.js", "JavaScript", 0, 121, 0, 0, 0, 0, 0, 0, 97, 1, 219
"c:\Users\MSI SWORD 15 A12V\source\repos\SoftWhatsAppCRMDash\SoftWhatsAppCRMDash\wwwroot\lib\highcharts\es-modules\Core\MSPointer.min.js", "JavaScript", 0, 1, 0, 0, 0, 0, 0, 0, 0, 0, 1
"c:\Users\MSI SWORD 15 A12V\source\repos\SoftWhatsAppCRMDash\SoftWhatsAppCRMDash\wwwroot\lib\highcharts\es-modules\Core\Math3D.js", "JavaScript", 0, 85, 0, 0, 0, 0, 0, 0, 165, 1, 251
"c:\Users\MSI SWORD 15 A12V\source\repos\SoftWhatsAppCRMDash\SoftWhatsAppCRMDash\wwwroot\lib\highcharts\es-modules\Core\Math3D.min.js", "JavaScript", 0, 1, 0, 0, 0, 0, 0, 0, 0, 0, 1
"c:\Users\MSI SWORD 15 A12V\source\repos\SoftWhatsAppCRMDash\SoftWhatsAppCRMDash\wwwroot\lib\highcharts\es-modules\Core\Pointer.js", "JavaScript", 0, 879, 0, 0, 0, 0, 0, 0, 741, 1, 1621
"c:\Users\MSI SWORD 15 A12V\source\repos\SoftWhatsAppCRMDash\SoftWhatsAppCRMDash\wwwroot\lib\highcharts\es-modules\Core\Pointer.min.js", "JavaScript", 0, 1, 0, 0, 0, 0, 0, 0, 0, 0, 1
"c:\Users\MSI SWORD 15 A12V\source\repos\SoftWhatsAppCRMDash\SoftWhatsAppCRMDash\wwwroot\lib\highcharts\es-modules\Core\Renderer\HTML\AST.js", "JavaScript", 0, 337, 0, 0, 0, 0, 0, 0, 225, 1, 563
"c:\Users\MSI SWORD 15 A12V\source\repos\SoftWhatsAppCRMDash\SoftWhatsAppCRMDash\wwwroot\lib\highcharts\es-modules\Core\Renderer\HTML\AST.min.js", "JavaScript", 0, 1, 0, 0, 0, 0, 0, 0, 0, 0, 1
"c:\Users\MSI SWORD 15 A12V\source\repos\SoftWhatsAppCRMDash\SoftWhatsAppCRMDash\wwwroot\lib\highcharts\es-modules\Core\Renderer\HTML\HTMLElement.js", "JavaScript", 0, 255, 0, 0, 0, 0, 0, 0, 152, 1, 408
"c:\Users\MSI SWORD 15 A12V\source\repos\SoftWhatsAppCRMDash\SoftWhatsAppCRMDash\wwwroot\lib\highcharts\es-modules\Core\Renderer\HTML\HTMLElement.min.js", "JavaScript", 0, 1, 0, 0, 0, 0, 0, 0, 0, 0, 1
"c:\Users\MSI SWORD 15 A12V\source\repos\SoftWhatsAppCRMDash\SoftWhatsAppCRMDash\wwwroot\lib\highcharts\es-modules\Core\Renderer\RendererRegistry.js", "JavaScript", 0, 20, 0, 0, 0, 0, 0, 0, 56, 1, 77
"c:\Users\MSI SWORD 15 A12V\source\repos\SoftWhatsAppCRMDash\SoftWhatsAppCRMDash\wwwroot\lib\highcharts\es-modules\Core\Renderer\RendererRegistry.min.js", "JavaScript", 0, 1, 0, 0, 0, 0, 0, 0, 0, 0, 1
"c:\Users\MSI SWORD 15 A12V\source\repos\SoftWhatsAppCRMDash\SoftWhatsAppCRMDash\wwwroot\lib\highcharts\es-modules\Core\Renderer\RendererUtilities.js", "JavaScript", 0, 96, 0, 0, 0, 0, 0, 0, 76, 1, 173
"c:\Users\MSI SWORD 15 A12V\source\repos\SoftWhatsAppCRMDash\SoftWhatsAppCRMDash\wwwroot\lib\highcharts\es-modules\Core\Renderer\RendererUtilities.min.js", "JavaScript", 0, 1, 0, 0, 0, 0, 0, 0, 0, 0, 1
"c:\Users\MSI SWORD 15 A12V\source\repos\SoftWhatsAppCRMDash\SoftWhatsAppCRMDash\wwwroot\lib\highcharts\es-modules\Core\Renderer\SVG\SVGElement.js", "JavaScript", 0, 914, 0, 0, 0, 0, 0, 0, 968, 1, 1883
"c:\Users\MSI SWORD 15 A12V\source\repos\SoftWhatsAppCRMDash\SoftWhatsAppCRMDash\wwwroot\lib\highcharts\es-modules\Core\Renderer\SVG\SVGElement.min.js", "JavaScript", 0, 1, 0, 0, 0, 0, 0, 0, 0, 0, 1
"c:\Users\MSI SWORD 15 A12V\source\repos\SoftWhatsAppCRMDash\SoftWhatsAppCRMDash\wwwroot\lib\highcharts\es-modules\Core\Renderer\SVG\SVGElement3D.js", "JavaScript", 0, 124, 0, 0, 0, 0, 0, 0, 64, 1, 189
"c:\Users\MSI SWORD 15 A12V\source\repos\SoftWhatsAppCRMDash\SoftWhatsAppCRMDash\wwwroot\lib\highcharts\es-modules\Core\Renderer\SVG\SVGElement3D.min.js", "JavaScript", 0, 1, 0, 0, 0, 0, 0, 0, 0, 0, 1
"c:\Users\MSI SWORD 15 A12V\source\repos\SoftWhatsAppCRMDash\SoftWhatsAppCRMDash\wwwroot\lib\highcharts\es-modules\Core\Renderer\SVG\SVGLabel.js", "JavaScript", 0, 279, 0, 0, 0, 0, 0, 0, 121, 1, 401
"c:\Users\MSI SWORD 15 A12V\source\repos\SoftWhatsAppCRMDash\SoftWhatsAppCRMDash\wwwroot\lib\highcharts\es-modules\Core\Renderer\SVG\SVGLabel.min.js", "JavaScript", 0, 1, 0, 0, 0, 0, 0, 0, 0, 0, 1
"c:\Users\MSI SWORD 15 A12V\source\repos\SoftWhatsAppCRMDash\SoftWhatsAppCRMDash\wwwroot\lib\highcharts\es-modules\Core\Renderer\SVG\SVGRenderer.js", "JavaScript", 0, 658, 0, 0, 0, 0, 0, 0, 1225, 1, 1884
"c:\Users\MSI SWORD 15 A12V\source\repos\SoftWhatsAppCRMDash\SoftWhatsAppCRMDash\wwwroot\lib\highcharts\es-modules\Core\Renderer\SVG\SVGRenderer.min.js", "JavaScript", 0, 1, 0, 0, 0, 0, 0, 0, 0, 0, 1
"c:\Users\MSI SWORD 15 A12V\source\repos\SoftWhatsAppCRMDash\SoftWhatsAppCRMDash\wwwroot\lib\highcharts\es-modules\Core\Renderer\SVG\SVGRenderer3D.js", "JavaScript", 0, 588, 0, 0, 0, 0, 0, 0, 239, 1, 828
"c:\Users\MSI SWORD 15 A12V\source\repos\SoftWhatsAppCRMDash\SoftWhatsAppCRMDash\wwwroot\lib\highcharts\es-modules\Core\Renderer\SVG\SVGRenderer3D.min.js", "JavaScript", 0, 1, 0, 0, 0, 0, 0, 0, 0, 0, 1
"c:\Users\MSI SWORD 15 A12V\source\repos\SoftWhatsAppCRMDash\SoftWhatsAppCRMDash\wwwroot\lib\highcharts\es-modules\Core\Renderer\SVG\Symbols.js", "JavaScript", 0, 182, 0, 0, 0, 0, 0, 0, 62, 1, 245
"c:\Users\MSI SWORD 15 A12V\source\repos\SoftWhatsAppCRMDash\SoftWhatsAppCRMDash\wwwroot\lib\highcharts\es-modules\Core\Renderer\SVG\Symbols.min.js", "JavaScript", 0, 1, 0, 0, 0, 0, 0, 0, 0, 0, 1
"c:\Users\MSI SWORD 15 A12V\source\repos\SoftWhatsAppCRMDash\SoftWhatsAppCRMDash\wwwroot\lib\highcharts\es-modules\Core\Renderer\SVG\TextBuilder.js", "JavaScript", 0, 303, 0, 0, 0, 0, 0, 0, 154, 1, 458
"c:\Users\MSI SWORD 15 A12V\source\repos\SoftWhatsAppCRMDash\SoftWhatsAppCRMDash\wwwroot\lib\highcharts\es-modules\Core\Renderer\SVG\TextBuilder.min.js", "JavaScript", 0, 1, 0, 0, 0, 0, 0, 0, 0, 0, 1
"c:\Users\MSI SWORD 15 A12V\source\repos\SoftWhatsAppCRMDash\SoftWhatsAppCRMDash\wwwroot\lib\highcharts\es-modules\Core\Responsive.js", "JavaScript", 0, 72, 0, 0, 0, 0, 0, 0, 188, 1, 261
"c:\Users\MSI SWORD 15 A12V\source\repos\SoftWhatsAppCRMDash\SoftWhatsAppCRMDash\wwwroot\lib\highcharts\es-modules\Core\Responsive.min.js", "JavaScript", 0, 1, 0, 0, 0, 0, 0, 0, 0, 0, 1
"c:\Users\MSI SWORD 15 A12V\source\repos\SoftWhatsAppCRMDash\SoftWhatsAppCRMDash\wwwroot\lib\highcharts\es-modules\Core\Series\DataLabel.js", "JavaScript", 0, 418, 0, 0, 0, 0, 0, 0, 187, 1, 606
"c:\Users\MSI SWORD 15 A12V\source\repos\SoftWhatsAppCRMDash\SoftWhatsAppCRMDash\wwwroot\lib\highcharts\es-modules\Core\Series\DataLabel.min.js", "JavaScript", 0, 1, 0, 0, 0, 0, 0, 0, 0, 0, 1
"c:\Users\MSI SWORD 15 A12V\source\repos\SoftWhatsAppCRMDash\SoftWhatsAppCRMDash\wwwroot\lib\highcharts\es-modules\Core\Series\DataSeriesComposition.js", "JavaScript", 0, 201, 0, 0, 0, 0, 0, 0, 85, 1, 287
"c:\Users\MSI SWORD 15 A12V\source\repos\SoftWhatsAppCRMDash\SoftWhatsAppCRMDash\wwwroot\lib\highcharts\es-modules\Core\Series\DataSeriesComposition.min.js", "JavaScript", 0, 1, 0, 0, 0, 0, 0, 0, 0, 0, 1
"c:\Users\MSI SWORD 15 A12V\source\repos\SoftWhatsAppCRMDash\SoftWhatsAppCRMDash\wwwroot\lib\highcharts\es-modules\Core\Series\DataSeriesConverter.js", "JavaScript", 0, 130, 0, 0, 0, 0, 0, 0, 74, 1, 205
"c:\Users\MSI SWORD 15 A12V\source\repos\SoftWhatsAppCRMDash\SoftWhatsAppCRMDash\wwwroot\lib\highcharts\es-modules\Core\Series\DataSeriesConverter.min.js", "JavaScript", 0, 1, 0, 0, 0, 0, 0, 0, 0, 0, 1
"c:\Users\MSI SWORD 15 A12V\source\repos\SoftWhatsAppCRMDash\SoftWhatsAppCRMDash\wwwroot\lib\highcharts\es-modules\Core\Series\Point.js", "JavaScript", 0, 612, 0, 0, 0, 0, 0, 0, 702, 1, 1315
"c:\Users\MSI SWORD 15 A12V\source\repos\SoftWhatsAppCRMDash\SoftWhatsAppCRMDash\wwwroot\lib\highcharts\es-modules\Core\Series\Point.min.js", "JavaScript", 0, 1, 0, 0, 0, 0, 0, 0, 0, 0, 1
"c:\Users\MSI SWORD 15 A12V\source\repos\SoftWhatsAppCRMDash\SoftWhatsAppCRMDash\wwwroot\lib\highcharts\es-modules\Core\Series\Series.js", "JavaScript", 0, 1979, 0, 0, 0, 0, 0, 0, 1748, 1, 3728
"c:\Users\MSI SWORD 15 A12V\source\repos\SoftWhatsAppCRMDash\SoftWhatsAppCRMDash\wwwroot\lib\highcharts\es-modules\Core\Series\Series.min.js", "JavaScript", 0, 1, 0, 0, 0, 0, 0, 0, 0, 0, 1
"c:\Users\MSI SWORD 15 A12V\source\repos\SoftWhatsAppCRMDash\SoftWhatsAppCRMDash\wwwroot\lib\highcharts\es-modules\Core\Series\Series3D.js", "JavaScript", 0, 64, 0, 0, 0, 0, 0, 0, 40, 1, 105
"c:\Users\MSI SWORD 15 A12V\source\repos\SoftWhatsAppCRMDash\SoftWhatsAppCRMDash\wwwroot\lib\highcharts\es-modules\Core\Series\Series3D.min.js", "JavaScript", 0, 1, 0, 0, 0, 0, 0, 0, 0, 0, 1
"c:\Users\MSI SWORD 15 A12V\source\repos\SoftWhatsAppCRMDash\SoftWhatsAppCRMDash\wwwroot\lib\highcharts\es-modules\Core\Series\SeriesDefaults.js", "JavaScript", 0, 96, 0, 0, 0, 0, 0, 0, 2321, 1, 2418
"c:\Users\MSI SWORD 15 A12V\source\repos\SoftWhatsAppCRMDash\SoftWhatsAppCRMDash\wwwroot\lib\highcharts\es-modules\Core\Series\SeriesDefaults.min.js", "JavaScript", 0, 1, 0, 0, 0, 0, 0, 0, 0, 0, 1
"c:\Users\MSI SWORD 15 A12V\source\repos\SoftWhatsAppCRMDash\SoftWhatsAppCRMDash\wwwroot\lib\highcharts\es-modules\Core\Series\SeriesRegistry.js", "JavaScript", 0, 44, 0, 0, 0, 0, 0, 0, 68, 1, 113
"c:\Users\MSI SWORD 15 A12V\source\repos\SoftWhatsAppCRMDash\SoftWhatsAppCRMDash\wwwroot\lib\highcharts\es-modules\Core\Series\SeriesRegistry.min.js", "JavaScript", 0, 1, 0, 0, 0, 0, 0, 0, 0, 0, 1
"c:\Users\MSI SWORD 15 A12V\source\repos\SoftWhatsAppCRMDash\SoftWhatsAppCRMDash\wwwroot\lib\highcharts\es-modules\Core\Templating.js", "JavaScript", 0, 235, 0, 0, 0, 0, 0, 0, 166, 1, 402
"c:\Users\MSI SWORD 15 A12V\source\repos\SoftWhatsAppCRMDash\SoftWhatsAppCRMDash\wwwroot\lib\highcharts\es-modules\Core\Templating.min.js", "JavaScript", 0, 1, 0, 0, 0, 0, 0, 0, 0, 0, 1
"c:\Users\MSI SWORD 15 A12V\source\repos\SoftWhatsAppCRMDash\SoftWhatsAppCRMDash\wwwroot\lib\highcharts\es-modules\Core\Time.js", "JavaScript", 0, 382, 0, 0, 0, 0, 0, 0, 578, 1, 961
"c:\Users\MSI SWORD 15 A12V\source\repos\SoftWhatsAppCRMDash\SoftWhatsAppCRMDash\wwwroot\lib\highcharts\es-modules\Core\Time.min.js", "JavaScript", 0, 1, 0, 0, 0, 0, 0, 0, 0, 0, 1
"c:\Users\MSI SWORD 15 A12V\source\repos\SoftWhatsAppCRMDash\SoftWhatsAppCRMDash\wwwroot\lib\highcharts\es-modules\Core\Tooltip.js", "JavaScript", 0, 780, 0, 0, 0, 0, 0, 0, 569, 1, 1350
"c:\Users\MSI SWORD 15 A12V\source\repos\SoftWhatsAppCRMDash\SoftWhatsAppCRMDash\wwwroot\lib\highcharts\es-modules\Core\Tooltip.min.js", "JavaScript", 0, 1, 0, 0, 0, 0, 0, 0, 0, 0, 1
"c:\Users\MSI SWORD 15 A12V\source\repos\SoftWhatsAppCRMDash\SoftWhatsAppCRMDash\wwwroot\lib\highcharts\es-modules\Core\Utilities.js", "JavaScript", 0, 775, 0, 0, 0, 0, 0, 0, 1217, 1, 1993
"c:\Users\MSI SWORD 15 A12V\source\repos\SoftWhatsAppCRMDash\SoftWhatsAppCRMDash\wwwroot\lib\highcharts\es-modules\Core\Utilities.min.js", "JavaScript", 0, 2, 0, 0, 0, 0, 0, 0, 0, 0, 2
"c:\Users\MSI SWORD 15 A12V\source\repos\SoftWhatsAppCRMDash\SoftWhatsAppCRMDash\wwwroot\lib\highcharts\es-modules\Data\Connectors\CSVConnector.js", "JavaScript", 0, 65, 0, 0, 0, 0, 0, 0, 61, 1, 127
"c:\Users\MSI SWORD 15 A12V\source\repos\SoftWhatsAppCRMDash\SoftWhatsAppCRMDash\wwwroot\lib\highcharts\es-modules\Data\Connectors\CSVConnector.min.js", "JavaScript", 0, 1, 0, 0, 0, 0, 0, 0, 0, 0, 1
"c:\Users\MSI SWORD 15 A12V\source\repos\SoftWhatsAppCRMDash\SoftWhatsAppCRMDash\wwwroot\lib\highcharts\es-modules\Data\Connectors\DataConnector.js", "JavaScript", 0, 97, 0, 0, 0, 0, 0, 0, 183, 1, 281
"c:\Users\MSI SWORD 15 A12V\source\repos\SoftWhatsAppCRMDash\SoftWhatsAppCRMDash\wwwroot\lib\highcharts\es-modules\Data\Connectors\DataConnector.min.js", "JavaScript", 0, 1, 0, 0, 0, 0, 0, 0, 0, 0, 1
"c:\Users\MSI SWORD 15 A12V\source\repos\SoftWhatsAppCRMDash\SoftWhatsAppCRMDash\wwwroot\lib\highcharts\es-modules\Data\Connectors\GoogleSheetsConnector.js", "JavaScript", 0, 106, 0, 0, 0, 0, 0, 0, 99, 1, 206
"c:\Users\MSI SWORD 15 A12V\source\repos\SoftWhatsAppCRMDash\SoftWhatsAppCRMDash\wwwroot\lib\highcharts\es-modules\Data\Connectors\GoogleSheetsConnector.min.js", "JavaScript", 0, 1, 0, 0, 0, 0, 0, 0, 0, 0, 1
"c:\Users\MSI SWORD 15 A12V\source\repos\SoftWhatsAppCRMDash\SoftWhatsAppCRMDash\wwwroot\lib\highcharts\es-modules\Data\Connectors\HTMLTableConnector.js", "JavaScript", 0, 63, 0, 0, 0, 0, 0, 0, 57, 1, 121
"c:\Users\MSI SWORD 15 A12V\source\repos\SoftWhatsAppCRMDash\SoftWhatsAppCRMDash\wwwroot\lib\highcharts\es-modules\Data\Connectors\HTMLTableConnector.min.js", "JavaScript", 0, 1, 0, 0, 0, 0, 0, 0, 0, 0, 1
"c:\Users\MSI SWORD 15 A12V\source\repos\SoftWhatsAppCRMDash\SoftWhatsAppCRMDash\wwwroot\lib\highcharts\es-modules\Data\Connectors\JSONConnector.js", "JavaScript", 0, 63, 0, 0, 0, 0, 0, 0, 58, 1, 122
"c:\Users\MSI SWORD 15 A12V\source\repos\SoftWhatsAppCRMDash\SoftWhatsAppCRMDash\wwwroot\lib\highcharts\es-modules\Data\Connectors\JSONConnector.min.js", "JavaScript", 0, 1, 0, 0, 0, 0, 0, 0, 0, 0, 1
"c:\Users\MSI SWORD 15 A12V\source\repos\SoftWhatsAppCRMDash\SoftWhatsAppCRMDash\wwwroot\lib\highcharts\es-modules\Data\Converters\CSVConverter.js", "JavaScript", 0, 314, 0, 0, 0, 0, 0, 0, 127, 1, 442
"c:\Users\MSI SWORD 15 A12V\source\repos\SoftWhatsAppCRMDash\SoftWhatsAppCRMDash\wwwroot\lib\highcharts\es-modules\Data\Converters\CSVConverter.min.js", "JavaScript", 0, 1, 0, 0, 0, 0, 0, 0, 0, 0, 1
"c:\Users\MSI SWORD 15 A12V\source\repos\SoftWhatsAppCRMDash\SoftWhatsAppCRMDash\wwwroot\lib\highcharts\es-modules\Data\Converters\DataConverter.js", "JavaScript", 0, 350, 0, 0, 0, 0, 0, 0, 276, 1, 627
"c:\Users\MSI SWORD 15 A12V\source\repos\SoftWhatsAppCRMDash\SoftWhatsAppCRMDash\wwwroot\lib\highcharts\es-modules\Data\Converters\DataConverter.min.js", "JavaScript", 0, 1, 0, 0, 0, 0, 0, 0, 0, 0, 1
"c:\Users\MSI SWORD 15 A12V\source\repos\SoftWhatsAppCRMDash\SoftWhatsAppCRMDash\wwwroot\lib\highcharts\es-modules\Data\Converters\GoogleSheetsConverter.js", "JavaScript", 0, 63, 0, 0, 0, 0, 0, 0, 73, 1, 137
"c:\Users\MSI SWORD 15 A12V\source\repos\SoftWhatsAppCRMDash\SoftWhatsAppCRMDash\wwwroot\lib\highcharts\es-modules\Data\Converters\GoogleSheetsConverter.min.js", "JavaScript", 0, 1, 0, 0, 0, 0, 0, 0, 0, 0, 1
"c:\Users\MSI SWORD 15 A12V\source\repos\SoftWhatsAppCRMDash\SoftWhatsAppCRMDash\wwwroot\lib\highcharts\es-modules\Data\Converters\HTMLTableConverter.js", "JavaScript", 0, 239, 0, 0, 0, 0, 0, 0, 122, 1, 362
"c:\Users\MSI SWORD 15 A12V\source\repos\SoftWhatsAppCRMDash\SoftWhatsAppCRMDash\wwwroot\lib\highcharts\es-modules\Data\Converters\HTMLTableConverter.min.js", "JavaScript", 0, 1, 0, 0, 0, 0, 0, 0, 0, 0, 1
"c:\Users\MSI SWORD 15 A12V\source\repos\SoftWhatsAppCRMDash\SoftWhatsAppCRMDash\wwwroot\lib\highcharts\es-modules\Data\Converters\JSONConverter.js", "JavaScript", 0, 108, 0, 0, 0, 0, 0, 0, 74, 1, 183
"c:\Users\MSI SWORD 15 A12V\source\repos\SoftWhatsAppCRMDash\SoftWhatsAppCRMDash\wwwroot\lib\highcharts\es-modules\Data\Converters\JSONConverter.min.js", "JavaScript", 0, 1, 0, 0, 0, 0, 0, 0, 0, 0, 1
"c:\Users\MSI SWORD 15 A12V\source\repos\SoftWhatsAppCRMDash\SoftWhatsAppCRMDash\wwwroot\lib\highcharts\es-modules\Data\DataCursor.js", "JavaScript", 0, 208, 0, 0, 0, 0, 0, 0, 176, 1, 385
"c:\Users\MSI SWORD 15 A12V\source\repos\SoftWhatsAppCRMDash\SoftWhatsAppCRMDash\wwwroot\lib\highcharts\es-modules\Data\DataCursor.min.js", "JavaScript", 0, 1, 0, 0, 0, 0, 0, 0, 0, 0, 1
"c:\Users\MSI SWORD 15 A12V\source\repos\SoftWhatsAppCRMDash\SoftWhatsAppCRMDash\wwwroot\lib\highcharts\es-modules\Data\DataEvent.js", "JavaScript", 0, 1, 0, 0, 0, 0, 0, 0, 12, 1, 14
"c:\Users\MSI SWORD 15 A12V\source\repos\SoftWhatsAppCRMDash\SoftWhatsAppCRMDash\wwwroot\lib\highcharts\es-modules\Data\DataEvent.min.js", "JavaScript", 0, 0, 0, 0, 0, 0, 0, 0, 0, 1, 1
"c:\Users\MSI SWORD 15 A12V\source\repos\SoftWhatsAppCRMDash\SoftWhatsAppCRMDash\wwwroot\lib\highcharts\es-modules\Data\DataPool.js", "JavaScript", 0, 118, 0, 0, 0, 0, 0, 0, 145, 1, 264
"c:\Users\MSI SWORD 15 A12V\source\repos\SoftWhatsAppCRMDash\SoftWhatsAppCRMDash\wwwroot\lib\highcharts\es-modules\Data\DataPool.min.js", "JavaScript", 0, 1, 0, 0, 0, 0, 0, 0, 0, 0, 1
"c:\Users\MSI SWORD 15 A12V\source\repos\SoftWhatsAppCRMDash\SoftWhatsAppCRMDash\wwwroot\lib\highcharts\es-modules\Data\DataPoolDefaults.js", "JavaScript", 0, 5, 0, 0, 0, 0, 0, 0, 22, 1, 28
"c:\Users\MSI SWORD 15 A12V\source\repos\SoftWhatsAppCRMDash\SoftWhatsAppCRMDash\wwwroot\lib\highcharts\es-modules\Data\DataPoolDefaults.min.js", "JavaScript", 0, 1, 0, 0, 0, 0, 0, 0, 0, 0, 1
"c:\Users\MSI SWORD 15 A12V\source\repos\SoftWhatsAppCRMDash\SoftWhatsAppCRMDash\wwwroot\lib\highcharts\es-modules\Data\DataPoolOptions.js", "JavaScript", 0, 2, 0, 0, 0, 0, 0, 0, 12, 1, 15
"c:\Users\MSI SWORD 15 A12V\source\repos\SoftWhatsAppCRMDash\SoftWhatsAppCRMDash\wwwroot\lib\highcharts\es-modules\Data\DataPoolOptions.min.js", "JavaScript", 0, 1, 0, 0, 0, 0, 0, 0, 0, 0, 1
"c:\Users\MSI SWORD 15 A12V\source\repos\SoftWhatsAppCRMDash\SoftWhatsAppCRMDash\wwwroot\lib\highcharts\es-modules\Data\DataTable.js", "JavaScript", 0, 494, 0, 0, 0, 0, 0, 0, 572, 1, 1067
"c:\Users\MSI SWORD 15 A12V\source\repos\SoftWhatsAppCRMDash\SoftWhatsAppCRMDash\wwwroot\lib\highcharts\es-modules\Data\DataTable.min.js", "JavaScript", 0, 1, 0, 0, 0, 0, 0, 0, 0, 0, 1
"c:\Users\MSI SWORD 15 A12V\source\repos\SoftWhatsAppCRMDash\SoftWhatsAppCRMDash\wwwroot\lib\highcharts\es-modules\Data\DataTableCore.js", "JavaScript", 0, 84, 0, 0, 0, 0, 0, 0, 190, 1, 275
"c:\Users\MSI SWORD 15 A12V\source\repos\SoftWhatsAppCRMDash\SoftWhatsAppCRMDash\wwwroot\lib\highcharts\es-modules\Data\DataTableCore.min.js", "JavaScript", 0, 1, 0, 0, 0, 0, 0, 0, 0, 0, 1
"c:\Users\MSI SWORD 15 A12V\source\repos\SoftWhatsAppCRMDash\SoftWhatsAppCRMDash\wwwroot\lib\highcharts\es-modules\Data\DataTableOptions.js", "JavaScript", 0, 2, 0, 0, 0, 0, 0, 0, 12, 1, 15
"c:\Users\MSI SWORD 15 A12V\source\repos\SoftWhatsAppCRMDash\SoftWhatsAppCRMDash\wwwroot\lib\highcharts\es-modules\Data\DataTableOptions.min.js", "JavaScript", 0, 1, 0, 0, 0, 0, 0, 0, 0, 0, 1
"c:\Users\MSI SWORD 15 A12V\source\repos\SoftWhatsAppCRMDash\SoftWhatsAppCRMDash\wwwroot\lib\highcharts\es-modules\Data\Formula\Formula.js", "JavaScript", 0, 28, 0, 0, 0, 0, 0, 0, 26, 1, 55
"c:\Users\MSI SWORD 15 A12V\source\repos\SoftWhatsAppCRMDash\SoftWhatsAppCRMDash\wwwroot\lib\highcharts\es-modules\Data\Formula\Formula.min.js", "JavaScript", 0, 1, 0, 0, 0, 0, 0, 0, 0, 0, 1
"c:\Users\MSI SWORD 15 A12V\source\repos\SoftWhatsAppCRMDash\SoftWhatsAppCRMDash\wwwroot\lib\highcharts\es-modules\Data\Formula\FormulaParser.js", "JavaScript", 0, 291, 0, 0, 0, 0, 0, 0, 165, 1, 457
"c:\Users\MSI SWORD 15 A12V\source\repos\SoftWhatsAppCRMDash\SoftWhatsAppCRMDash\wwwroot\lib\highcharts\es-modules\Data\Formula\FormulaParser.min.js", "JavaScript", 0, 1, 0, 0, 0, 0, 0, 0, 0, 0, 1
"c:\Users\MSI SWORD 15 A12V\source\repos\SoftWhatsAppCRMDash\SoftWhatsAppCRMDash\wwwroot\lib\highcharts\es-modules\Data\Formula\FormulaProcessor.js", "JavaScript", 0, 268, 0, 0, 0, 0, 0, 0, 209, 1, 478
"c:\Users\MSI SWORD 15 A12V\source\repos\SoftWhatsAppCRMDash\SoftWhatsAppCRMDash\wwwroot\lib\highcharts\es-modules\Data\Formula\FormulaProcessor.min.js", "JavaScript", 0, 1, 0, 0, 0, 0, 0, 0, 0, 0, 1
"c:\Users\MSI SWORD 15 A12V\source\repos\SoftWhatsAppCRMDash\SoftWhatsAppCRMDash\wwwroot\lib\highcharts\es-modules\Data\Formula\FormulaTypes.js", "JavaScript", 0, 38, 0, 0, 0, 0, 0, 0, 97, 1, 136
"c:\Users\MSI SWORD 15 A12V\source\repos\SoftWhatsAppCRMDash\SoftWhatsAppCRMDash\wwwroot\lib\highcharts\es-modules\Data\Formula\FormulaTypes.min.js", "JavaScript", 0, 1, 0, 0, 0, 0, 0, 0, 0, 0, 1
"c:\Users\MSI SWORD 15 A12V\source\repos\SoftWhatsAppCRMDash\SoftWhatsAppCRMDash\wwwroot\lib\highcharts\es-modules\Data\Formula\Functions\ABS.js", "JavaScript", 0, 25, 0, 0, 0, 0, 0, 0, 42, 1, 68
"c:\Users\MSI SWORD 15 A12V\source\repos\SoftWhatsAppCRMDash\SoftWhatsAppCRMDash\wwwroot\lib\highcharts\es-modules\Data\Formula\Functions\ABS.min.js", "JavaScript", 0, 1, 0, 0, 0, 0, 0, 0, 0, 0, 1
"c:\Users\MSI SWORD 15 A12V\source\repos\SoftWhatsAppCRMDash\SoftWhatsAppCRMDash\wwwroot\lib\highcharts\es-modules\Data\Formula\Functions\AND.js", "JavaScript", 0, 16, 0, 0, 0, 0, 0, 0, 43, 1, 60
"c:\Users\MSI SWORD 15 A12V\source\repos\SoftWhatsAppCRMDash\SoftWhatsAppCRMDash\wwwroot\lib\highcharts\es-modules\Data\Formula\Functions\AND.min.js", "JavaScript", 0, 1, 0, 0, 0, 0, 0, 0, 0, 0, 1
"c:\Users\MSI SWORD 15 A12V\source\repos\SoftWhatsAppCRMDash\SoftWhatsAppCRMDash\wwwroot\lib\highcharts\es-modules\Data\Formula\Functions\AVERAGE.js", "JavaScript", 0, 31, 0, 0, 0, 0, 0, 0, 43, 1, 75
"c:\Users\MSI SWORD 15 A12V\source\repos\SoftWhatsAppCRMDash\SoftWhatsAppCRMDash\wwwroot\lib\highcharts\es-modules\Data\Formula\Functions\AVERAGE.min.js", "JavaScript", 0, 1, 0, 0, 0, 0, 0, 0, 0, 0, 1
"c:\Users\MSI SWORD 15 A12V\source\repos\SoftWhatsAppCRMDash\SoftWhatsAppCRMDash\wwwroot\lib\highcharts\es-modules\Data\Formula\Functions\AVERAGEA.js", "JavaScript", 0, 47, 0, 0, 0, 0, 0, 0, 43, 1, 91
"c:\Users\MSI SWORD 15 A12V\source\repos\SoftWhatsAppCRMDash\SoftWhatsAppCRMDash\wwwroot\lib\highcharts\es-modules\Data\Formula\Functions\AVERAGEA.min.js", "JavaScript", 0, 1, 0, 0, 0, 0, 0, 0, 0, 0, 1
"c:\Users\MSI SWORD 15 A12V\source\repos\SoftWhatsAppCRMDash\SoftWhatsAppCRMDash\wwwroot\lib\highcharts\es-modules\Data\Formula\Functions\COUNT.js", "JavaScript", 0, 22, 0, 0, 0, 0, 0, 0, 43, 1, 66
"c:\Users\MSI SWORD 15 A12V\source\repos\SoftWhatsAppCRMDash\SoftWhatsAppCRMDash\wwwroot\lib\highcharts\es-modules\Data\Formula\Functions\COUNT.min.js", "JavaScript", 0, 1, 0, 0, 0, 0, 0, 0, 0, 0, 1
"c:\Users\MSI SWORD 15 A12V\source\repos\SoftWhatsAppCRMDash\SoftWhatsAppCRMDash\wwwroot\lib\highcharts\es-modules\Data\Formula\Functions\COUNTA.js", "JavaScript", 0, 28, 0, 0, 0, 0, 0, 0, 43, 1, 72
"c:\Users\MSI SWORD 15 A12V\source\repos\SoftWhatsAppCRMDash\SoftWhatsAppCRMDash\wwwroot\lib\highcharts\es-modules\Data\Formula\Functions\COUNTA.min.js", "JavaScript", 0, 1, 0, 0, 0, 0, 0, 0, 0, 0, 1
"c:\Users\MSI SWORD 15 A12V\source\repos\SoftWhatsAppCRMDash\SoftWhatsAppCRMDash\wwwroot\lib\highcharts\es-modules\Data\Formula\Functions\IF.js", "JavaScript", 0, 10, 0, 0, 0, 0, 0, 0, 44, 1, 55
"c:\Users\MSI SWORD 15 A12V\source\repos\SoftWhatsAppCRMDash\SoftWhatsAppCRMDash\wwwroot\lib\highcharts\es-modules\Data\Formula\Functions\IF.min.js", "JavaScript", 0, 1, 0, 0, 0, 0, 0, 0, 0, 0, 1
"c:\Users\MSI SWORD 15 A12V\source\repos\SoftWhatsAppCRMDash\SoftWhatsAppCRMDash\wwwroot\lib\highcharts\es-modules\Data\Formula\Functions\ISNA.js", "JavaScript", 0, 9, 0, 0, 0, 0, 0, 0, 43, 1, 53
"c:\Users\MSI SWORD 15 A12V\source\repos\SoftWhatsAppCRMDash\SoftWhatsAppCRMDash\wwwroot\lib\highcharts\es-modules\Data\Formula\Functions\ISNA.min.js", "JavaScript", 0, 1, 0, 0, 0, 0, 0, 0, 0, 0, 1
"c:\Users\MSI SWORD 15 A12V\source\repos\SoftWhatsAppCRMDash\SoftWhatsAppCRMDash\wwwroot\lib\highcharts\es-modules\Data\Formula\Functions\MAX.js", "JavaScript", 0, 26, 0, 0, 0, 0, 0, 0, 43, 1, 70
"c:\Users\MSI SWORD 15 A12V\source\repos\SoftWhatsAppCRMDash\SoftWhatsAppCRMDash\wwwroot\lib\highcharts\es-modules\Data\Formula\Functions\MAX.min.js", "JavaScript", 0, 1, 0, 0, 0, 0, 0, 0, 0, 0, 1
"c:\Users\MSI SWORD 15 A12V\source\repos\SoftWhatsAppCRMDash\SoftWhatsAppCRMDash\wwwroot\lib\highcharts\es-modules\Data\Formula\Functions\MEDIAN.js", "JavaScript", 0, 35, 0, 0, 0, 0, 0, 0, 43, 1, 79
"c:\Users\MSI SWORD 15 A12V\source\repos\SoftWhatsAppCRMDash\SoftWhatsAppCRMDash\wwwroot\lib\highcharts\es-modules\Data\Formula\Functions\MEDIAN.min.js", "JavaScript", 0, 1, 0, 0, 0, 0, 0, 0, 0, 0, 1
"c:\Users\MSI SWORD 15 A12V\source\repos\SoftWhatsAppCRMDash\SoftWhatsAppCRMDash\wwwroot\lib\highcharts\es-modules\Data\Formula\Functions\MIN.js", "JavaScript", 0, 26, 0, 0, 0, 0, 0, 0, 43, 1, 70
"c:\Users\MSI SWORD 15 A12V\source\repos\SoftWhatsAppCRMDash\SoftWhatsAppCRMDash\wwwroot\lib\highcharts\es-modules\Data\Formula\Functions\MIN.min.js", "JavaScript", 0, 1, 0, 0, 0, 0, 0, 0, 0, 0, 1
"c:\Users\MSI SWORD 15 A12V\source\repos\SoftWhatsAppCRMDash\SoftWhatsAppCRMDash\wwwroot\lib\highcharts\es-modules\Data\Formula\Functions\MOD.js", "JavaScript", 0, 20, 0, 0, 0, 0, 0, 0, 43, 1, 64
"c:\Users\MSI SWORD 15 A12V\source\repos\SoftWhatsAppCRMDash\SoftWhatsAppCRMDash\wwwroot\lib\highcharts\es-modules\Data\Formula\Functions\MOD.min.js", "JavaScript", 0, 1, 0, 0, 0, 0, 0, 0, 0, 0, 1
"c:\Users\MSI SWORD 15 A12V\source\repos\SoftWhatsAppCRMDash\SoftWhatsAppCRMDash\wwwroot\lib\highcharts\es-modules\Data\Formula\Functions\MODE.js", "JavaScript", 0, 75, 0, 0, 0, 0, 0, 0, 74, 1, 150
"c:\Users\MSI SWORD 15 A12V\source\repos\SoftWhatsAppCRMDash\SoftWhatsAppCRMDash\wwwroot\lib\highcharts\es-modules\Data\Formula\Functions\MODE.min.js", "JavaScript", 0, 1, 0, 0, 0, 0, 0, 0, 0, 0, 1
"c:\Users\MSI SWORD 15 A12V\source\repos\SoftWhatsAppCRMDash\SoftWhatsAppCRMDash\wwwroot\lib\highcharts\es-modules\Data\Formula\Functions\NOT.js", "JavaScript", 0, 17, 0, 0, 0, 0, 0, 0, 43, 1, 61
"c:\Users\MSI SWORD 15 A12V\source\repos\SoftWhatsAppCRMDash\SoftWhatsAppCRMDash\wwwroot\lib\highcharts\es-modules\Data\Formula\Functions\NOT.min.js", "JavaScript", 0, 1, 0, 0, 0, 0, 0, 0, 0, 0, 1
"c:\Users\MSI SWORD 15 A12V\source\repos\SoftWhatsAppCRMDash\SoftWhatsAppCRMDash\wwwroot\lib\highcharts\es-modules\Data\Formula\Functions\OR.js", "JavaScript", 0, 19, 0, 0, 0, 0, 0, 0, 43, 1, 63
"c:\Users\MSI SWORD 15 A12V\source\repos\SoftWhatsAppCRMDash\SoftWhatsAppCRMDash\wwwroot\lib\highcharts\es-modules\Data\Formula\Functions\OR.min.js", "JavaScript", 0, 1, 0, 0, 0, 0, 0, 0, 0, 0, 1
"c:\Users\MSI SWORD 15 A12V\source\repos\SoftWhatsAppCRMDash\SoftWhatsAppCRMDash\wwwroot\lib\highcharts\es-modules\Data\Formula\Functions\PRODUCT.js", "JavaScript", 0, 25, 0, 0, 0, 0, 0, 0, 43, 1, 69
"c:\Users\MSI SWORD 15 A12V\source\repos\SoftWhatsAppCRMDash\SoftWhatsAppCRMDash\wwwroot\lib\highcharts\es-modules\Data\Formula\Functions\PRODUCT.min.js", "JavaScript", 0, 1, 0, 0, 0, 0, 0, 0, 0, 0, 1
"c:\Users\MSI SWORD 15 A12V\source\repos\SoftWhatsAppCRMDash\SoftWhatsAppCRMDash\wwwroot\lib\highcharts\es-modules\Data\Formula\Functions\SUM.js", "JavaScript", 0, 22, 0, 0, 0, 0, 0, 0, 43, 1, 66
"c:\Users\MSI SWORD 15 A12V\source\repos\SoftWhatsAppCRMDash\SoftWhatsAppCRMDash\wwwroot\lib\highcharts\es-modules\Data\Formula\Functions\SUM.min.js", "JavaScript", 0, 1, 0, 0, 0, 0, 0, 0, 0, 0, 1
"c:\Users\MSI SWORD 15 A12V\source\repos\SoftWhatsAppCRMDash\SoftWhatsAppCRMDash\wwwroot\lib\highcharts\es-modules\Data\Formula\Functions\XOR.js", "JavaScript", 0, 38, 0, 0, 0, 0, 0, 0, 43, 1, 82
"c:\Users\MSI SWORD 15 A12V\source\repos\SoftWhatsAppCRMDash\SoftWhatsAppCRMDash\wwwroot\lib\highcharts\es-modules\Data\Formula\Functions\XOR.min.js", "JavaScript", 0, 1, 0, 0, 0, 0, 0, 0, 0, 0, 1
"c:\Users\MSI SWORD 15 A12V\source\repos\SoftWhatsAppCRMDash\SoftWhatsAppCRMDash\wwwroot\lib\highcharts\es-modules\Data\Modifiers\ChainModifier.js", "JavaScript", 0, 155, 0, 0, 0, 0, 0, 0, 175, 1, 331
"c:\Users\MSI SWORD 15 A12V\source\repos\SoftWhatsAppCRMDash\SoftWhatsAppCRMDash\wwwroot\lib\highcharts\es-modules\Data\Modifiers\ChainModifier.min.js", "JavaScript", 0, 1, 0, 0, 0, 0, 0, 0, 0, 0, 1
"c:\Users\MSI SWORD 15 A12V\source\repos\SoftWhatsAppCRMDash\SoftWhatsAppCRMDash\wwwroot\lib\highcharts\es-modules\Data\Modifiers\ChainModifierOptions.js", "JavaScript", 0, 2, 0, 0, 0, 0, 0, 0, 12, 1, 15
"c:\Users\MSI SWORD 15 A12V\source\repos\SoftWhatsAppCRMDash\SoftWhatsAppCRMDash\wwwroot\lib\highcharts\es-modules\Data\Modifiers\ChainModifierOptions.min.js", "JavaScript", 0, 1, 0, 0, 0, 0, 0, 0, 0, 0, 1
"c:\Users\MSI SWORD 15 A12V\source\repos\SoftWhatsAppCRMDash\SoftWhatsAppCRMDash\wwwroot\lib\highcharts\es-modules\Data\Modifiers\DataModifier.js", "JavaScript", 0, 92, 0, 0, 0, 0, 0, 0, 189, 1, 282
"c:\Users\MSI SWORD 15 A12V\source\repos\SoftWhatsAppCRMDash\SoftWhatsAppCRMDash\wwwroot\lib\highcharts\es-modules\Data\Modifiers\DataModifier.min.js", "JavaScript", 0, 1, 0, 0, 0, 0, 0, 0, 0, 0, 1
"c:\Users\MSI SWORD 15 A12V\source\repos\SoftWhatsAppCRMDash\SoftWhatsAppCRMDash\wwwroot\lib\highcharts\es-modules\Data\Modifiers\DataModifierEvent.js", "JavaScript", 0, 2, 0, 0, 0, 0, 0, 0, 13, 1, 16
"c:\Users\MSI SWORD 15 A12V\source\repos\SoftWhatsAppCRMDash\SoftWhatsAppCRMDash\wwwroot\lib\highcharts\es-modules\Data\Modifiers\DataModifierEvent.min.js", "JavaScript", 0, 1, 0, 0, 0, 0, 0, 0, 0, 0, 1
"c:\Users\MSI SWORD 15 A12V\source\repos\SoftWhatsAppCRMDash\SoftWhatsAppCRMDash\wwwroot\lib\highcharts\es-modules\Data\Modifiers\DataModifierOptions.js", "JavaScript", 0, 2, 0, 0, 0, 0, 0, 0, 13, 1, 16
"c:\Users\MSI SWORD 15 A12V\source\repos\SoftWhatsAppCRMDash\SoftWhatsAppCRMDash\wwwroot\lib\highcharts\es-modules\Data\Modifiers\DataModifierOptions.min.js", "JavaScript", 0, 1, 0, 0, 0, 0, 0, 0, 0, 0, 1
"c:\Users\MSI SWORD 15 A12V\source\repos\SoftWhatsAppCRMDash\SoftWhatsAppCRMDash\wwwroot\lib\highcharts\es-modules\Data\Modifiers\InvertModifier.js", "JavaScript", 0, 109, 0, 0, 0, 0, 0, 0, 124, 1, 234
"c:\Users\MSI SWORD 15 A12V\source\repos\SoftWhatsAppCRMDash\SoftWhatsAppCRMDash\wwwroot\lib\highcharts\es-modules\Data\Modifiers\InvertModifier.min.js", "JavaScript", 0, 1, 0, 0, 0, 0, 0, 0, 0, 0, 1
"c:\Users\MSI SWORD 15 A12V\source\repos\SoftWhatsAppCRMDash\SoftWhatsAppCRMDash\wwwroot\lib\highcharts\es-modules\Data\Modifiers\InvertModifierOptions.js", "JavaScript", 0, 2, 0, 0, 0, 0, 0, 0, 13, 1, 16
"c:\Users\MSI SWORD 15 A12V\source\repos\SoftWhatsAppCRMDash\SoftWhatsAppCRMDash\wwwroot\lib\highcharts\es-modules\Data\Modifiers\InvertModifierOptions.min.js", "JavaScript", 0, 1, 0, 0, 0, 0, 0, 0, 0, 0, 1
"c:\Users\MSI SWORD 15 A12V\source\repos\SoftWhatsAppCRMDash\SoftWhatsAppCRMDash\wwwroot\lib\highcharts\es-modules\Data\Modifiers\MathModifier.js", "JavaScript", 0, 77, 0, 0, 0, 0, 0, 0, 88, 1, 166
"c:\Users\MSI SWORD 15 A12V\source\repos\SoftWhatsAppCRMDash\SoftWhatsAppCRMDash\wwwroot\lib\highcharts\es-modules\Data\Modifiers\MathModifier.min.js", "JavaScript", 0, 1, 0, 0, 0, 0, 0, 0, 0, 0, 1
"c:\Users\MSI SWORD 15 A12V\source\repos\SoftWhatsAppCRMDash\SoftWhatsAppCRMDash\wwwroot\lib\highcharts\es-modules\Data\Modifiers\MathModifierOptions.js", "JavaScript", 0, 2, 0, 0, 0, 0, 0, 0, 12, 1, 15
"c:\Users\MSI SWORD 15 A12V\source\repos\SoftWhatsAppCRMDash\SoftWhatsAppCRMDash\wwwroot\lib\highcharts\es-modules\Data\Modifiers\MathModifierOptions.min.js", "JavaScript", 0, 1, 0, 0, 0, 0, 0, 0, 0, 0, 1
"c:\Users\MSI SWORD 15 A12V\source\repos\SoftWhatsAppCRMDash\SoftWhatsAppCRMDash\wwwroot\lib\highcharts\es-modules\Data\Modifiers\RangeModifier.js", "JavaScript", 0, 77, 0, 0, 0, 0, 0, 0, 63, 1, 141
"c:\Users\MSI SWORD 15 A12V\source\repos\SoftWhatsAppCRMDash\SoftWhatsAppCRMDash\wwwroot\lib\highcharts\es-modules\Data\Modifiers\RangeModifier.min.js", "JavaScript", 0, 1, 0, 0, 0, 0, 0, 0, 0, 0, 1
"c:\Users\MSI SWORD 15 A12V\source\repos\SoftWhatsAppCRMDash\SoftWhatsAppCRMDash\wwwroot\lib\highcharts\es-modules\Data\Modifiers\RangeModifierOptions.js", "JavaScript", 0, 2, 0, 0, 0, 0, 0, 0, 12, 1, 15
"c:\Users\MSI SWORD 15 A12V\source\repos\SoftWhatsAppCRMDash\SoftWhatsAppCRMDash\wwwroot\lib\highcharts\es-modules\Data\Modifiers\RangeModifierOptions.min.js", "JavaScript", 0, 1, 0, 0, 0, 0, 0, 0, 0, 0, 1
"c:\Users\MSI SWORD 15 A12V\source\repos\SoftWhatsAppCRMDash\SoftWhatsAppCRMDash\wwwroot\lib\highcharts\es-modules\Data\Modifiers\SortModifier.js", "JavaScript", 0, 126, 0, 0, 0, 0, 0, 0, 139, 1, 266
"c:\Users\MSI SWORD 15 A12V\source\repos\SoftWhatsAppCRMDash\SoftWhatsAppCRMDash\wwwroot\lib\highcharts\es-modules\Data\Modifiers\SortModifier.min.js", "JavaScript", 0, 1, 0, 0, 0, 0, 0, 0, 0, 0, 1
"c:\Users\MSI SWORD 15 A12V\source\repos\SoftWhatsAppCRMDash\SoftWhatsAppCRMDash\wwwroot\lib\highcharts\es-modules\Data\Modifiers\SortModifierOptions.js", "JavaScript", 0, 2, 0, 0, 0, 0, 0, 0, 12, 1, 15
"c:\Users\MSI SWORD 15 A12V\source\repos\SoftWhatsAppCRMDash\SoftWhatsAppCRMDash\wwwroot\lib\highcharts\es-modules\Data\Modifiers\SortModifierOptions.min.js", "JavaScript", 0, 1, 0, 0, 0, 0, 0, 0, 0, 0, 1
"c:\Users\MSI SWORD 15 A12V\source\repos\SoftWhatsAppCRMDash\SoftWhatsAppCRMDash\wwwroot\lib\highcharts\es-modules\Extensions\Annotations\Annotation.js", "JavaScript", 0, 328, 0, 0, 0, 0, 0, 0, 313, 1, 642
"c:\Users\MSI SWORD 15 A12V\source\repos\SoftWhatsAppCRMDash\SoftWhatsAppCRMDash\wwwroot\lib\highcharts\es-modules\Extensions\Annotations\Annotation.min.js", "JavaScript", 0, 1, 0, 0, 0, 0, 0, 0, 0, 0, 1
"c:\Users\MSI SWORD 15 A12V\source\repos\SoftWhatsAppCRMDash\SoftWhatsAppCRMDash\wwwroot\lib\highcharts\es-modules\Extensions\Annotations\AnnotationChart.js", "JavaScript", 0, 198, 0, 0, 0, 0, 0, 0, 81, 1, 280
"c:\Users\MSI SWORD 15 A12V\source\repos\SoftWhatsAppCRMDash\SoftWhatsAppCRMDash\wwwroot\lib\highcharts\es-modules\Extensions\Annotations\AnnotationChart.min.js", "JavaScript", 0, 1, 0, 0, 0, 0, 0, 0, 0, 0, 1
"c:\Users\MSI SWORD 15 A12V\source\repos\SoftWhatsAppCRMDash\SoftWhatsAppCRMDash\wwwroot\lib\highcharts\es-modules\Extensions\Annotations\AnnotationDefaults.js", "JavaScript", 0, 58, 0, 0, 0, 0, 0, 0, 577, 1, 636
"c:\Users\MSI SWORD 15 A12V\source\repos\SoftWhatsAppCRMDash\SoftWhatsAppCRMDash\wwwroot\lib\highcharts\es-modules\Extensions\Annotations\AnnotationDefaults.min.js", "JavaScript", 0, 1, 0, 0, 0, 0, 0, 0, 0, 0, 1
"c:\Users\MSI SWORD 15 A12V\source\repos\SoftWhatsAppCRMDash\SoftWhatsAppCRMDash\wwwroot\lib\highcharts\es-modules\Extensions\Annotations\ControlPoint.js", "JavaScript", 0, 48, 0, 0, 0, 0, 0, 0, 99, 1, 148
"c:\Users\MSI SWORD 15 A12V\source\repos\SoftWhatsAppCRMDash\SoftWhatsAppCRMDash\wwwroot\lib\highcharts\es-modules\Extensions\Annotations\ControlPoint.min.js", "JavaScript", 0, 1, 0, 0, 0, 0, 0, 0, 0, 0, 1
"c:\Users\MSI SWORD 15 A12V\source\repos\SoftWhatsAppCRMDash\SoftWhatsAppCRMDash\wwwroot\lib\highcharts\es-modules\Extensions\Annotations\ControlTarget.js", "JavaScript", 0, 138, 0, 0, 0, 0, 0, 0, 126, 1, 265
"c:\Users\MSI SWORD 15 A12V\source\repos\SoftWhatsAppCRMDash\SoftWhatsAppCRMDash\wwwroot\lib\highcharts\es-modules\Extensions\Annotations\ControlTarget.min.js", "JavaScript", 0, 1, 0, 0, 0, 0, 0, 0, 0, 0, 1
"c:\Users\MSI SWORD 15 A12V\source\repos\SoftWhatsAppCRMDash\SoftWhatsAppCRMDash\wwwroot\lib\highcharts\es-modules\Extensions\Annotations\Controllables\Controllable.js", "JavaScript", 0, 109, 0, 0, 0, 0, 0, 0, 144, 1, 254
"c:\Users\MSI SWORD 15 A12V\source\repos\SoftWhatsAppCRMDash\SoftWhatsAppCRMDash\wwwroot\lib\highcharts\es-modules\Extensions\Annotations\Controllables\Controllable.min.js", "JavaScript", 0, 1, 0, 0, 0, 0, 0, 0, 0, 0, 1
"c:\Users\MSI SWORD 15 A12V\source\repos\SoftWhatsAppCRMDash\SoftWhatsAppCRMDash\wwwroot\lib\highcharts\es-modules\Extensions\Annotations\Controllables\ControllableCircle.js", "JavaScript", 0, 45, 0, 0, 0, 0, 0, 0, 67, 1, 113
"c:\Users\MSI SWORD 15 A12V\source\repos\SoftWhatsAppCRMDash\SoftWhatsAppCRMDash\wwwroot\lib\highcharts\es-modules\Extensions\Annotations\Controllables\ControllableCircle.min.js", "JavaScript", 0, 1, 0, 0, 0, 0, 0, 0, 0, 0, 1
"c:\Users\MSI SWORD 15 A12V\source\repos\SoftWhatsAppCRMDash\SoftWhatsAppCRMDash\wwwroot\lib\highcharts\es-modules\Extensions\Annotations\Controllables\ControllableDefaults.js", "JavaScript", 0, 41, 0, 0, 0, 0, 0, 0, 54, 1, 96
"c:\Users\MSI SWORD 15 A12V\source\repos\SoftWhatsAppCRMDash\SoftWhatsAppCRMDash\wwwroot\lib\highcharts\es-modules\Extensions\Annotations\Controllables\ControllableDefaults.min.js", "JavaScript", 0, 1, 0, 0, 0, 0, 0, 0, 0, 0, 1
"c:\Users\MSI SWORD 15 A12V\source\repos\SoftWhatsAppCRMDash\SoftWhatsAppCRMDash\wwwroot\lib\highcharts\es-modules\Extensions\Annotations\Controllables\ControllableEllipse.js", "JavaScript", 0, 96, 0, 0, 0, 0, 0, 0, 117, 1, 214
"c:\Users\MSI SWORD 15 A12V\source\repos\SoftWhatsAppCRMDash\SoftWhatsAppCRMDash\wwwroot\lib\highcharts\es-modules\Extensions\Annotations\Controllables\ControllableEllipse.min.js", "JavaScript", 0, 1, 0, 0, 0, 0, 0, 0, 0, 0, 1
"c:\Users\MSI SWORD 15 A12V\source\repos\SoftWhatsAppCRMDash\SoftWhatsAppCRMDash\wwwroot\lib\highcharts\es-modules\Extensions\Annotations\Controllables\ControllableImage.js", "JavaScript", 0, 45, 0, 0, 0, 0, 0, 0, 54, 1, 100
"c:\Users\MSI SWORD 15 A12V\source\repos\SoftWhatsAppCRMDash\SoftWhatsAppCRMDash\wwwroot\lib\highcharts\es-modules\Extensions\Annotations\Controllables\ControllableImage.min.js", "JavaScript", 0, 1, 0, 0, 0, 0, 0, 0, 0, 0, 1
"c:\Users\MSI SWORD 15 A12V\source\repos\SoftWhatsAppCRMDash\SoftWhatsAppCRMDash\wwwroot\lib\highcharts\es-modules\Extensions\Annotations\Controllables\ControllableLabel.js", "JavaScript", 0, 236, 0, 0, 0, 0, 0, 0, 126, 1, 363
"c:\Users\MSI SWORD 15 A12V\source\repos\SoftWhatsAppCRMDash\SoftWhatsAppCRMDash\wwwroot\lib\highcharts\es-modules\Extensions\Annotations\Controllables\ControllableLabel.min.js", "JavaScript", 0, 1, 0, 0, 0, 0, 0, 0, 0, 0, 1
"c:\Users\MSI SWORD 15 A12V\source\repos\SoftWhatsAppCRMDash\SoftWhatsAppCRMDash\wwwroot\lib\highcharts\es-modules\Extensions\Annotations\Controllables\ControllablePath.js", "JavaScript", 0, 164, 0, 0, 0, 0, 0, 0, 108, 1, 273
"c:\Users\MSI SWORD 15 A12V\source\repos\SoftWhatsAppCRMDash\SoftWhatsAppCRMDash\wwwroot\lib\highcharts\es-modules\Extensions\Annotations\Controllables\ControllablePath.min.js", "JavaScript", 0, 1, 0, 0, 0, 0, 0, 0, 0, 0, 1
"c:\Users\MSI SWORD 15 A12V\source\repos\SoftWhatsAppCRMDash\SoftWhatsAppCRMDash\wwwroot\lib\highcharts\es-modules\Extensions\Annotations\Controllables\ControllableRect.js", "JavaScript", 0, 46, 0, 0, 0, 0, 0, 0, 58, 1, 105
"c:\Users\MSI SWORD 15 A12V\source\repos\SoftWhatsAppCRMDash\SoftWhatsAppCRMDash\wwwroot\lib\highcharts\es-modules\Extensions\Annotations\Controllables\ControllableRect.min.js", "JavaScript", 0, 1, 0, 0, 0, 0, 0, 0, 0, 0, 1
"c:\Users\MSI SWORD 15 A12V\source\repos\SoftWhatsAppCRMDash\SoftWhatsAppCRMDash\wwwroot\lib\highcharts\es-modules\Extensions\Annotations\EventEmitter.js", "JavaScript", 0, 170, 0, 0, 0, 0, 0, 0, 70, 1, 241
"c:\Users\MSI SWORD 15 A12V\source\repos\SoftWhatsAppCRMDash\SoftWhatsAppCRMDash\wwwroot\lib\highcharts\es-modules\Extensions\Annotations\EventEmitter.min.js", "JavaScript", 0, 1, 0, 0, 0, 0, 0, 0, 0, 0, 1
"c:\Users\MSI SWORD 15 A12V\source\repos\SoftWhatsAppCRMDash\SoftWhatsAppCRMDash\wwwroot\lib\highcharts\es-modules\Extensions\Annotations\MockPoint.js", "JavaScript", 0, 173, 0, 0, 0, 0, 0, 0, 306, 1, 480
"c:\Users\MSI SWORD 15 A12V\source\repos\SoftWhatsAppCRMDash\SoftWhatsAppCRMDash\wwwroot\lib\highcharts\es-modules\Extensions\Annotations\MockPoint.min.js", "JavaScript", 0, 1, 0, 0, 0, 0, 0, 0, 0, 0, 1
"c:\Users\MSI SWORD 15 A12V\source\repos\SoftWhatsAppCRMDash\SoftWhatsAppCRMDash\wwwroot\lib\highcharts\es-modules\Extensions\Annotations\NavigationBindings.js", "JavaScript", 0, 521, 0, 0, 0, 0, 0, 0, 312, 1, 834
"c:\Users\MSI SWORD 15 A12V\source\repos\SoftWhatsAppCRMDash\SoftWhatsAppCRMDash\wwwroot\lib\highcharts\es-modules\Extensions\Annotations\NavigationBindings.min.js", "JavaScript", 0, 1, 0, 0, 0, 0, 0, 0, 0, 0, 1
"c:\Users\MSI SWORD 15 A12V\source\repos\SoftWhatsAppCRMDash\SoftWhatsAppCRMDash\wwwroot\lib\highcharts\es-modules\Extensions\Annotations\NavigationBindingsDefaults.js", "JavaScript", 0, 215, 0, 0, 0, 0, 0, 0, 181, 1, 397
"c:\Users\MSI SWORD 15 A12V\source\repos\SoftWhatsAppCRMDash\SoftWhatsAppCRMDash\wwwroot\lib\highcharts\es-modules\Extensions\Annotations\NavigationBindingsDefaults.min.js", "JavaScript", 0, 1, 0, 0, 0, 0, 0, 0, 0, 0, 1
"c:\Users\MSI SWORD 15 A12V\source\repos\SoftWhatsAppCRMDash\SoftWhatsAppCRMDash\wwwroot\lib\highcharts\es-modules\Extensions\Annotations\NavigationBindingsUtilities.js", "JavaScript", 0, 43, 0, 0, 0, 0, 0, 0, 55, 1, 99
"c:\Users\MSI SWORD 15 A12V\source\repos\SoftWhatsAppCRMDash\SoftWhatsAppCRMDash\wwwroot\lib\highcharts\es-modules\Extensions\Annotations\NavigationBindingsUtilities.min.js", "JavaScript", 0, 1, 0, 0, 0, 0, 0, 0, 0, 0, 1
"c:\Users\MSI SWORD 15 A12V\source\repos\SoftWhatsAppCRMDash\SoftWhatsAppCRMDash\wwwroot\lib\highcharts\es-modules\Extensions\Annotations\Popup\Popup.js", "JavaScript", 0, 134, 0, 0, 0, 0, 0, 0, 102, 1, 237
"c:\Users\MSI SWORD 15 A12V\source\repos\SoftWhatsAppCRMDash\SoftWhatsAppCRMDash\wwwroot\lib\highcharts\es-modules\Extensions\Annotations\Popup\Popup.min.js", "JavaScript", 0, 1, 0, 0, 0, 0, 0, 0, 0, 0, 1
"c:\Users\MSI SWORD 15 A12V\source\repos\SoftWhatsAppCRMDash\SoftWhatsAppCRMDash\wwwroot\lib\highcharts\es-modules\Extensions\Annotations\Popup\PopupAnnotations.js", "JavaScript", 0, 110, 0, 0, 0, 0, 0, 0, 69, 1, 180
"c:\Users\MSI SWORD 15 A12V\source\repos\SoftWhatsAppCRMDash\SoftWhatsAppCRMDash\wwwroot\lib\highcharts\es-modules\Extensions\Annotations\Popup\PopupAnnotations.min.js", "JavaScript", 0, 1, 0, 0, 0, 0, 0, 0, 0, 0, 1
"c:\Users\MSI SWORD 15 A12V\source\repos\SoftWhatsAppCRMDash\SoftWhatsAppCRMDash\wwwroot\lib\highcharts\es-modules\Extensions\Annotations\Popup\PopupComposition.js", "JavaScript", 0, 36, 0, 0, 0, 0, 0, 0, 37, 1, 74
"c:\Users\MSI SWORD 15 A12V\source\repos\SoftWhatsAppCRMDash\SoftWhatsAppCRMDash\wwwroot\lib\highcharts\es-modules\Extensions\Annotations\Popup\PopupComposition.min.js", "JavaScript", 0, 1, 0, 0, 0, 0, 0, 0, 0, 0, 1
"c:\Users\MSI SWORD 15 A12V\source\repos\SoftWhatsAppCRMDash\SoftWhatsAppCRMDash\wwwroot\lib\highcharts\es-modules\Extensions\Annotations\Popup\PopupIndicators.js", "JavaScript", 0, 340, 0, 0, 0, 0, 0, 0, 271, 1, 612
"c:\Users\MSI SWORD 15 A12V\source\repos\SoftWhatsAppCRMDash\SoftWhatsAppCRMDash\wwwroot\lib\highcharts\es-modules\Extensions\Annotations\Popup\PopupIndicators.min.js", "JavaScript", 0, 1, 0, 0, 0, 0, 0, 0, 0, 0, 1
"c:\Users\MSI SWORD 15 A12V\source\repos\SoftWhatsAppCRMDash\SoftWhatsAppCRMDash\wwwroot\lib\highcharts\es-modules\Extensions\Annotations\Popup\PopupTabs.js", "JavaScript", 0, 70, 0, 0, 0, 0, 0, 0, 64, 1, 135
"c:\Users\MSI SWORD 15 A12V\source\repos\SoftWhatsAppCRMDash\SoftWhatsAppCRMDash\wwwroot\lib\highcharts\es-modules\Extensions\Annotations\Popup\PopupTabs.min.js", "JavaScript", 0, 1, 0, 0, 0, 0, 0, 0, 0, 0, 1
"c:\Users\MSI SWORD 15 A12V\source\repos\SoftWhatsAppCRMDash\SoftWhatsAppCRMDash\wwwroot\lib\highcharts\es-modules\Extensions\Annotations\Types\BasicAnnotation.js", "JavaScript", 0, 189, 0, 0, 0, 0, 0, 0, 35, 1, 225
"c:\Users\MSI SWORD 15 A12V\source\repos\SoftWhatsAppCRMDash\SoftWhatsAppCRMDash\wwwroot\lib\highcharts\es-modules\Extensions\Annotations\Types\BasicAnnotation.min.js", "JavaScript", 0, 1, 0, 0, 0, 0, 0, 0, 0, 0, 1
"c:\Users\MSI SWORD 15 A12V\source\repos\SoftWhatsAppCRMDash\SoftWhatsAppCRMDash\wwwroot\lib\highcharts\es-modules\Extensions\Annotations\Types\CrookedLine.js", "JavaScript", 0, 76, 0, 0, 0, 0, 0, 0, 84, 1, 161
"c:\Users\MSI SWORD 15 A12V\source\repos\SoftWhatsAppCRMDash\SoftWhatsAppCRMDash\wwwroot\lib\highcharts\es-modules\Extensions\Annotations\Types\CrookedLine.min.js", "JavaScript", 0, 1, 0, 0, 0, 0, 0, 0, 0, 0, 1
"c:\Users\MSI SWORD 15 A12V\source\repos\SoftWhatsAppCRMDash\SoftWhatsAppCRMDash\wwwroot\lib\highcharts\es-modules\Extensions\Annotations\Types\ElliottWave.js", "JavaScript", 0, 39, 0, 0, 0, 0, 0, 0, 37, 1, 77
"c:\Users\MSI SWORD 15 A12V\source\repos\SoftWhatsAppCRMDash\SoftWhatsAppCRMDash\wwwroot\lib\highcharts\es-modules\Extensions\Annotations\Types\ElliottWave.min.js", "JavaScript", 0, 1, 0, 0, 0, 0, 0, 0, 0, 0, 1
"c:\Users\MSI SWORD 15 A12V\source\repos\SoftWhatsAppCRMDash\SoftWhatsAppCRMDash\wwwroot\lib\highcharts\es-modules\Extensions\Annotations\Types\Fibonacci.js", "JavaScript", 0, 125, 0, 0, 0, 0, 0, 0, 83, 1, 209
"c:\Users\MSI SWORD 15 A12V\source\repos\SoftWhatsAppCRMDash\SoftWhatsAppCRMDash\wwwroot\lib\highcharts\es-modules\Extensions\Annotations\Types\Fibonacci.min.js", "JavaScript", 0, 1, 0, 0, 0, 0, 0, 0, 0, 0, 1
"c:\Users\MSI SWORD 15 A12V\source\repos\SoftWhatsAppCRMDash\SoftWhatsAppCRMDash\wwwroot\lib\highcharts\es-modules\Extensions\Annotations\Types\FibonacciTimeZones.js", "JavaScript", 0, 98, 0, 0, 0, 0, 0, 0, 98, 1, 197
"c:\Users\MSI SWORD 15 A12V\source\repos\SoftWhatsAppCRMDash\SoftWhatsAppCRMDash\wwwroot\lib\highcharts\es-modules\Extensions\Annotations\Types\FibonacciTimeZones.min.js", "JavaScript", 0, 1, 0, 0, 0, 0, 0, 0, 0, 0, 1
"c:\Users\MSI SWORD 15 A12V\source\repos\SoftWhatsAppCRMDash\SoftWhatsAppCRMDash\wwwroot\lib\highcharts\es-modules\Extensions\Annotations\Types\InfinityLine.js", "JavaScript", 0, 81, 0, 0, 0, 0, 0, 0, 54, 1, 136
"c:\Users\MSI SWORD 15 A12V\source\repos\SoftWhatsAppCRMDash\SoftWhatsAppCRMDash\wwwroot\lib\highcharts\es-modules\Extensions\Annotations\Types\InfinityLine.min.js", "JavaScript", 0, 1, 0, 0, 0, 0, 0, 0, 0, 0, 1
"c:\Users\MSI SWORD 15 A12V\source\repos\SoftWhatsAppCRMDash\SoftWhatsAppCRMDash\wwwroot\lib\highcharts\es-modules\Extensions\Annotations\Types\Measure.js", "JavaScript", 0, 506, 0, 0, 0, 0, 0, 0, 303, 1, 810
"c:\Users\MSI SWORD 15 A12V\source\repos\SoftWhatsAppCRMDash\SoftWhatsAppCRMDash\wwwroot\lib\highcharts\es-modules\Extensions\Annotations\Types\Measure.min.js", "JavaScript", 0, 1, 0, 0, 0, 0, 0, 0, 0, 0, 1
"c:\Users\MSI SWORD 15 A12V\source\repos\SoftWhatsAppCRMDash\SoftWhatsAppCRMDash\wwwroot\lib\highcharts\es-modules\Extensions\Annotations\Types\Pitchfork.js", "JavaScript", 0, 124, 0, 0, 0, 0, 0, 0, 52, 1, 177
"c:\Users\MSI SWORD 15 A12V\source\repos\SoftWhatsAppCRMDash\SoftWhatsAppCRMDash\wwwroot\lib\highcharts\es-modules\Extensions\Annotations\Types\Pitchfork.min.js", "JavaScript", 0, 1, 0, 0, 0, 0, 0, 0, 0, 0, 1
"c:\Users\MSI SWORD 15 A12V\source\repos\SoftWhatsAppCRMDash\SoftWhatsAppCRMDash\wwwroot\lib\highcharts\es-modules\Extensions\Annotations\Types\TimeCycles.js", "JavaScript", 0, 130, 0, 0, 0, 0, 0, 0, 62, 1, 193
"c:\Users\MSI SWORD 15 A12V\source\repos\SoftWhatsAppCRMDash\SoftWhatsAppCRMDash\wwwroot\lib\highcharts\es-modules\Extensions\Annotations\Types\TimeCycles.min.js", "JavaScript", 0, 1, 0, 0, 0, 0, 0, 0, 0, 0, 1
"c:\Users\MSI SWORD 15 A12V\source\repos\SoftWhatsAppCRMDash\SoftWhatsAppCRMDash\wwwroot\lib\highcharts\es-modules\Extensions\Annotations\Types\Tunnel.js", "JavaScript", 0, 127, 0, 0, 0, 0, 0, 0, 78, 1, 206
"c:\Users\MSI SWORD 15 A12V\source\repos\SoftWhatsAppCRMDash\SoftWhatsAppCRMDash\wwwroot\lib\highcharts\es-modules\Extensions\Annotations\Types\Tunnel.min.js", "JavaScript", 0, 1, 0, 0, 0, 0, 0, 0, 0, 0, 1
"c:\Users\MSI SWORD 15 A12V\source\repos\SoftWhatsAppCRMDash\SoftWhatsAppCRMDash\wwwroot\lib\highcharts\es-modules\Extensions\Annotations\Types\VerticalLine.js", "JavaScript", 0, 86, 0, 0, 0, 0, 0, 0, 50, 1, 137
"c:\Users\MSI SWORD 15 A12V\source\repos\SoftWhatsAppCRMDash\SoftWhatsAppCRMDash\wwwroot\lib\highcharts\es-modules\Extensions\Annotations\Types\VerticalLine.min.js", "JavaScript", 0, 1, 0, 0, 0, 0, 0, 0, 0, 0, 1
"c:\Users\MSI SWORD 15 A12V\source\repos\SoftWhatsAppCRMDash\SoftWhatsAppCRMDash\wwwroot\lib\highcharts\es-modules\Extensions\ArrowSymbols.js", "JavaScript", 0, 36, 0, 0, 0, 0, 0, 0, 137, 1, 174
"c:\Users\MSI SWORD 15 A12V\source\repos\SoftWhatsAppCRMDash\SoftWhatsAppCRMDash\wwwroot\lib\highcharts\es-modules\Extensions\ArrowSymbols.min.js", "JavaScript", 0, 1, 0, 0, 0, 0, 0, 0, 0, 0, 1
"c:\Users\MSI SWORD 15 A12V\source\repos\SoftWhatsAppCRMDash\SoftWhatsAppCRMDash\wwwroot\lib\highcharts\es-modules\Extensions\BoostCanvas.js", "JavaScript", 0, 464, 0, 0, 0, 0, 0, 0, 128, 1, 593
"c:\Users\MSI SWORD 15 A12V\source\repos\SoftWhatsAppCRMDash\SoftWhatsAppCRMDash\wwwroot\lib\highcharts\es-modules\Extensions\BoostCanvas.min.js", "JavaScript", 0, 1, 0, 0, 0, 0, 0, 0, 0, 0, 1
"c:\Users\MSI SWORD 15 A12V\source\repos\SoftWhatsAppCRMDash\SoftWhatsAppCRMDash\wwwroot\lib\highcharts\es-modules\Extensions\Boost\Boost.js", "JavaScript", 0, 84, 0, 0, 0, 0, 0, 0, 282, 1, 367
"c:\Users\MSI SWORD 15 A12V\source\repos\SoftWhatsAppCRMDash\SoftWhatsAppCRMDash\wwwroot\lib\highcharts\es-modules\Extensions\Boost\Boost.min.js", "JavaScript", 0, 1, 0, 0, 0, 0, 0, 0, 0, 0, 1
"c:\Users\MSI SWORD 15 A12V\source\repos\SoftWhatsAppCRMDash\SoftWhatsAppCRMDash\wwwroot\lib\highcharts\es-modules\Extensions\Boost\BoostChart.js", "JavaScript", 0, 175, 0, 0, 0, 0, 0, 0, 87, 1, 263
"c:\Users\MSI SWORD 15 A12V\source\repos\SoftWhatsAppCRMDash\SoftWhatsAppCRMDash\wwwroot\lib\highcharts\es-modules\Extensions\Boost\BoostChart.min.js", "JavaScript", 0, 1, 0, 0, 0, 0, 0, 0, 0, 0, 1
"c:\Users\MSI SWORD 15 A12V\source\repos\SoftWhatsAppCRMDash\SoftWhatsAppCRMDash\wwwroot\lib\highcharts\es-modules\Extensions\Boost\BoostSeries.js", "JavaScript", 0, 795, 0, 0, 0, 0, 0, 0, 279, 1, 1075
"c:\Users\MSI SWORD 15 A12V\source\repos\SoftWhatsAppCRMDash\SoftWhatsAppCRMDash\wwwroot\lib\highcharts\es-modules\Extensions\Boost\BoostSeries.min.js", "JavaScript", 0, 1, 0, 0, 0, 0, 0, 0, 0, 0, 1
"c:\Users\MSI SWORD 15 A12V\source\repos\SoftWhatsAppCRMDash\SoftWhatsAppCRMDash\wwwroot\lib\highcharts\es-modules\Extensions\Boost\BoostableMap.js", "JavaScript", 0, 7, 0, 0, 0, 0, 0, 0, 27, 1, 35
"c:\Users\MSI SWORD 15 A12V\source\repos\SoftWhatsAppCRMDash\SoftWhatsAppCRMDash\wwwroot\lib\highcharts\es-modules\Extensions\Boost\BoostableMap.min.js", "JavaScript", 0, 1, 0, 0, 0, 0, 0, 0, 0, 0, 1
"c:\Users\MSI SWORD 15 A12V\source\repos\SoftWhatsAppCRMDash\SoftWhatsAppCRMDash\wwwroot\lib\highcharts\es-modules\Extensions\Boost\Boostables.js", "JavaScript", 0, 15, 0, 0, 0, 0, 0, 0, 22, 1, 38
"c:\Users\MSI SWORD 15 A12V\source\repos\SoftWhatsAppCRMDash\SoftWhatsAppCRMDash\wwwroot\lib\highcharts\es-modules\Extensions\Boost\Boostables.min.js", "JavaScript", 0, 1, 0, 0, 0, 0, 0, 0, 0, 0, 1
"c:\Users\MSI SWORD 15 A12V\source\repos\SoftWhatsAppCRMDash\SoftWhatsAppCRMDash\wwwroot\lib\highcharts\es-modules\Extensions\Boost\NamedColors.js", "JavaScript", 0, 149, 0, 0, 0, 0, 0, 0, 23, 1, 173
"c:\Users\MSI SWORD 15 A12V\source\repos\SoftWhatsAppCRMDash\SoftWhatsAppCRMDash\wwwroot\lib\highcharts\es-modules\Extensions\Boost\NamedColors.min.js", "JavaScript", 0, 1, 0, 0, 0, 0, 0, 0, 0, 0, 1
"c:\Users\MSI SWORD 15 A12V\source\repos\SoftWhatsAppCRMDash\SoftWhatsAppCRMDash\wwwroot\lib\highcharts\es-modules\Extensions\Boost\WGLDrawMode.js", "JavaScript", 0, 15, 0, 0, 0, 0, 0, 0, 21, 1, 37
"c:\Users\MSI SWORD 15 A12V\source\repos\SoftWhatsAppCRMDash\SoftWhatsAppCRMDash\wwwroot\lib\highcharts\es-modules\Extensions\Boost\WGLDrawMode.min.js", "JavaScript", 0, 1, 0, 0, 0, 0, 0, 0, 0, 0, 1
"c:\Users\MSI SWORD 15 A12V\source\repos\SoftWhatsAppCRMDash\SoftWhatsAppCRMDash\wwwroot\lib\highcharts\es-modules\Extensions\Boost\WGLRenderer.js", "JavaScript", 0, 873, 0, 0, 0, 0, 0, 0, 327, 1, 1201
"c:\Users\MSI SWORD 15 A12V\source\repos\SoftWhatsAppCRMDash\SoftWhatsAppCRMDash\wwwroot\lib\highcharts\es-modules\Extensions\Boost\WGLRenderer.min.js", "JavaScript", 0, 1, 0, 0, 0, 0, 0, 0, 0, 0, 1
"c:\Users\MSI SWORD 15 A12V\source\repos\SoftWhatsAppCRMDash\SoftWhatsAppCRMDash\wwwroot\lib\highcharts\es-modules\Extensions\Boost\WGLShader.js", "JavaScript", 0, 314, 0, 0, 0, 0, 0, 0, 148, 1, 463
"c:\Users\MSI SWORD 15 A12V\source\repos\SoftWhatsAppCRMDash\SoftWhatsAppCRMDash\wwwroot\lib\highcharts\es-modules\Extensions\Boost\WGLShader.min.js", "JavaScript", 0, 1, 0, 0, 0, 0, 0, 0, 0, 0, 1
"c:\Users\MSI SWORD 15 A12V\source\repos\SoftWhatsAppCRMDash\SoftWhatsAppCRMDash\wwwroot\lib\highcharts\es-modules\Extensions\Boost\WGLVertexBuffer.js", "JavaScript", 0, 88, 0, 0, 0, 0, 0, 0, 103, 1, 192
"c:\Users\MSI SWORD 15 A12V\source\repos\SoftWhatsAppCRMDash\SoftWhatsAppCRMDash\wwwroot\lib\highcharts\es-modules\Extensions\Boost\WGLVertexBuffer.min.js", "JavaScript", 0, 1, 0, 0, 0, 0, 0, 0, 0, 0, 1
"c:\Users\MSI SWORD 15 A12V\source\repos\SoftWhatsAppCRMDash\SoftWhatsAppCRMDash\wwwroot\lib\highcharts\es-modules\Extensions\BorderRadius.js", "JavaScript", 0, 220, 0, 0, 0, 0, 0, 0, 160, 1, 381
"c:\Users\MSI SWORD 15 A12V\source\repos\SoftWhatsAppCRMDash\SoftWhatsAppCRMDash\wwwroot\lib\highcharts\es-modules\Extensions\BorderRadius.min.js", "JavaScript", 0, 1, 0, 0, 0, 0, 0, 0, 0, 0, 1
"c:\Users\MSI SWORD 15 A12V\source\repos\SoftWhatsAppCRMDash\SoftWhatsAppCRMDash\wwwroot\lib\highcharts\es-modules\Extensions\Breadcrumbs\Breadcrumbs.js", "JavaScript", 0, 330, 0, 0, 0, 0, 0, 0, 342, 1, 673
"c:\Users\MSI SWORD 15 A12V\source\repos\SoftWhatsAppCRMDash\SoftWhatsAppCRMDash\wwwroot\lib\highcharts\es-modules\Extensions\Breadcrumbs\Breadcrumbs.min.js", "JavaScript", 0, 1, 0, 0, 0, 0, 0, 0, 0, 0, 1
"c:\Users\MSI SWORD 15 A12V\source\repos\SoftWhatsAppCRMDash\SoftWhatsAppCRMDash\wwwroot\lib\highcharts\es-modules\Extensions\Breadcrumbs\BreadcrumbsDefaults.js", "JavaScript", 0, 48, 0, 0, 0, 0, 0, 0, 219, 1, 268
"c:\Users\MSI SWORD 15 A12V\source\repos\SoftWhatsAppCRMDash\SoftWhatsAppCRMDash\wwwroot\lib\highcharts\es-modules\Extensions\Breadcrumbs\BreadcrumbsDefaults.min.js", "JavaScript", 0, 1, 0, 0, 0, 0, 0, 0, 0, 0, 1
"c:\Users\MSI SWORD 15 A12V\source\repos\SoftWhatsAppCRMDash\SoftWhatsAppCRMDash\wwwroot\lib\highcharts\es-modules\Extensions\CurrentDateIndication.js", "JavaScript", 0, 64, 0, 0, 0, 0, 0, 0, 72, 1, 137
"c:\Users\MSI SWORD 15 A12V\source\repos\SoftWhatsAppCRMDash\SoftWhatsAppCRMDash\wwwroot\lib\highcharts\es-modules\Extensions\CurrentDateIndication.min.js", "JavaScript", 0, 1, 0, 0, 0, 0, 0, 0, 0, 0, 1
"c:\Users\MSI SWORD 15 A12V\source\repos\SoftWhatsAppCRMDash\SoftWhatsAppCRMDash\wwwroot\lib\highcharts\es-modules\Extensions\Data.js", "JavaScript", 0, 1122, 0, 0, 0, 0, 0, 0, 1011, 1, 2134
"c:\Users\MSI SWORD 15 A12V\source\repos\SoftWhatsAppCRMDash\SoftWhatsAppCRMDash\wwwroot\lib\highcharts\es-modules\Extensions\Data.min.js", "JavaScript", 0, 1, 0, 0, 0, 0, 0, 0, 0, 0, 1
"c:\Users\MSI SWORD 15 A12V\source\repos\SoftWhatsAppCRMDash\SoftWhatsAppCRMDash\wwwroot\lib\highcharts\es-modules\Extensions\DataGrouping\ApproximationDefaults.js", "JavaScript", 0, 96, 0, 0, 0, 0, 0, 0, 61, 1, 158
"c:\Users\MSI SWORD 15 A12V\source\repos\SoftWhatsAppCRMDash\SoftWhatsAppCRMDash\wwwroot\lib\highcharts\es-modules\Extensions\DataGrouping\ApproximationDefaults.min.js", "JavaScript", 0, 1, 0, 0, 0, 0, 0, 0, 0, 0, 1
"c:\Users\MSI SWORD 15 A12V\source\repos\SoftWhatsAppCRMDash\SoftWhatsAppCRMDash\wwwroot\lib\highcharts\es-modules\Extensions\DataGrouping\ApproximationRegistry.js", "JavaScript", 0, 4, 0, 0, 0, 0, 0, 0, 31, 1, 36
"c:\Users\MSI SWORD 15 A12V\source\repos\SoftWhatsAppCRMDash\SoftWhatsAppCRMDash\wwwroot\lib\highcharts\es-modules\Extensions\DataGrouping\ApproximationRegistry.min.js", "JavaScript", 0, 1, 0, 0, 0, 0, 0, 0, 0, 0, 1
"c:\Users\MSI SWORD 15 A12V\source\repos\SoftWhatsAppCRMDash\SoftWhatsAppCRMDash\wwwroot\lib\highcharts\es-modules\Extensions\DataGrouping\DataGrouping.js", "JavaScript", 0, 69, 0, 0, 0, 0, 0, 0, 394, 1, 464
"c:\Users\MSI SWORD 15 A12V\source\repos\SoftWhatsAppCRMDash\SoftWhatsAppCRMDash\wwwroot\lib\highcharts\es-modules\Extensions\DataGrouping\DataGrouping.min.js", "JavaScript", 0, 1, 0, 0, 0, 0, 0, 0, 0, 0, 1
"c:\Users\MSI SWORD 15 A12V\source\repos\SoftWhatsAppCRMDash\SoftWhatsAppCRMDash\wwwroot\lib\highcharts\es-modules\Extensions\DataGrouping\DataGroupingAxisComposition.js", "JavaScript", 0, 93, 0, 0, 0, 0, 0, 0, 76, 1, 170
"c:\Users\MSI SWORD 15 A12V\source\repos\SoftWhatsAppCRMDash\SoftWhatsAppCRMDash\wwwroot\lib\highcharts\es-modules\Extensions\DataGrouping\DataGroupingAxisComposition.min.js", "JavaScript", 0, 1, 0, 0, 0, 0, 0, 0, 0, 0, 1
"c:\Users\MSI SWORD 15 A12V\source\repos\SoftWhatsAppCRMDash\SoftWhatsAppCRMDash\wwwroot\lib\highcharts\es-modules\Extensions\DataGrouping\DataGroupingDefaults.js", "JavaScript", 0, 104, 0, 0, 0, 0, 0, 0, 39, 1, 144
"c:\Users\MSI SWORD 15 A12V\source\repos\SoftWhatsAppCRMDash\SoftWhatsAppCRMDash\wwwroot\lib\highcharts\es-modules\Extensions\DataGrouping\DataGroupingDefaults.min.js", "JavaScript", 0, 1, 0, 0, 0, 0, 0, 0, 0, 0, 1
"c:\Users\MSI SWORD 15 A12V\source\repos\SoftWhatsAppCRMDash\SoftWhatsAppCRMDash\wwwroot\lib\highcharts\es-modules\Extensions\DataGrouping\DataGroupingSeriesComposition.js", "JavaScript", 0, 349, 0, 0, 0, 0, 0, 0, 146, 1, 496
"c:\Users\MSI SWORD 15 A12V\source\repos\SoftWhatsAppCRMDash\SoftWhatsAppCRMDash\wwwroot\lib\highcharts\es-modules\Extensions\DataGrouping\DataGroupingSeriesComposition.min.js", "JavaScript", 0, 1, 0, 0, 0, 0, 0, 0, 0, 0, 1
"c:\Users\MSI SWORD 15 A12V\source\repos\SoftWhatsAppCRMDash\SoftWhatsAppCRMDash\wwwroot\lib\highcharts\es-modules\Extensions\Debugger\Debugger.js", "JavaScript", 0, 81, 0, 0, 0, 0, 0, 0, 50, 1, 132
"c:\Users\MSI SWORD 15 A12V\source\repos\SoftWhatsAppCRMDash\SoftWhatsAppCRMDash\wwwroot\lib\highcharts\es-modules\Extensions\Debugger\Debugger.min.js", "JavaScript", 0, 1, 0, 0, 0, 0, 0, 0, 0, 0, 1
"c:\Users\MSI SWORD 15 A12V\source\repos\SoftWhatsAppCRMDash\SoftWhatsAppCRMDash\wwwroot\lib\highcharts\es-modules\Extensions\Debugger\ErrorMessages.js", "JavaScript", 0, 101, 0, 0, 0, 0, 0, 0, 9, 1, 111
"c:\Users\MSI SWORD 15 A12V\source\repos\SoftWhatsAppCRMDash\SoftWhatsAppCRMDash\wwwroot\lib\highcharts\es-modules\Extensions\Debugger\ErrorMessages.min.js", "JavaScript", 0, 1, 0, 0, 0, 0, 0, 0, 0, 0, 1
"c:\Users\MSI SWORD 15 A12V\source\repos\SoftWhatsAppCRMDash\SoftWhatsAppCRMDash\wwwroot\lib\highcharts\es-modules\Extensions\DownloadURL.js", "JavaScript", 0, 69, 0, 0, 0, 0, 0, 0, 59, 1, 129
"c:\Users\MSI SWORD 15 A12V\source\repos\SoftWhatsAppCRMDash\SoftWhatsAppCRMDash\wwwroot\lib\highcharts\es-modules\Extensions\DownloadURL.min.js", "JavaScript", 0, 1, 0, 0, 0, 0, 0, 0, 0, 0, 1
"c:\Users\MSI SWORD 15 A12V\source\repos\SoftWhatsAppCRMDash\SoftWhatsAppCRMDash\wwwroot\lib\highcharts\es-modules\Extensions\DragPanes\AxisResizer.js", "JavaScript", 0, 164, 0, 0, 0, 0, 0, 0, 148, 1, 313
"c:\Users\MSI SWORD 15 A12V\source\repos\SoftWhatsAppCRMDash\SoftWhatsAppCRMDash\wwwroot\lib\highcharts\es-modules\Extensions\DragPanes\AxisResizer.min.js", "JavaScript", 0, 1, 0, 0, 0, 0, 0, 0, 0, 0, 1
"c:\Users\MSI SWORD 15 A12V\source\repos\SoftWhatsAppCRMDash\SoftWhatsAppCRMDash\wwwroot\lib\highcharts\es-modules\Extensions\DragPanes\AxisResizerDefaults.js", "JavaScript", 0, 18, 0, 0, 0, 0, 0, 0, 155, 1, 174
"c:\Users\MSI SWORD 15 A12V\source\repos\SoftWhatsAppCRMDash\SoftWhatsAppCRMDash\wwwroot\lib\highcharts\es-modules\Extensions\DragPanes\AxisResizerDefaults.min.js", "JavaScript", 0, 1, 0, 0, 0, 0, 0, 0, 0, 0, 1
"c:\Users\MSI SWORD 15 A12V\source\repos\SoftWhatsAppCRMDash\SoftWhatsAppCRMDash\wwwroot\lib\highcharts\es-modules\Extensions\DragPanes\DragPanes.js", "JavaScript", 0, 57, 0, 0, 0, 0, 0, 0, 51, 1, 109
"c:\Users\MSI SWORD 15 A12V\source\repos\SoftWhatsAppCRMDash\SoftWhatsAppCRMDash\wwwroot\lib\highcharts\es-modules\Extensions\DragPanes\DragPanes.min.js", "JavaScript", 0, 1, 0, 0, 0, 0, 0, 0, 0, 0, 1
"c:\Users\MSI SWORD 15 A12V\source\repos\SoftWhatsAppCRMDash\SoftWhatsAppCRMDash\wwwroot\lib\highcharts\es-modules\Extensions\DraggablePoints\DragDropDefaults.js", "JavaScript", 0, 22, 0, 0, 0, 0, 0, 0, 344, 1, 367
"c:\Users\MSI SWORD 15 A12V\source\repos\SoftWhatsAppCRMDash\SoftWhatsAppCRMDash\wwwroot\lib\highcharts\es-modules\Extensions\DraggablePoints\DragDropDefaults.min.js", "JavaScript", 0, 1, 0, 0, 0, 0, 0, 0, 0, 0, 1
"c:\Users\MSI SWORD 15 A12V\source\repos\SoftWhatsAppCRMDash\SoftWhatsAppCRMDash\wwwroot\lib\highcharts\es-modules\Extensions\DraggablePoints\DragDropProps.js", "JavaScript", 0, 392, 0, 0, 0, 0, 0, 0, 218, 1, 611
"c:\Users\MSI SWORD 15 A12V\source\repos\SoftWhatsAppCRMDash\SoftWhatsAppCRMDash\wwwroot\lib\highcharts\es-modules\Extensions\DraggablePoints\DragDropProps.min.js", "JavaScript", 0, 1, 0, 0, 0, 0, 0, 0, 0, 0, 1
"c:\Users\MSI SWORD 15 A12V\source\repos\SoftWhatsAppCRMDash\SoftWhatsAppCRMDash\wwwroot\lib\highcharts\es-modules\Extensions\DraggablePoints\DragDropUtilities.js", "JavaScript", 0, 34, 0, 0, 0, 0, 0, 0, 77, 1, 112
"c:\Users\MSI SWORD 15 A12V\source\repos\SoftWhatsAppCRMDash\SoftWhatsAppCRMDash\wwwroot\lib\highcharts\es-modules\Extensions\DraggablePoints\DragDropUtilities.min.js", "JavaScript", 0, 1, 0, 0, 0, 0, 0, 0, 0, 0, 1
"c:\Users\MSI SWORD 15 A12V\source\repos\SoftWhatsAppCRMDash\SoftWhatsAppCRMDash\wwwroot\lib\highcharts\es-modules\Extensions\DraggablePoints\DraggableChart.js", "JavaScript", 0, 416, 0, 0, 0, 0, 0, 0, 347, 1, 764
"c:\Users\MSI SWORD 15 A12V\source\repos\SoftWhatsAppCRMDash\SoftWhatsAppCRMDash\wwwroot\lib\highcharts\es-modules\Extensions\DraggablePoints\DraggableChart.min.js", "JavaScript", 0, 1, 0, 0, 0, 0, 0, 0, 0, 0, 1
"c:\Users\MSI SWORD 15 A12V\source\repos\SoftWhatsAppCRMDash\SoftWhatsAppCRMDash\wwwroot\lib\highcharts\es-modules\Extensions\DraggablePoints\DraggablePoints.js", "JavaScript", 0, 323, 0, 0, 0, 0, 0, 0, 355, 1, 679
"c:\Users\MSI SWORD 15 A12V\source\repos\SoftWhatsAppCRMDash\SoftWhatsAppCRMDash\wwwroot\lib\highcharts\es-modules\Extensions\DraggablePoints\DraggablePoints.min.js", "JavaScript", 0, 1, 0, 0, 0, 0, 0, 0, 0, 0, 1
"c:\Users\MSI SWORD 15 A12V\source\repos\SoftWhatsAppCRMDash\SoftWhatsAppCRMDash\wwwroot\lib\highcharts\es-modules\Extensions\Drilldown\Drilldown.js", "JavaScript", 0, 608, 0, 0, 0, 0, 0, 0, 336, 1, 945
"c:\Users\MSI SWORD 15 A12V\source\repos\SoftWhatsAppCRMDash\SoftWhatsAppCRMDash\wwwroot\lib\highcharts\es-modules\Extensions\Drilldown\Drilldown.min.js", "JavaScript", 0, 1, 0, 0, 0, 0, 0, 0, 0, 0, 1
"c:\Users\MSI SWORD 15 A12V\source\repos\SoftWhatsAppCRMDash\SoftWhatsAppCRMDash\wwwroot\lib\highcharts\es-modules\Extensions\Drilldown\DrilldownDefaults.js", "JavaScript", 0, 28, 0, 0, 0, 0, 0, 0, 296, 1, 325
"c:\Users\MSI SWORD 15 A12V\source\repos\SoftWhatsAppCRMDash\SoftWhatsAppCRMDash\wwwroot\lib\highcharts\es-modules\Extensions\Drilldown\DrilldownDefaults.min.js", "JavaScript", 0, 1, 0, 0, 0, 0, 0, 0, 0, 0, 1
"c:\Users\MSI SWORD 15 A12V\source\repos\SoftWhatsAppCRMDash\SoftWhatsAppCRMDash\wwwroot\lib\highcharts\es-modules\Extensions\Drilldown\DrilldownSeries.js", "JavaScript", 0, 349, 0, 0, 0, 0, 0, 0, 116, 1, 466
"c:\Users\MSI SWORD 15 A12V\source\repos\SoftWhatsAppCRMDash\SoftWhatsAppCRMDash\wwwroot\lib\highcharts\es-modules\Extensions\Drilldown\DrilldownSeries.min.js", "JavaScript", 0, 1, 0, 0, 0, 0, 0, 0, 0, 0, 1
"c:\Users\MSI SWORD 15 A12V\source\repos\SoftWhatsAppCRMDash\SoftWhatsAppCRMDash\wwwroot\lib\highcharts\es-modules\Extensions\ExportData\ExportData.js", "JavaScript", 0, 637, 0, 0, 0, 0, 0, 0, 260, 1, 898
"c:\Users\MSI SWORD 15 A12V\source\repos\SoftWhatsAppCRMDash\SoftWhatsAppCRMDash\wwwroot\lib\highcharts\es-modules\Extensions\ExportData\ExportData.min.js", "JavaScript", 0, 1, 0, 0, 0, 0, 0, 0, 0, 0, 1
"c:\Users\MSI SWORD 15 A12V\source\repos\SoftWhatsAppCRMDash\SoftWhatsAppCRMDash\wwwroot\lib\highcharts\es-modules\Extensions\ExportData\ExportDataDefaults.js", "JavaScript", 0, 36, 0, 0, 0, 0, 0, 0, 253, 1, 290
"c:\Users\MSI SWORD 15 A12V\source\repos\SoftWhatsAppCRMDash\SoftWhatsAppCRMDash\wwwroot\lib\highcharts\es-modules\Extensions\ExportData\ExportDataDefaults.min.js", "JavaScript", 0, 1, 0, 0, 0, 0, 0, 0, 0, 0, 1
"c:\Users\MSI SWORD 15 A12V\source\repos\SoftWhatsAppCRMDash\SoftWhatsAppCRMDash\wwwroot\lib\highcharts\es-modules\Extensions\Exporting\Exporting.js", "JavaScript", 0, 764, 0, 0, 0, 0, 0, 0, 529, 1, 1294
"c:\Users\MSI SWORD 15 A12V\source\repos\SoftWhatsAppCRMDash\SoftWhatsAppCRMDash\wwwroot\lib\highcharts\es-modules\Extensions\Exporting\Exporting.min.js", "JavaScript", 0, 1, 0, 0, 0, 0, 0, 0, 0, 0, 1
"c:\Users\MSI SWORD 15 A12V\source\repos\SoftWhatsAppCRMDash\SoftWhatsAppCRMDash\wwwroot\lib\highcharts\es-modules\Extensions\Exporting\ExportingDefaults.js", "JavaScript", 0, 136, 0, 0, 0, 0, 0, 0, 746, 1, 883
"c:\Users\MSI SWORD 15 A12V\source\repos\SoftWhatsAppCRMDash\SoftWhatsAppCRMDash\wwwroot\lib\highcharts\es-modules\Extensions\Exporting\ExportingDefaults.min.js", "JavaScript", 0, 1, 0, 0, 0, 0, 0, 0, 0, 0, 1
"c:\Users\MSI SWORD 15 A12V\source\repos\SoftWhatsAppCRMDash\SoftWhatsAppCRMDash\wwwroot\lib\highcharts\es-modules\Extensions\Exporting\ExportingSymbols.js", "JavaScript", 0, 32, 0, 0, 0, 0, 0, 0, 41, 1, 74
"c:\Users\MSI SWORD 15 A12V\source\repos\SoftWhatsAppCRMDash\SoftWhatsAppCRMDash\wwwroot\lib\highcharts\es-modules\Extensions\Exporting\ExportingSymbols.min.js", "JavaScript", 0, 1, 0, 0, 0, 0, 0, 0, 0, 0, 1
"c:\Users\MSI SWORD 15 A12V\source\repos\SoftWhatsAppCRMDash\SoftWhatsAppCRMDash\wwwroot\lib\highcharts\es-modules\Extensions\Exporting\Fullscreen.js", "JavaScript", 0, 143, 0, 0, 0, 0, 0, 0, 197, 1, 341
"c:\Users\MSI SWORD 15 A12V\source\repos\SoftWhatsAppCRMDash\SoftWhatsAppCRMDash\wwwroot\lib\highcharts\es-modules\Extensions\Exporting\Fullscreen.min.js", "JavaScript", 0, 1, 0, 0, 0, 0, 0, 0, 0, 0, 1
"c:\Users\MSI SWORD 15 A12V\source\repos\SoftWhatsAppCRMDash\SoftWhatsAppCRMDash\wwwroot\lib\highcharts\es-modules\Extensions\MarkerClusters\MarkerClusterDebugging.js", "JavaScript", 0, 1, 0, 0, 0, 0, 0, 0, 13, 1, 15
"c:\Users\MSI SWORD 15 A12V\source\repos\SoftWhatsAppCRMDash\SoftWhatsAppCRMDash\wwwroot\lib\highcharts\es-modules\Extensions\MarkerClusters\MarkerClusterDebugging.min.js", "JavaScript", 0, 1, 0, 0, 0, 0, 0, 0, 0, 0, 1
"c:\Users\MSI SWORD 15 A12V\source\repos\SoftWhatsAppCRMDash\SoftWhatsAppCRMDash\wwwroot\lib\highcharts\es-modules\Extensions\MarkerClusters\MarkerClusterDefaults.js", "JavaScript", 0, 40, 0, 0, 0, 0, 0, 0, 297, 1, 338
"c:\Users\MSI SWORD 15 A12V\source\repos\SoftWhatsAppCRMDash\SoftWhatsAppCRMDash\wwwroot\lib\highcharts\es-modules\Extensions\MarkerClusters\MarkerClusterDefaults.min.js", "JavaScript", 0, 1, 0, 0, 0, 0, 0, 0, 0, 0, 1
"c:\Users\MSI SWORD 15 A12V\source\repos\SoftWhatsAppCRMDash\SoftWhatsAppCRMDash\wwwroot\lib\highcharts\es-modules\Extensions\MarkerClusters\MarkerClusterScatter.js", "JavaScript", 0, 925, 0, 0, 0, 0, 0, 0, 170, 1, 1096
"c:\Users\MSI SWORD 15 A12V\source\repos\SoftWhatsAppCRMDash\SoftWhatsAppCRMDash\wwwroot\lib\highcharts\es-modules\Extensions\MarkerClusters\MarkerClusterScatter.min.js", "JavaScript", 0, 1, 0, 0, 0, 0, 0, 0, 0, 0, 1
"c:\Users\MSI SWORD 15 A12V\source\repos\SoftWhatsAppCRMDash\SoftWhatsAppCRMDash\wwwroot\lib\highcharts\es-modules\Extensions\MarkerClusters\MarkerClusterSymbols.js", "JavaScript", 0, 28, 0, 0, 0, 0, 0, 0, 35, 1, 64
"c:\Users\MSI SWORD 15 A12V\source\repos\SoftWhatsAppCRMDash\SoftWhatsAppCRMDash\wwwroot\lib\highcharts\es-modules\Extensions\MarkerClusters\MarkerClusterSymbols.min.js", "JavaScript", 0, 1, 0, 0, 0, 0, 0, 0, 0, 0, 1
"c:\Users\MSI SWORD 15 A12V\source\repos\SoftWhatsAppCRMDash\SoftWhatsAppCRMDash\wwwroot\lib\highcharts\es-modules\Extensions\MarkerClusters\MarkerClusters.js", "JavaScript", 0, 107, 0, 0, 0, 0, 0, 0, 64, 1, 172
"c:\Users\MSI SWORD 15 A12V\source\repos\SoftWhatsAppCRMDash\SoftWhatsAppCRMDash\wwwroot\lib\highcharts\es-modules\Extensions\MarkerClusters\MarkerClusters.min.js", "JavaScript", 0, 1, 0, 0, 0, 0, 0, 0, 0, 0, 1
"c:\Users\MSI SWORD 15 A12V\source\repos\SoftWhatsAppCRMDash\SoftWhatsAppCRMDash\wwwroot\lib\highcharts\es-modules\Extensions\MouseWheelZoom\MouseWheelZoom.js", "JavaScript", 0, 83, 0, 0, 0, 0, 0, 0, 111, 1, 195
"c:\Users\MSI SWORD 15 A12V\source\repos\SoftWhatsAppCRMDash\SoftWhatsAppCRMDash\wwwroot\lib\highcharts\es-modules\Extensions\MouseWheelZoom\MouseWheelZoom.min.js", "JavaScript", 0, 1, 0, 0, 0, 0, 0, 0, 0, 0, 1
"c:\Users\MSI SWORD 15 A12V\source\repos\SoftWhatsAppCRMDash\SoftWhatsAppCRMDash\wwwroot\lib\highcharts\es-modules\Extensions\NoDataToDisplay\NoDataDefaults.js", "JavaScript", 0, 25, 0, 0, 0, 0, 0, 0, 103, 1, 129
"c:\Users\MSI SWORD 15 A12V\source\repos\SoftWhatsAppCRMDash\SoftWhatsAppCRMDash\wwwroot\lib\highcharts\es-modules\Extensions\NoDataToDisplay\NoDataDefaults.min.js", "JavaScript", 0, 1, 0, 0, 0, 0, 0, 0, 0, 0, 1
"c:\Users\MSI SWORD 15 A12V\source\repos\SoftWhatsAppCRMDash\SoftWhatsAppCRMDash\wwwroot\lib\highcharts\es-modules\Extensions\NoDataToDisplay\NoDataToDisplay.js", "JavaScript", 0, 60, 0, 0, 0, 0, 0, 0, 54, 1, 115
"c:\Users\MSI SWORD 15 A12V\source\repos\SoftWhatsAppCRMDash\SoftWhatsAppCRMDash\wwwroot\lib\highcharts\es-modules\Extensions\NoDataToDisplay\NoDataToDisplay.min.js", "JavaScript", 0, 1, 0, 0, 0, 0, 0, 0, 0, 0, 1
"c:\Users\MSI SWORD 15 A12V\source\repos\SoftWhatsAppCRMDash\SoftWhatsAppCRMDash\wwwroot\lib\highcharts\es-modules\Extensions\OfflineExporting\OfflineExporting.js", "JavaScript", 0, 453, 0, 0, 0, 0, 0, 0, 265, 1, 719
"c:\Users\MSI SWORD 15 A12V\source\repos\SoftWhatsAppCRMDash\SoftWhatsAppCRMDash\wwwroot\lib\highcharts\es-modules\Extensions\OfflineExporting\OfflineExporting.min.js", "JavaScript", 0, 1, 0, 0, 0, 0, 0, 0, 0, 0, 1
"c:\Users\MSI SWORD 15 A12V\source\repos\SoftWhatsAppCRMDash\SoftWhatsAppCRMDash\wwwroot\lib\highcharts\es-modules\Extensions\OfflineExporting\OfflineExportingDefaults.js", "JavaScript", 0, 37, 0, 0, 0, 0, 0, 0, 21, 1, 59
"c:\Users\MSI SWORD 15 A12V\source\repos\SoftWhatsAppCRMDash\SoftWhatsAppCRMDash\wwwroot\lib\highcharts\es-modules\Extensions\OfflineExporting\OfflineExportingDefaults.min.js", "JavaScript", 0, 1, 0, 0, 0, 0, 0, 0, 0, 0, 1
"c:\Users\MSI SWORD 15 A12V\source\repos\SoftWhatsAppCRMDash\SoftWhatsAppCRMDash\wwwroot\lib\highcharts\es-modules\Extensions\OverlappingDataLabels.js", "JavaScript", 0, 177, 0, 0, 0, 0, 0, 0, 76, 1, 254
"c:\Users\MSI SWORD 15 A12V\source\repos\SoftWhatsAppCRMDash\SoftWhatsAppCRMDash\wwwroot\lib\highcharts\es-modules\Extensions\OverlappingDataLabels.min.js", "JavaScript", 0, 1, 0, 0, 0, 0, 0, 0, 0, 0, 1
"c:\Users\MSI SWORD 15 A12V\source\repos\SoftWhatsAppCRMDash\SoftWhatsAppCRMDash\wwwroot\lib\highcharts\es-modules\Extensions\Pane\Pane.js", "JavaScript", 0, 85, 0, 0, 0, 0, 0, 0, 123, 1, 209
"c:\Users\MSI SWORD 15 A12V\source\repos\SoftWhatsAppCRMDash\SoftWhatsAppCRMDash\wwwroot\lib\highcharts\es-modules\Extensions\Pane\Pane.min.js", "JavaScript", 0, 1, 0, 0, 0, 0, 0, 0, 0, 0, 1
"c:\Users\MSI SWORD 15 A12V\source\repos\SoftWhatsAppCRMDash\SoftWhatsAppCRMDash\wwwroot\lib\highcharts\es-modules\Extensions\Pane\PaneComposition.js", "JavaScript", 0, 83, 0, 0, 0, 0, 0, 0, 49, 1, 133
"c:\Users\MSI SWORD 15 A12V\source\repos\SoftWhatsAppCRMDash\SoftWhatsAppCRMDash\wwwroot\lib\highcharts\es-modules\Extensions\Pane\PaneComposition.min.js", "JavaScript", 0, 1, 0, 0, 0, 0, 0, 0, 0, 0, 1
"c:\Users\MSI SWORD 15 A12V\source\repos\SoftWhatsAppCRMDash\SoftWhatsAppCRMDash\wwwroot\lib\highcharts\es-modules\Extensions\Pane\PaneDefaults.js", "JavaScript", 0, 29, 0, 0, 0, 0, 0, 0, 170, 1, 200
"c:\Users\MSI SWORD 15 A12V\source\repos\SoftWhatsAppCRMDash\SoftWhatsAppCRMDash\wwwroot\lib\highcharts\es-modules\Extensions\Pane\PaneDefaults.min.js", "JavaScript", 0, 1, 0, 0, 0, 0, 0, 0, 0, 0, 1
"c:\Users\MSI SWORD 15 A12V\source\repos\SoftWhatsAppCRMDash\SoftWhatsAppCRMDash\wwwroot\lib\highcharts\es-modules\Extensions\ParallelCoordinates\ParallelAxis.js", "JavaScript", 0, 87, 0, 0, 0, 0, 0, 0, 85, 1, 173
"c:\Users\MSI SWORD 15 A12V\source\repos\SoftWhatsAppCRMDash\SoftWhatsAppCRMDash\wwwroot\lib\highcharts\es-modules\Extensions\ParallelCoordinates\ParallelAxis.min.js", "JavaScript", 0, 1, 0, 0, 0, 0, 0, 0, 0, 0, 1
"c:\Users\MSI SWORD 15 A12V\source\repos\SoftWhatsAppCRMDash\SoftWhatsAppCRMDash\wwwroot\lib\highcharts\es-modules\Extensions\ParallelCoordinates\ParallelCoordinates.js", "JavaScript", 0, 90, 0, 0, 0, 0, 0, 0, 84, 1, 175
"c:\Users\MSI SWORD 15 A12V\source\repos\SoftWhatsAppCRMDash\SoftWhatsAppCRMDash\wwwroot\lib\highcharts\es-modules\Extensions\ParallelCoordinates\ParallelCoordinates.min.js", "JavaScript", 0, 1, 0, 0, 0, 0, 0, 0, 0, 0, 1
"c:\Users\MSI SWORD 15 A12V\source\repos\SoftWhatsAppCRMDash\SoftWhatsAppCRMDash\wwwroot\lib\highcharts\es-modules\Extensions\ParallelCoordinates\ParallelCoordinatesDefaults.js", "JavaScript", 0, 30, 0, 0, 0, 0, 0, 0, 112, 1, 143
"c:\Users\MSI SWORD 15 A12V\source\repos\SoftWhatsAppCRMDash\SoftWhatsAppCRMDash\wwwroot\lib\highcharts\es-modules\Extensions\ParallelCoordinates\ParallelCoordinatesDefaults.min.js", "JavaScript", 0, 1, 0, 0, 0, 0, 0, 0, 0, 0, 1
"c:\Users\MSI SWORD 15 A12V\source\repos\SoftWhatsAppCRMDash\SoftWhatsAppCRMDash\wwwroot\lib\highcharts\es-modules\Extensions\ParallelCoordinates\ParallelSeries.js", "JavaScript", 0, 105, 0, 0, 0, 0, 0, 0, 49, 1, 155
"c:\Users\MSI SWORD 15 A12V\source\repos\SoftWhatsAppCRMDash\SoftWhatsAppCRMDash\wwwroot\lib\highcharts\es-modules\Extensions\ParallelCoordinates\ParallelSeries.min.js", "JavaScript", 0, 1, 0, 0, 0, 0, 0, 0, 0, 0, 1
"c:\Users\MSI SWORD 15 A12V\source\repos\SoftWhatsAppCRMDash\SoftWhatsAppCRMDash\wwwroot\lib\highcharts\es-modules\Extensions\PatternFill.js", "JavaScript", 0, 425, 0, 0, 0, 0, 0, 0, 291, 1, 717
"c:\Users\MSI SWORD 15 A12V\source\repos\SoftWhatsAppCRMDash\SoftWhatsAppCRMDash\wwwroot\lib\highcharts\es-modules\Extensions\PatternFill.min.js", "JavaScript", 0, 1, 0, 0, 0, 0, 0, 0, 0, 0, 1
"c:\Users\MSI SWORD 15 A12V\source\repos\SoftWhatsAppCRMDash\SoftWhatsAppCRMDash\wwwroot\lib\highcharts\es-modules\Extensions\PriceIndication.js", "JavaScript", 0, 75, 0, 0, 0, 0, 0, 0, 251, 1, 327
"c:\Users\MSI SWORD 15 A12V\source\repos\SoftWhatsAppCRMDash\SoftWhatsAppCRMDash\wwwroot\lib\highcharts\es-modules\Extensions\PriceIndication.min.js", "JavaScript", 0, 1, 0, 0, 0, 0, 0, 0, 0, 0, 1
"c:\Users\MSI SWORD 15 A12V\source\repos\SoftWhatsAppCRMDash\SoftWhatsAppCRMDash\wwwroot\lib\highcharts\es-modules\Extensions\RegexLimits.js", "JavaScript", 0, 1, 0, 0, 0, 0, 0, 0, 0, 1, 2
"c:\Users\MSI SWORD 15 A12V\source\repos\SoftWhatsAppCRMDash\SoftWhatsAppCRMDash\wwwroot\lib\highcharts\es-modules\Extensions\RegexLimits.min.js", "JavaScript", 0, 0, 0, 0, 0, 0, 0, 0, 0, 1, 1
"c:\Users\MSI SWORD 15 A12V\source\repos\SoftWhatsAppCRMDash\SoftWhatsAppCRMDash\wwwroot\lib\highcharts\es-modules\Extensions\ScrollablePlotArea.js", "JavaScript", 0, 251, 0, 0, 0, 0, 0, 0, 124, 1, 376
"c:\Users\MSI SWORD 15 A12V\source\repos\SoftWhatsAppCRMDash\SoftWhatsAppCRMDash\wwwroot\lib\highcharts\es-modules\Extensions\ScrollablePlotArea.min.js", "JavaScript", 0, 1, 0, 0, 0, 0, 0, 0, 0, 0, 1
"c:\Users\MSI SWORD 15 A12V\source\repos\SoftWhatsAppCRMDash\SoftWhatsAppCRMDash\wwwroot\lib\highcharts\es-modules\Extensions\SeriesLabel\SeriesLabel.js", "JavaScript", 0, 495, 0, 0, 0, 0, 0, 0, 179, 1, 675
"c:\Users\MSI SWORD 15 A12V\source\repos\SoftWhatsAppCRMDash\SoftWhatsAppCRMDash\wwwroot\lib\highcharts\es-modules\Extensions\SeriesLabel\SeriesLabel.min.js", "JavaScript", 0, 1, 0, 0, 0, 0, 0, 0, 0, 0, 1
"c:\Users\MSI SWORD 15 A12V\source\repos\SoftWhatsAppCRMDash\SoftWhatsAppCRMDash\wwwroot\lib\highcharts\es-modules\Extensions\SeriesLabel\SeriesLabelDefaults.js", "JavaScript", 0, 18, 0, 0, 0, 0, 0, 0, 119, 1, 138
"c:\Users\MSI SWORD 15 A12V\source\repos\SoftWhatsAppCRMDash\SoftWhatsAppCRMDash\wwwroot\lib\highcharts\es-modules\Extensions\SeriesLabel\SeriesLabelDefaults.min.js", "JavaScript", 0, 1, 0, 0, 0, 0, 0, 0, 0, 0, 1
"c:\Users\MSI SWORD 15 A12V\source\repos\SoftWhatsAppCRMDash\SoftWhatsAppCRMDash\wwwroot\lib\highcharts\es-modules\Extensions\SeriesLabel\SeriesLabelUtilities.js", "JavaScript", 0, 27, 0, 0, 0, 0, 0, 0, 40, 1, 68
"c:\Users\MSI SWORD 15 A12V\source\repos\SoftWhatsAppCRMDash\SoftWhatsAppCRMDash\wwwroot\lib\highcharts\es-modules\Extensions\SeriesLabel\SeriesLabelUtilities.min.js", "JavaScript", 0, 1, 0, 0, 0, 0, 0, 0, 0, 0, 1
"c:\Users\MSI SWORD 15 A12V\source\repos\SoftWhatsAppCRMDash\SoftWhatsAppCRMDash\wwwroot\lib\highcharts\es-modules\Extensions\Sonification\InstrumentPresets.js", "JavaScript", 0, 828, 0, 0, 0, 0, 0, 0, 46, 1, 875
"c:\Users\MSI SWORD 15 A12V\source\repos\SoftWhatsAppCRMDash\SoftWhatsAppCRMDash\wwwroot\lib\highcharts\es-modules\Extensions\Sonification\InstrumentPresets.min.js", "JavaScript", 0, 1, 0, 0, 0, 0, 0, 0, 0, 0, 1
"c:\Users\MSI SWORD 15 A12V\source\repos\SoftWhatsAppCRMDash\SoftWhatsAppCRMDash\wwwroot\lib\highcharts\es-modules\Extensions\Sonification\MIDI.js", "JavaScript", 0, 121, 0, 0, 0, 0, 0, 0, 25, 1, 147
"c:\Users\MSI SWORD 15 A12V\source\repos\SoftWhatsAppCRMDash\SoftWhatsAppCRMDash\wwwroot\lib\highcharts\es-modules\Extensions\Sonification\MIDI.min.js", "JavaScript", 0, 1, 0, 0, 0, 0, 0, 0, 0, 0, 1
"c:\Users\MSI SWORD 15 A12V\source\repos\SoftWhatsAppCRMDash\SoftWhatsAppCRMDash\wwwroot\lib\highcharts\es-modules\Extensions\Sonification\Options.js", "JavaScript", 0, 81, 0, 0, 0, 0, 0, 0, 965, 1, 1047
"c:\Users\MSI SWORD 15 A12V\source\repos\SoftWhatsAppCRMDash\SoftWhatsAppCRMDash\wwwroot\lib\highcharts\es-modules\Extensions\Sonification\Options.min.js", "JavaScript", 0, 1, 0, 0, 0, 0, 0, 0, 0, 0, 1
"c:\Users\MSI SWORD 15 A12V\source\repos\SoftWhatsAppCRMDash\SoftWhatsAppCRMDash\wwwroot\lib\highcharts\es-modules\Extensions\Sonification\Scales.js", "JavaScript", 0, 23, 0, 0, 0, 0, 0, 0, 53, 1, 77
"c:\Users\MSI SWORD 15 A12V\source\repos\SoftWhatsAppCRMDash\SoftWhatsAppCRMDash\wwwroot\lib\highcharts\es-modules\Extensions\Sonification\Scales.min.js", "JavaScript", 0, 1, 0, 0, 0, 0, 0, 0, 0, 0, 1
"c:\Users\MSI SWORD 15 A12V\source\repos\SoftWhatsAppCRMDash\SoftWhatsAppCRMDash\wwwroot\lib\highcharts\es-modules\Extensions\Sonification\Sonification.js", "JavaScript", 0, 355, 0, 0, 0, 0, 0, 0, 300, 1, 656
"c:\Users\MSI SWORD 15 A12V\source\repos\SoftWhatsAppCRMDash\SoftWhatsAppCRMDash\wwwroot\lib\highcharts\es-modules\Extensions\Sonification\Sonification.min.js", "JavaScript", 0, 1, 0, 0, 0, 0, 0, 0, 0, 0, 1
"c:\Users\MSI SWORD 15 A12V\source\repos\SoftWhatsAppCRMDash\SoftWhatsAppCRMDash\wwwroot\lib\highcharts\es-modules\Extensions\Sonification\SonificationInstrument.js", "JavaScript", 0, 180, 0, 0, 0, 0, 0, 0, 186, 1, 367
"c:\Users\MSI SWORD 15 A12V\source\repos\SoftWhatsAppCRMDash\SoftWhatsAppCRMDash\wwwroot\lib\highcharts\es-modules\Extensions\Sonification\SonificationInstrument.min.js", "JavaScript", 0, 1, 0, 0, 0, 0, 0, 0, 0, 0, 1
"c:\Users\MSI SWORD 15 A12V\source\repos\SoftWhatsAppCRMDash\SoftWhatsAppCRMDash\wwwroot\lib\highcharts\es-modules\Extensions\Sonification\SonificationSpeaker.js", "JavaScript", 0, 69, 0, 0, 0, 0, 0, 0, 99, 1, 169
"c:\Users\MSI SWORD 15 A12V\source\repos\SoftWhatsAppCRMDash\SoftWhatsAppCRMDash\wwwroot\lib\highcharts\es-modules\Extensions\Sonification\SonificationSpeaker.min.js", "JavaScript", 0, 1, 0, 0, 0, 0, 0, 0, 0, 0, 1
"c:\Users\MSI SWORD 15 A12V\source\repos\SoftWhatsAppCRMDash\SoftWhatsAppCRMDash\wwwroot\lib\highcharts\es-modules\Extensions\Sonification\SonificationTimeline.js", "JavaScript", 0, 394, 0, 0, 0, 0, 0, 0, 82, 1, 477
"c:\Users\MSI SWORD 15 A12V\source\repos\SoftWhatsAppCRMDash\SoftWhatsAppCRMDash\wwwroot\lib\highcharts\es-modules\Extensions\Sonification\SonificationTimeline.min.js", "JavaScript", 0, 1, 0, 0, 0, 0, 0, 0, 0, 0, 1
"c:\Users\MSI SWORD 15 A12V\source\repos\SoftWhatsAppCRMDash\SoftWhatsAppCRMDash\wwwroot\lib\highcharts\es-modules\Extensions\Sonification\SynthPatch.js", "JavaScript", 0, 408, 0, 0, 0, 0, 0, 0, 283, 1, 692
"c:\Users\MSI SWORD 15 A12V\source\repos\SoftWhatsAppCRMDash\SoftWhatsAppCRMDash\wwwroot\lib\highcharts\es-modules\Extensions\Sonification\SynthPatch.min.js", "JavaScript", 0, 1, 0, 0, 0, 0, 0, 0, 0, 0, 1
"c:\Users\MSI SWORD 15 A12V\source\repos\SoftWhatsAppCRMDash\SoftWhatsAppCRMDash\wwwroot\lib\highcharts\es-modules\Extensions\Sonification\TimelineChannel.js", "JavaScript", 0, 42, 0, 0, 0, 0, 0, 0, 52, 1, 95
"c:\Users\MSI SWORD 15 A12V\source\repos\SoftWhatsAppCRMDash\SoftWhatsAppCRMDash\wwwroot\lib\highcharts\es-modules\Extensions\Sonification\TimelineChannel.min.js", "JavaScript", 0, 1, 0, 0, 0, 0, 0, 0, 0, 0, 1
"c:\Users\MSI SWORD 15 A12V\source\repos\SoftWhatsAppCRMDash\SoftWhatsAppCRMDash\wwwroot\lib\highcharts\es-modules\Extensions\Sonification\TimelineFromChart.js", "JavaScript", 0, 635, 0, 0, 0, 0, 0, 0, 102, 1, 738
"c:\Users\MSI SWORD 15 A12V\source\repos\SoftWhatsAppCRMDash\SoftWhatsAppCRMDash\wwwroot\lib\highcharts\es-modules\Extensions\Sonification\TimelineFromChart.min.js", "JavaScript", 0, 1, 0, 0, 0, 0, 0, 0, 0, 0, 1
"c:\Users\MSI SWORD 15 A12V\source\repos\SoftWhatsAppCRMDash\SoftWhatsAppCRMDash\wwwroot\lib\highcharts\es-modules\Extensions\StaticScale.js", "JavaScript", 0, 58, 0, 0, 0, 0, 0, 0, 46, 1, 105
"c:\Users\MSI SWORD 15 A12V\source\repos\SoftWhatsAppCRMDash\SoftWhatsAppCRMDash\wwwroot\lib\highcharts\es-modules\Extensions\StaticScale.min.js", "JavaScript", 0, 1, 0, 0, 0, 0, 0, 0, 0, 0, 1
"c:\Users\MSI SWORD 15 A12V\source\repos\SoftWhatsAppCRMDash\SoftWhatsAppCRMDash\wwwroot\lib\highcharts\es-modules\Extensions\TextPath.js", "JavaScript", 0, 153, 0, 0, 0, 0, 0, 0, 74, 1, 228
"c:\Users\MSI SWORD 15 A12V\source\repos\SoftWhatsAppCRMDash\SoftWhatsAppCRMDash\wwwroot\lib\highcharts\es-modules\Extensions\TextPath.min.js", "JavaScript", 0, 1, 0, 0, 0, 0, 0, 0, 0, 0, 1
"c:\Users\MSI SWORD 15 A12V\source\repos\SoftWhatsAppCRMDash\SoftWhatsAppCRMDash\wwwroot\lib\highcharts\es-modules\Extensions\Themes\Avocado.js", "JavaScript", 0, 30, 0, 0, 0, 0, 0, 0, 37, 1, 68
"c:\Users\MSI SWORD 15 A12V\source\repos\SoftWhatsAppCRMDash\SoftWhatsAppCRMDash\wwwroot\lib\highcharts\es-modules\Extensions\Themes\Avocado.min.js", "JavaScript", 0, 1, 0, 0, 0, 0, 0, 0, 0, 0, 1
"c:\Users\MSI SWORD 15 A12V\source\repos\SoftWhatsAppCRMDash\SoftWhatsAppCRMDash\wwwroot\lib\highcharts\es-modules\Extensions\Themes\BrandDark.js", "JavaScript", 0, 262, 0, 0, 0, 0, 0, 0, 39, 1, 302
"c:\Users\MSI SWORD 15 A12V\source\repos\SoftWhatsAppCRMDash\SoftWhatsAppCRMDash\wwwroot\lib\highcharts\es-modules\Extensions\Themes\BrandDark.min.js", "JavaScript", 0, 1, 0, 0, 0, 0, 0, 0, 0, 0, 1
"c:\Users\MSI SWORD 15 A12V\source\repos\SoftWhatsAppCRMDash\SoftWhatsAppCRMDash\wwwroot\lib\highcharts\es-modules\Extensions\Themes\BrandLight.js", "JavaScript", 0, 217, 0, 0, 0, 0, 0, 0, 39, 1, 257
"c:\Users\MSI SWORD 15 A12V\source\repos\SoftWhatsAppCRMDash\SoftWhatsAppCRMDash\wwwroot\lib\highcharts\es-modules\Extensions\Themes\BrandLight.min.js", "JavaScript", 0, 1, 0, 0, 0, 0, 0, 0, 0, 0, 1
"c:\Users\MSI SWORD 15 A12V\source\repos\SoftWhatsAppCRMDash\SoftWhatsAppCRMDash\wwwroot\lib\highcharts\es-modules\Extensions\Themes\DarkBlue.js", "JavaScript", 0, 240, 0, 0, 0, 0, 0, 0, 35, 1, 276
"c:\Users\MSI SWORD 15 A12V\source\repos\SoftWhatsAppCRMDash\SoftWhatsAppCRMDash\wwwroot\lib\highcharts\es-modules\Extensions\Themes\DarkBlue.min.js", "JavaScript", 0, 1, 0, 0, 0, 0, 0, 0, 0, 0, 1
"c:\Users\MSI SWORD 15 A12V\source\repos\SoftWhatsAppCRMDash\SoftWhatsAppCRMDash\wwwroot\lib\highcharts\es-modules\Extensions\Themes\DarkGreen.js", "JavaScript", 0, 240, 0, 0, 0, 0, 0, 0, 35, 1, 276
"c:\Users\MSI SWORD 15 A12V\source\repos\SoftWhatsAppCRMDash\SoftWhatsAppCRMDash\wwwroot\lib\highcharts\es-modules\Extensions\Themes\DarkGreen.min.js", "JavaScript", 0, 1, 0, 0, 0, 0, 0, 0, 0, 0, 1
"c:\Users\MSI SWORD 15 A12V\source\repos\SoftWhatsAppCRMDash\SoftWhatsAppCRMDash\wwwroot\lib\highcharts\es-modules\Extensions\Themes\DarkUnica.js", "JavaScript", 0, 207, 0, 0, 0, 0, 0, 0, 37, 1, 245
"c:\Users\MSI SWORD 15 A12V\source\repos\SoftWhatsAppCRMDash\SoftWhatsAppCRMDash\wwwroot\lib\highcharts\es-modules\Extensions\Themes\DarkUnica.min.js", "JavaScript", 0, 1, 0, 0, 0, 0, 0, 0, 0, 0, 1
"c:\Users\MSI SWORD 15 A12V\source\repos\SoftWhatsAppCRMDash\SoftWhatsAppCRMDash\wwwroot\lib\highcharts\es-modules\Extensions\Themes\Gray.js", "JavaScript", 0, 249, 0, 0, 0, 0, 0, 0, 35, 1, 285
"c:\Users\MSI SWORD 15 A12V\source\repos\SoftWhatsAppCRMDash\SoftWhatsAppCRMDash\wwwroot\lib\highcharts\es-modules\Extensions\Themes\Gray.min.js", "JavaScript", 0, 1, 0, 0, 0, 0, 0, 0, 0, 0, 1
"c:\Users\MSI SWORD 15 A12V\source\repos\SoftWhatsAppCRMDash\SoftWhatsAppCRMDash\wwwroot\lib\highcharts\es-modules\Extensions\Themes\Grid.js", "JavaScript", 0, 101, 0, 0, 0, 0, 0, 0, 34, 1, 136
"c:\Users\MSI SWORD 15 A12V\source\repos\SoftWhatsAppCRMDash\SoftWhatsAppCRMDash\wwwroot\lib\highcharts\es-modules\Extensions\Themes\Grid.min.js", "JavaScript", 0, 1, 0, 0, 0, 0, 0, 0, 0, 0, 1
"c:\Users\MSI SWORD 15 A12V\source\repos\SoftWhatsAppCRMDash\SoftWhatsAppCRMDash\wwwroot\lib\highcharts\es-modules\Extensions\Themes\GridLight.js", "JavaScript", 0, 75, 0, 0, 0, 0, 0, 0, 36, 1, 112
"c:\Users\MSI SWORD 15 A12V\source\repos\SoftWhatsAppCRMDash\SoftWhatsAppCRMDash\wwwroot\lib\highcharts\es-modules\Extensions\Themes\GridLight.min.js", "JavaScript", 0, 1, 0, 0, 0, 0, 0, 0, 0, 0, 1
"c:\Users\MSI SWORD 15 A12V\source\repos\SoftWhatsAppCRMDash\SoftWhatsAppCRMDash\wwwroot\lib\highcharts\es-modules\Extensions\Themes\HighContrastDark.js", "JavaScript", 0, 196, 0, 0, 0, 0, 0, 0, 38, 1, 235
"c:\Users\MSI SWORD 15 A12V\source\repos\SoftWhatsAppCRMDash\SoftWhatsAppCRMDash\wwwroot\lib\highcharts\es-modules\Extensions\Themes\HighContrastDark.min.js", "JavaScript", 0, 1, 0, 0, 0, 0, 0, 0, 0, 0, 1
"c:\Users\MSI SWORD 15 A12V\source\repos\SoftWhatsAppCRMDash\SoftWhatsAppCRMDash\wwwroot\lib\highcharts\es-modules\Extensions\Themes\HighContrastLight.js", "JavaScript", 0, 36, 0, 0, 0, 0, 0, 0, 38, 1, 75
"c:\Users\MSI SWORD 15 A12V\source\repos\SoftWhatsAppCRMDash\SoftWhatsAppCRMDash\wwwroot\lib\highcharts\es-modules\Extensions\Themes\HighContrastLight.min.js", "JavaScript", 0, 1, 0, 0, 0, 0, 0, 0, 0, 0, 1
"c:\Users\MSI SWORD 15 A12V\source\repos\SoftWhatsAppCRMDash\SoftWhatsAppCRMDash\wwwroot\lib\highcharts\es-modules\Extensions\Themes\SandSignika.js", "JavaScript", 0, 102, 0, 0, 0, 0, 0, 0, 39, 1, 142
"c:\Users\MSI SWORD 15 A12V\source\repos\SoftWhatsAppCRMDash\SoftWhatsAppCRMDash\wwwroot\lib\highcharts\es-modules\Extensions\Themes\SandSignika.min.js", "JavaScript", 0, 1, 0, 0, 0, 0, 0, 0, 0, 0, 1
"c:\Users\MSI SWORD 15 A12V\source\repos\SoftWhatsAppCRMDash\SoftWhatsAppCRMDash\wwwroot\lib\highcharts\es-modules\Extensions\Themes\Skies.js", "JavaScript", 0, 94, 0, 0, 0, 0, 0, 0, 34, 1, 129
"c:\Users\MSI SWORD 15 A12V\source\repos\SoftWhatsAppCRMDash\SoftWhatsAppCRMDash\wwwroot\lib\highcharts\es-modules\Extensions\Themes\Skies.min.js", "JavaScript", 0, 1, 0, 0, 0, 0, 0, 0, 0, 0, 1
"c:\Users\MSI SWORD 15 A12V\source\repos\SoftWhatsAppCRMDash\SoftWhatsAppCRMDash\wwwroot\lib\highcharts\es-modules\Extensions\Themes\Sunset.js", "JavaScript", 0, 29, 0, 0, 0, 0, 0, 0, 37, 1, 67
"c:\Users\MSI SWORD 15 A12V\source\repos\SoftWhatsAppCRMDash\SoftWhatsAppCRMDash\wwwroot\lib\highcharts\es-modules\Extensions\Themes\Sunset.min.js", "JavaScript", 0, 1, 0, 0, 0, 0, 0, 0, 0, 0, 1
"c:\Users\MSI SWORD 15 A12V\source\repos\SoftWhatsAppCRMDash\SoftWhatsAppCRMDash\wwwroot\lib\highcharts\es-modules\Gantt\Connection.js", "JavaScript", 0, 183, 0, 0, 0, 0, 0, 0, 169, 1, 353
"c:\Users\MSI SWORD 15 A12V\source\repos\SoftWhatsAppCRMDash\SoftWhatsAppCRMDash\wwwroot\lib\highcharts\es-modules\Gantt\Connection.min.js", "JavaScript", 0, 1, 0, 0, 0, 0, 0, 0, 0, 0, 1
"c:\Users\MSI SWORD 15 A12V\source\repos\SoftWhatsAppCRMDash\SoftWhatsAppCRMDash\wwwroot\lib\highcharts\es-modules\Gantt\ConnectorsDefaults.js", "JavaScript", 0, 23, 0, 0, 0, 0, 0, 0, 261, 1, 285
"c:\Users\MSI SWORD 15 A12V\source\repos\SoftWhatsAppCRMDash\SoftWhatsAppCRMDash\wwwroot\lib\highcharts\es-modules\Gantt\ConnectorsDefaults.min.js", "JavaScript", 0, 1, 0, 0, 0, 0, 0, 0, 0, 0, 1
"c:\Users\MSI SWORD 15 A12V\source\repos\SoftWhatsAppCRMDash\SoftWhatsAppCRMDash\wwwroot\lib\highcharts\es-modules\Gantt\Legacy.js", "JavaScript", 0, 52, 0, 0, 0, 0, 0, 0, 64, 1, 117
"c:\Users\MSI SWORD 15 A12V\source\repos\SoftWhatsAppCRMDash\SoftWhatsAppCRMDash\wwwroot\lib\highcharts\es-modules\Gantt\Legacy.min.js", "JavaScript", 0, 1, 0, 0, 0, 0, 0, 0, 0, 0, 1
"c:\Users\MSI SWORD 15 A12V\source\repos\SoftWhatsAppCRMDash\SoftWhatsAppCRMDash\wwwroot\lib\highcharts\es-modules\Gantt\Pathfinder.js", "JavaScript", 0, 226, 0, 0, 0, 0, 0, 0, 216, 1, 443
"c:\Users\MSI SWORD 15 A12V\source\repos\SoftWhatsAppCRMDash\SoftWhatsAppCRMDash\wwwroot\lib\highcharts\es-modules\Gantt\Pathfinder.min.js", "JavaScript", 0, 1, 0, 0, 0, 0, 0, 0, 0, 0, 1
"c:\Users\MSI SWORD 15 A12V\source\repos\SoftWhatsAppCRMDash\SoftWhatsAppCRMDash\wwwroot\lib\highcharts\es-modules\Gantt\PathfinderAlgorithms.js", "JavaScript", 0, 358, 0, 0, 0, 0, 0, 0, 320, 1, 679
"c:\Users\MSI SWORD 15 A12V\source\repos\SoftWhatsAppCRMDash\SoftWhatsAppCRMDash\wwwroot\lib\highcharts\es-modules\Gantt\PathfinderAlgorithms.min.js", "JavaScript", 0, 1, 0, 0, 0, 0, 0, 0, 0, 0, 1
"c:\Users\MSI SWORD 15 A12V\source\repos\SoftWhatsAppCRMDash\SoftWhatsAppCRMDash\wwwroot\lib\highcharts\es-modules\Gantt\PathfinderComposition.js", "JavaScript", 0, 141, 0, 0, 0, 0, 0, 0, 107, 1, 249
"c:\Users\MSI SWORD 15 A12V\source\repos\SoftWhatsAppCRMDash\SoftWhatsAppCRMDash\wwwroot\lib\highcharts\es-modules\Gantt\PathfinderComposition.min.js", "JavaScript", 0, 1, 0, 0, 0, 0, 0, 0, 0, 0, 1
"c:\Users\MSI SWORD 15 A12V\source\repos\SoftWhatsAppCRMDash\SoftWhatsAppCRMDash\wwwroot\lib\highcharts\es-modules\Gantt\Tree.js", "JavaScript", 0, 76, 0, 0, 0, 0, 0, 0, 48, 1, 125
"c:\Users\MSI SWORD 15 A12V\source\repos\SoftWhatsAppCRMDash\SoftWhatsAppCRMDash\wwwroot\lib\highcharts\es-modules\Gantt\Tree.min.js", "JavaScript", 0, 1, 0, 0, 0, 0, 0, 0, 0, 0, 1
"c:\Users\MSI SWORD 15 A12V\source\repos\SoftWhatsAppCRMDash\SoftWhatsAppCRMDash\wwwroot\lib\highcharts\es-modules\Maps\GeoJSONComposition.js", "JavaScript", 0, 212, 0, 0, 0, 0, 0, 0, 297, 1, 510
"c:\Users\MSI SWORD 15 A12V\source\repos\SoftWhatsAppCRMDash\SoftWhatsAppCRMDash\wwwroot\lib\highcharts\es-modules\Maps\GeoJSONComposition.min.js", "JavaScript", 0, 1, 0, 0, 0, 0, 0, 0, 0, 0, 1
"c:\Users\MSI SWORD 15 A12V\source\repos\SoftWhatsAppCRMDash\SoftWhatsAppCRMDash\wwwroot\lib\highcharts\es-modules\Maps\MapNavigation.js", "JavaScript", 0, 173, 0, 0, 0, 0, 0, 0, 107, 1, 281
"c:\Users\MSI SWORD 15 A12V\source\repos\SoftWhatsAppCRMDash\SoftWhatsAppCRMDash\wwwroot\lib\highcharts\es-modules\Maps\MapNavigation.min.js", "JavaScript", 0, 1, 0, 0, 0, 0, 0, 0, 0, 0, 1
"c:\Users\MSI SWORD 15 A12V\source\repos\SoftWhatsAppCRMDash\SoftWhatsAppCRMDash\wwwroot\lib\highcharts\es-modules\Maps\MapNavigationDefaults.js", "JavaScript", 0, 49, 0, 0, 0, 0, 0, 0, 214, 1, 264
"c:\Users\MSI SWORD 15 A12V\source\repos\SoftWhatsAppCRMDash\SoftWhatsAppCRMDash\wwwroot\lib\highcharts\es-modules\Maps\MapNavigationDefaults.min.js", "JavaScript", 0, 1, 0, 0, 0, 0, 0, 0, 0, 0, 1
"c:\Users\MSI SWORD 15 A12V\source\repos\SoftWhatsAppCRMDash\SoftWhatsAppCRMDash\wwwroot\lib\highcharts\es-modules\Maps\MapPointer.js", "JavaScript", 0, 76, 0, 0, 0, 0, 0, 0, 60, 1, 137
"c:\Users\MSI SWORD 15 A12V\source\repos\SoftWhatsAppCRMDash\SoftWhatsAppCRMDash\wwwroot\lib\highcharts\es-modules\Maps\MapPointer.min.js", "JavaScript", 0, 1, 0, 0, 0, 0, 0, 0, 0, 0, 1
"c:\Users\MSI SWORD 15 A12V\source\repos\SoftWhatsAppCRMDash\SoftWhatsAppCRMDash\wwwroot\lib\highcharts\es-modules\Maps\MapSymbols.js", "JavaScript", 0, 26, 0, 0, 0, 0, 0, 0, 33, 1, 60
"c:\Users\MSI SWORD 15 A12V\source\repos\SoftWhatsAppCRMDash\SoftWhatsAppCRMDash\wwwroot\lib\highcharts\es-modules\Maps\MapSymbols.min.js", "JavaScript", 0, 1, 0, 0, 0, 0, 0, 0, 0, 0, 1
"c:\Users\MSI SWORD 15 A12V\source\repos\SoftWhatsAppCRMDash\SoftWhatsAppCRMDash\wwwroot\lib\highcharts\es-modules\Maps\MapUtilities.js", "JavaScript", 0, 22, 0, 0, 0, 0, 0, 0, 15, 1, 38
"c:\Users\MSI SWORD 15 A12V\source\repos\SoftWhatsAppCRMDash\SoftWhatsAppCRMDash\wwwroot\lib\highcharts\es-modules\Maps\MapUtilities.min.js", "JavaScript", 0, 1, 0, 0, 0, 0, 0, 0, 0, 0, 1
"c:\Users\MSI SWORD 15 A12V\source\repos\SoftWhatsAppCRMDash\SoftWhatsAppCRMDash\wwwroot\lib\highcharts\es-modules\Maps\MapView.js", "JavaScript", 0, 703, 0, 0, 0, 0, 0, 0, 403, 1, 1107
"c:\Users\MSI SWORD 15 A12V\source\repos\SoftWhatsAppCRMDash\SoftWhatsAppCRMDash\wwwroot\lib\highcharts\es-modules\Maps\MapView.min.js", "JavaScript", 0, 1, 0, 0, 0, 0, 0, 0, 0, 0, 1
"c:\Users\MSI SWORD 15 A12V\source\repos\SoftWhatsAppCRMDash\SoftWhatsAppCRMDash\wwwroot\lib\highcharts\es-modules\Maps\MapViewDefaults.js", "JavaScript", 0, 21, 0, 0, 0, 0, 0, 0, 282, 1, 304
"c:\Users\MSI SWORD 15 A12V\source\repos\SoftWhatsAppCRMDash\SoftWhatsAppCRMDash\wwwroot\lib\highcharts\es-modules\Maps\MapViewDefaults.min.js", "JavaScript", 0, 1, 0, 0, 0, 0, 0, 0, 0, 0, 1
"c:\Users\MSI SWORD 15 A12V\source\repos\SoftWhatsAppCRMDash\SoftWhatsAppCRMDash\wwwroot\lib\highcharts\es-modules\Maps\Projection.js", "JavaScript", 0, 402, 0, 0, 0, 0, 0, 0, 174, 1, 577
"c:\Users\MSI SWORD 15 A12V\source\repos\SoftWhatsAppCRMDash\SoftWhatsAppCRMDash\wwwroot\lib\highcharts\es-modules\Maps\Projection.min.js", "JavaScript", 0, 1, 0, 0, 0, 0, 0, 0, 0, 0, 1
"c:\Users\MSI SWORD 15 A12V\source\repos\SoftWhatsAppCRMDash\SoftWhatsAppCRMDash\wwwroot\lib\highcharts\es-modules\Maps\Projections\EqualEarth.js", "JavaScript", 0, 43, 0, 0, 0, 0, 0, 0, 35, 1, 79
"c:\Users\MSI SWORD 15 A12V\source\repos\SoftWhatsAppCRMDash\SoftWhatsAppCRMDash\wwwroot\lib\highcharts\es-modules\Maps\Projections\EqualEarth.min.js", "JavaScript", 0, 1, 0, 0, 0, 0, 0, 0, 0, 0, 1
"c:\Users\MSI SWORD 15 A12V\source\repos\SoftWhatsAppCRMDash\SoftWhatsAppCRMDash\wwwroot\lib\highcharts\es-modules\Maps\Projections\LambertConformalConic.js", "JavaScript", 0, 54, 0, 0, 0, 0, 0, 0, 29, 1, 84
"c:\Users\MSI SWORD 15 A12V\source\repos\SoftWhatsAppCRMDash\SoftWhatsAppCRMDash\wwwroot\lib\highcharts\es-modules\Maps\Projections\LambertConformalConic.min.js", "JavaScript", 0, 1, 0, 0, 0, 0, 0, 0, 0, 0, 1
"c:\Users\MSI SWORD 15 A12V\source\repos\SoftWhatsAppCRMDash\SoftWhatsAppCRMDash\wwwroot\lib\highcharts\es-modules\Maps\Projections\Miller.js", "JavaScript", 0, 25, 0, 0, 0, 0, 0, 0, 28, 1, 54
"c:\Users\MSI SWORD 15 A12V\source\repos\SoftWhatsAppCRMDash\SoftWhatsAppCRMDash\wwwroot\lib\highcharts\es-modules\Maps\Projections\Miller.min.js", "JavaScript", 0, 1, 0, 0, 0, 0, 0, 0, 0, 0, 1
"c:\Users\MSI SWORD 15 A12V\source\repos\SoftWhatsAppCRMDash\SoftWhatsAppCRMDash\wwwroot\lib\highcharts\es-modules\Maps\Projections\Orthographic.js", "JavaScript", 0, 31, 0, 0, 0, 0, 0, 0, 28, 1, 60
"c:\Users\MSI SWORD 15 A12V\source\repos\SoftWhatsAppCRMDash\SoftWhatsAppCRMDash\wwwroot\lib\highcharts\es-modules\Maps\Projections\Orthographic.min.js", "JavaScript", 0, 1, 0, 0, 0, 0, 0, 0, 0, 0, 1
"c:\Users\MSI SWORD 15 A12V\source\repos\SoftWhatsAppCRMDash\SoftWhatsAppCRMDash\wwwroot\lib\highcharts\es-modules\Maps\Projections\ProjectionRegistry.js", "JavaScript", 0, 14, 0, 0, 0, 0, 0, 0, 20, 1, 35
"c:\Users\MSI SWORD 15 A12V\source\repos\SoftWhatsAppCRMDash\SoftWhatsAppCRMDash\wwwroot\lib\highcharts\es-modules\Maps\Projections\ProjectionRegistry.min.js", "JavaScript", 0, 1, 0, 0, 0, 0, 0, 0, 0, 0, 1
"c:\Users\MSI SWORD 15 A12V\source\repos\SoftWhatsAppCRMDash\SoftWhatsAppCRMDash\wwwroot\lib\highcharts\es-modules\Maps\Projections\WebMercator.js", "JavaScript", 0, 30, 0, 0, 0, 0, 0, 0, 28, 1, 59
"c:\Users\MSI SWORD 15 A12V\source\repos\SoftWhatsAppCRMDash\SoftWhatsAppCRMDash\wwwroot\lib\highcharts\es-modules\Maps\Projections\WebMercator.min.js", "JavaScript", 0, 1, 0, 0, 0, 0, 0, 0, 0, 0, 1
"c:\Users\MSI SWORD 15 A12V\source\repos\SoftWhatsAppCRMDash\SoftWhatsAppCRMDash\wwwroot\lib\highcharts\es-modules\Maps\TilesProviders\Esri.js", "JavaScript", 0, 73, 0, 0, 0, 0, 0, 0, 18, 1, 92
"c:\Users\MSI SWORD 15 A12V\source\repos\SoftWhatsAppCRMDash\SoftWhatsAppCRMDash\wwwroot\lib\highcharts\es-modules\Maps\TilesProviders\Esri.min.js", "JavaScript", 0, 1, 0, 0, 0, 0, 0, 0, 0, 0, 1
"c:\Users\MSI SWORD 15 A12V\source\repos\SoftWhatsAppCRMDash\SoftWhatsAppCRMDash\wwwroot\lib\highcharts\es-modules\Maps\TilesProviders\LimaLabs.js", "JavaScript", 0, 17, 0, 0, 0, 0, 0, 0, 18, 1, 36
"c:\Users\MSI SWORD 15 A12V\source\repos\SoftWhatsAppCRMDash\SoftWhatsAppCRMDash\wwwroot\lib\highcharts\es-modules\Maps\TilesProviders\LimaLabs.min.js", "JavaScript", 0, 1, 0, 0, 0, 0, 0, 0, 0, 0, 1
"c:\Users\MSI SWORD 15 A12V\source\repos\SoftWhatsAppCRMDash\SoftWhatsAppCRMDash\wwwroot\lib\highcharts\es-modules\Maps\TilesProviders\OpenStreetMap.js", "JavaScript", 0, 31, 0, 0, 0, 0, 0, 0, 18, 1, 50
"c:\Users\MSI SWORD 15 A12V\source\repos\SoftWhatsAppCRMDash\SoftWhatsAppCRMDash\wwwroot\lib\highcharts\es-modules\Maps\TilesProviders\OpenStreetMap.min.js", "JavaScript", 0, 4, 0, 0, 0, 0, 0, 0, 0, 0, 4
"c:\Users\MSI SWORD 15 A12V\source\repos\SoftWhatsAppCRMDash\SoftWhatsAppCRMDash\wwwroot\lib\highcharts\es-modules\Maps\TilesProviders\Stamen.js", "JavaScript", 0, 49, 0, 0, 0, 0, 0, 0, 18, 1, 68
"c:\Users\MSI SWORD 15 A12V\source\repos\SoftWhatsAppCRMDash\SoftWhatsAppCRMDash\wwwroot\lib\highcharts\es-modules\Maps\TilesProviders\Stamen.min.js", "JavaScript", 0, 1, 0, 0, 0, 0, 0, 0, 0, 0, 1
"c:\Users\MSI SWORD 15 A12V\source\repos\SoftWhatsAppCRMDash\SoftWhatsAppCRMDash\wwwroot\lib\highcharts\es-modules\Maps\TilesProviders\Thunderforest.js", "JavaScript", 0, 59, 0, 0, 0, 0, 0, 0, 18, 1, 78
"c:\Users\MSI SWORD 15 A12V\source\repos\SoftWhatsAppCRMDash\SoftWhatsAppCRMDash\wwwroot\lib\highcharts\es-modules\Maps\TilesProviders\Thunderforest.min.js", "JavaScript", 0, 1, 0, 0, 0, 0, 0, 0, 0, 0, 1
"c:\Users\MSI SWORD 15 A12V\source\repos\SoftWhatsAppCRMDash\SoftWhatsAppCRMDash\wwwroot\lib\highcharts\es-modules\Maps\TilesProviders\TilesProviderRegistry.js", "JavaScript", 0, 16, 0, 0, 0, 0, 0, 0, 20, 1, 37
"c:\Users\MSI SWORD 15 A12V\source\repos\SoftWhatsAppCRMDash\SoftWhatsAppCRMDash\wwwroot\lib\highcharts\es-modules\Maps\TilesProviders\TilesProviderRegistry.min.js", "JavaScript", 0, 1, 0, 0, 0, 0, 0, 0, 0, 0, 1
"c:\Users\MSI SWORD 15 A12V\source\repos\SoftWhatsAppCRMDash\SoftWhatsAppCRMDash\wwwroot\lib\highcharts\es-modules\Maps\TilesProviders\USGS.js", "JavaScript", 0, 26, 0, 0, 0, 0, 0, 0, 18, 1, 45
"c:\Users\MSI SWORD 15 A12V\source\repos\SoftWhatsAppCRMDash\SoftWhatsAppCRMDash\wwwroot\lib\highcharts\es-modules\Maps\TilesProviders\USGS.min.js", "JavaScript", 0, 1, 0, 0, 0, 0, 0, 0, 0, 0, 1
"c:\Users\MSI SWORD 15 A12V\source\repos\SoftWhatsAppCRMDash\SoftWhatsAppCRMDash\wwwroot\lib\highcharts\es-modules\Series\ArcDiagram\ArcDiagramPoint.js", "JavaScript", 0, 15, 0, 0, 0, 0, 0, 0, 28, 1, 44
"c:\Users\MSI SWORD 15 A12V\source\repos\SoftWhatsAppCRMDash\SoftWhatsAppCRMDash\wwwroot\lib\highcharts\es-modules\Series\ArcDiagram\ArcDiagramPoint.min.js", "JavaScript", 0, 1, 0, 0, 0, 0, 0, 0, 0, 0, 1
"c:\Users\MSI SWORD 15 A12V\source\repos\SoftWhatsAppCRMDash\SoftWhatsAppCRMDash\wwwroot\lib\highcharts\es-modules\Series\ArcDiagram\ArcDiagramSeries.js", "JavaScript", 0, 258, 0, 0, 0, 0, 0, 0, 75, 1, 334
"c:\Users\MSI SWORD 15 A12V\source\repos\SoftWhatsAppCRMDash\SoftWhatsAppCRMDash\wwwroot\lib\highcharts\es-modules\Series\ArcDiagram\ArcDiagramSeries.min.js", "JavaScript", 0, 1, 0, 0, 0, 0, 0, 0, 0, 0, 1
"c:\Users\MSI SWORD 15 A12V\source\repos\SoftWhatsAppCRMDash\SoftWhatsAppCRMDash\wwwroot\lib\highcharts\es-modules\Series\ArcDiagram\ArcDiagramSeriesDefaults.js", "JavaScript", 0, 22, 0, 0, 0, 0, 0, 0, 222, 1, 245
"c:\Users\MSI SWORD 15 A12V\source\repos\SoftWhatsAppCRMDash\SoftWhatsAppCRMDash\wwwroot\lib\highcharts\es-modules\Series\ArcDiagram\ArcDiagramSeriesDefaults.min.js", "JavaScript", 0, 1, 0, 0, 0, 0, 0, 0, 0, 0, 1
"c:\Users\MSI SWORD 15 A12V\source\repos\SoftWhatsAppCRMDash\SoftWhatsAppCRMDash\wwwroot\lib\highcharts\es-modules\Series\Area3D\Area3DSeries.js", "JavaScript", 0, 65, 0, 0, 0, 0, 0, 0, 29, 1, 95
"c:\Users\MSI SWORD 15 A12V\source\repos\SoftWhatsAppCRMDash\SoftWhatsAppCRMDash\wwwroot\lib\highcharts\es-modules\Series\Area3D\Area3DSeries.min.js", "JavaScript", 0, 1, 0, 0, 0, 0, 0, 0, 0, 0, 1
"c:\Users\MSI SWORD 15 A12V\source\repos\SoftWhatsAppCRMDash\SoftWhatsAppCRMDash\wwwroot\lib\highcharts\es-modules\Series\AreaRange\AreaRangePoint.js", "JavaScript", 0, 59, 0, 0, 0, 0, 0, 0, 48, 1, 108
"c:\Users\MSI SWORD 15 A12V\source\repos\SoftWhatsAppCRMDash\SoftWhatsAppCRMDash\wwwroot\lib\highcharts\es-modules\Series\AreaRange\AreaRangePoint.min.js", "JavaScript", 0, 1, 0, 0, 0, 0, 0, 0, 0, 0, 1
"c:\Users\MSI SWORD 15 A12V\source\repos\SoftWhatsAppCRMDash\SoftWhatsAppCRMDash\wwwroot\lib\highcharts\es-modules\Series\AreaRange\AreaRangeSeries.js", "JavaScript", 0, 353, 0, 0, 0, 0, 0, 0, 226, 1, 580
"c:\Users\MSI SWORD 15 A12V\source\repos\SoftWhatsAppCRMDash\SoftWhatsAppCRMDash\wwwroot\lib\highcharts\es-modules\Series\AreaRange\AreaRangeSeries.min.js", "JavaScript", 0, 1, 0, 0, 0, 0, 0, 0, 0, 0, 1
"c:\Users\MSI SWORD 15 A12V\source\repos\SoftWhatsAppCRMDash\SoftWhatsAppCRMDash\wwwroot\lib\highcharts\es-modules\Series\AreaRange\AreaRangeSeriesDefaults.js", "JavaScript", 0, 20, 0, 0, 0, 0, 0, 0, 253, 1, 274
"c:\Users\MSI SWORD 15 A12V\source\repos\SoftWhatsAppCRMDash\SoftWhatsAppCRMDash\wwwroot\lib\highcharts\es-modules\Series\AreaRange\AreaRangeSeriesDefaults.min.js", "JavaScript", 0, 1, 0, 0, 0, 0, 0, 0, 0, 0, 1
"c:\Users\MSI SWORD 15 A12V\source\repos\SoftWhatsAppCRMDash\SoftWhatsAppCRMDash\wwwroot\lib\highcharts\es-modules\Series\AreaSplineRange\AreaSplineRangeSeries.js", "JavaScript", 0, 15, 0, 0, 0, 0, 0, 0, 155, 1, 171
"c:\Users\MSI SWORD 15 A12V\source\repos\SoftWhatsAppCRMDash\SoftWhatsAppCRMDash\wwwroot\lib\highcharts\es-modules\Series\AreaSplineRange\AreaSplineRangeSeries.min.js", "JavaScript", 0, 1, 0, 0, 0, 0, 0, 0, 0, 0, 1
"c:\Users\MSI SWORD 15 A12V\source\repos\SoftWhatsAppCRMDash\SoftWhatsAppCRMDash\wwwroot\lib\highcharts\es-modules\Series\AreaSpline\AreaSplineSeries.js", "JavaScript", 0, 17, 0, 0, 0, 0, 0, 0, 159, 1, 177
"c:\Users\MSI SWORD 15 A12V\source\repos\SoftWhatsAppCRMDash\SoftWhatsAppCRMDash\wwwroot\lib\highcharts\es-modules\Series\AreaSpline\AreaSplineSeries.min.js", "JavaScript", 0, 1, 0, 0, 0, 0, 0, 0, 0, 0, 1
"c:\Users\MSI SWORD 15 A12V\source\repos\SoftWhatsAppCRMDash\SoftWhatsAppCRMDash\wwwroot\lib\highcharts\es-modules\Series\Area\AreaSeries.js", "JavaScript", 0, 221, 0, 0, 0, 0, 0, 0, 111, 1, 333
"c:\Users\MSI SWORD 15 A12V\source\repos\SoftWhatsAppCRMDash\SoftWhatsAppCRMDash\wwwroot\lib\highcharts\es-modules\Series\Area\AreaSeries.min.js", "JavaScript", 0, 1, 0, 0, 0, 0, 0, 0, 0, 0, 1
"c:\Users\MSI SWORD 15 A12V\source\repos\SoftWhatsAppCRMDash\SoftWhatsAppCRMDash\wwwroot\lib\highcharts\es-modules\Series\Area\AreaSeriesDefaults.js", "JavaScript", 0, 7, 0, 0, 0, 0, 0, 0, 232, 1, 240
"c:\Users\MSI SWORD 15 A12V\source\repos\SoftWhatsAppCRMDash\SoftWhatsAppCRMDash\wwwroot\lib\highcharts\es-modules\Series\Area\AreaSeriesDefaults.min.js", "JavaScript", 0, 1, 0, 0, 0, 0, 0, 0, 0, 0, 1
"c:\Users\MSI SWORD 15 A12V\source\repos\SoftWhatsAppCRMDash\SoftWhatsAppCRMDash\wwwroot\lib\highcharts\es-modules\Series\Bar\BarSeries.js", "JavaScript", 0, 15, 0, 0, 0, 0, 0, 0, 129, 1, 145
"c:\Users\MSI SWORD 15 A12V\source\repos\SoftWhatsAppCRMDash\SoftWhatsAppCRMDash\wwwroot\lib\highcharts\es-modules\Series\Bar\BarSeries.min.js", "JavaScript", 0, 1, 0, 0, 0, 0, 0, 0, 0, 0, 1
"c:\Users\MSI SWORD 15 A12V\source\repos\SoftWhatsAppCRMDash\SoftWhatsAppCRMDash\wwwroot\lib\highcharts\es-modules\Series\Bellcurve\BellcurveSeries.js", "JavaScript", 0, 60, 0, 0, 0, 0, 0, 0, 48, 1, 109
"c:\Users\MSI SWORD 15 A12V\source\repos\SoftWhatsAppCRMDash\SoftWhatsAppCRMDash\wwwroot\lib\highcharts\es-modules\Series\Bellcurve\BellcurveSeries.min.js", "JavaScript", 0, 1, 0, 0, 0, 0, 0, 0, 0, 0, 1
"c:\Users\MSI SWORD 15 A12V\source\repos\SoftWhatsAppCRMDash\SoftWhatsAppCRMDash\wwwroot\lib\highcharts\es-modules\Series\Bellcurve\BellcurveSeriesDefaults.js", "JavaScript", 0, 10, 0, 0, 0, 0, 0, 0, 115, 1, 126
"c:\Users\MSI SWORD 15 A12V\source\repos\SoftWhatsAppCRMDash\SoftWhatsAppCRMDash\wwwroot\lib\highcharts\es-modules\Series\Bellcurve\BellcurveSeriesDefaults.min.js", "JavaScript", 0, 1, 0, 0, 0, 0, 0, 0, 0, 0, 1
"c:\Users\MSI SWORD 15 A12V\source\repos\SoftWhatsAppCRMDash\SoftWhatsAppCRMDash\wwwroot\lib\highcharts\es-modules\Series\BoxPlot\BoxPlotSeries.js", "JavaScript", 0, 175, 0, 0, 0, 0, 0, 0, 62, 1, 238
"c:\Users\MSI SWORD 15 A12V\source\repos\SoftWhatsAppCRMDash\SoftWhatsAppCRMDash\wwwroot\lib\highcharts\es-modules\Series\BoxPlot\BoxPlotSeries.min.js", "JavaScript", 0, 1, 0, 0, 0, 0, 0, 0, 0, 0, 1
"c:\Users\MSI SWORD 15 A12V\source\repos\SoftWhatsAppCRMDash\SoftWhatsAppCRMDash\wwwroot\lib\highcharts\es-modules\Series\BoxPlot\BoxPlotSeriesDefaults.js", "JavaScript", 0, 20, 0, 0, 0, 0, 0, 0, 429, 1, 450
"c:\Users\MSI SWORD 15 A12V\source\repos\SoftWhatsAppCRMDash\SoftWhatsAppCRMDash\wwwroot\lib\highcharts\es-modules\Series\BoxPlot\BoxPlotSeriesDefaults.min.js", "JavaScript", 0, 1, 0, 0, 0, 0, 0, 0, 0, 0, 1
"c:\Users\MSI SWORD 15 A12V\source\repos\SoftWhatsAppCRMDash\SoftWhatsAppCRMDash\wwwroot\lib\highcharts\es-modules\Series\Bubble\BubbleLegendComposition.js", "JavaScript", 0, 168, 0, 0, 0, 0, 0, 0, 96, 1, 265
"c:\Users\MSI SWORD 15 A12V\source\repos\SoftWhatsAppCRMDash\SoftWhatsAppCRMDash\wwwroot\lib\highcharts\es-modules\Series\Bubble\BubbleLegendComposition.min.js", "JavaScript", 0, 1, 0, 0, 0, 0, 0, 0, 0, 0, 1
"c:\Users\MSI SWORD 15 A12V\source\repos\SoftWhatsAppCRMDash\SoftWhatsAppCRMDash\wwwroot\lib\highcharts\es-modules\Series\Bubble\BubbleLegendDefaults.js", "JavaScript", 0, 39, 0, 0, 0, 0, 0, 0, 227, 1, 267
"c:\Users\MSI SWORD 15 A12V\source\repos\SoftWhatsAppCRMDash\SoftWhatsAppCRMDash\wwwroot\lib\highcharts\es-modules\Series\Bubble\BubbleLegendDefaults.min.js", "JavaScript", 0, 1, 0, 0, 0, 0, 0, 0, 0, 0, 1
"c:\Users\MSI SWORD 15 A12V\source\repos\SoftWhatsAppCRMDash\SoftWhatsAppCRMDash\wwwroot\lib\highcharts\es-modules\Series\Bubble\BubbleLegendItem.js", "JavaScript", 0, 261, 0, 0, 0, 0, 0, 0, 182, 1, 444
"c:\Users\MSI SWORD 15 A12V\source\repos\SoftWhatsAppCRMDash\SoftWhatsAppCRMDash\wwwroot\lib\highcharts\es-modules\Series\Bubble\BubbleLegendItem.min.js", "JavaScript", 0, 1, 0, 0, 0, 0, 0, 0, 0, 0, 1
"c:\Users\MSI SWORD 15 A12V\source\repos\SoftWhatsAppCRMDash\SoftWhatsAppCRMDash\wwwroot\lib\highcharts\es-modules\Series\Bubble\BubblePoint.js", "JavaScript", 0, 24, 0, 0, 0, 0, 0, 0, 34, 1, 59
"c:\Users\MSI SWORD 15 A12V\source\repos\SoftWhatsAppCRMDash\SoftWhatsAppCRMDash\wwwroot\lib\highcharts\es-modules\Series\Bubble\BubblePoint.min.js", "JavaScript", 0, 1, 0, 0, 0, 0, 0, 0, 0, 0, 1
"c:\Users\MSI SWORD 15 A12V\source\repos\SoftWhatsAppCRMDash\SoftWhatsAppCRMDash\wwwroot\lib\highcharts\es-modules\Series\Bubble\BubbleSeries.js", "JavaScript", 0, 315, 0, 0, 0, 0, 0, 0, 403, 1, 719
"c:\Users\MSI SWORD 15 A12V\source\repos\SoftWhatsAppCRMDash\SoftWhatsAppCRMDash\wwwroot\lib\highcharts\es-modules\Series\Bubble\BubbleSeries.min.js", "JavaScript", 0, 1, 0, 0, 0, 0, 0, 0, 0, 0, 1
"c:\Users\MSI SWORD 15 A12V\source\repos\SoftWhatsAppCRMDash\SoftWhatsAppCRMDash\wwwroot\lib\highcharts\es-modules\Series\Bullet\BulletPoint.js", "JavaScript", 0, 13, 0, 0, 0, 0, 0, 0, 28, 1, 42
"c:\Users\MSI SWORD 15 A12V\source\repos\SoftWhatsAppCRMDash\SoftWhatsAppCRMDash\wwwroot\lib\highcharts\es-modules\Series\Bullet\BulletPoint.min.js", "JavaScript", 0, 1, 0, 0, 0, 0, 0, 0, 0, 0, 1
"c:\Users\MSI SWORD 15 A12V\source\repos\SoftWhatsAppCRMDash\SoftWhatsAppCRMDash\wwwroot\lib\highcharts\es-modules\Series\Bullet\BulletSeries.js", "JavaScript", 0, 99, 0, 0, 0, 0, 0, 0, 59, 1, 159
"c:\Users\MSI SWORD 15 A12V\source\repos\SoftWhatsAppCRMDash\SoftWhatsAppCRMDash\wwwroot\lib\highcharts\es-modules\Series\Bullet\BulletSeries.min.js", "JavaScript", 0, 1, 0, 0, 0, 0, 0, 0, 0, 0, 1
"c:\Users\MSI SWORD 15 A12V\source\repos\SoftWhatsAppCRMDash\SoftWhatsAppCRMDash\wwwroot\lib\highcharts\es-modules\Series\Bullet\BulletSeriesDefaults.js", "JavaScript", 0, 15, 0, 0, 0, 0, 0, 0, 168, 1, 184
"c:\Users\MSI SWORD 15 A12V\source\repos\SoftWhatsAppCRMDash\SoftWhatsAppCRMDash\wwwroot\lib\highcharts\es-modules\Series\Bullet\BulletSeriesDefaults.min.js", "JavaScript", 0, 1, 0, 0, 0, 0, 0, 0, 0, 0, 1
"c:\Users\MSI SWORD 15 A12V\source\repos\SoftWhatsAppCRMDash\SoftWhatsAppCRMDash\wwwroot\lib\highcharts\es-modules\Series\Candlestick\CandlestickSeries.js", "JavaScript", 0, 83, 0, 0, 0, 0, 0, 0, 60, 1, 144
"c:\Users\MSI SWORD 15 A12V\source\repos\SoftWhatsAppCRMDash\SoftWhatsAppCRMDash\wwwroot\lib\highcharts\es-modules\Series\Candlestick\CandlestickSeries.min.js", "JavaScript", 0, 1, 0, 0, 0, 0, 0, 0, 0, 0, 1
"c:\Users\MSI SWORD 15 A12V\source\repos\SoftWhatsAppCRMDash\SoftWhatsAppCRMDash\wwwroot\lib\highcharts\es-modules\Series\Candlestick\CandlestickSeriesDefaults.js", "JavaScript", 0, 15, 0, 0, 0, 0, 0, 0, 160, 1, 176
"c:\Users\MSI SWORD 15 A12V\source\repos\SoftWhatsAppCRMDash\SoftWhatsAppCRMDash\wwwroot\lib\highcharts\es-modules\Series\Candlestick\CandlestickSeriesDefaults.min.js", "JavaScript", 0, 1, 0, 0, 0, 0, 0, 0, 0, 0, 1
"c:\Users\MSI SWORD 15 A12V\source\repos\SoftWhatsAppCRMDash\SoftWhatsAppCRMDash\wwwroot\lib\highcharts\es-modules\Series\CenteredUtilities.js", "JavaScript", 0, 60, 0, 0, 0, 0, 0, 0, 74, 1, 135
"c:\Users\MSI SWORD 15 A12V\source\repos\SoftWhatsAppCRMDash\SoftWhatsAppCRMDash\wwwroot\lib\highcharts\es-modules\Series\CenteredUtilities.min.js", "JavaScript", 0, 1, 0, 0, 0, 0, 0, 0, 0, 0, 1
"c:\Users\MSI SWORD 15 A12V\source\repos\SoftWhatsAppCRMDash\SoftWhatsAppCRMDash\wwwroot\lib\highcharts\es-modules\Series\ColorMapComposition.js", "JavaScript", 0, 71, 0, 0, 0, 0, 0, 0, 55, 1, 127
"c:\Users\MSI SWORD 15 A12V\source\repos\SoftWhatsAppCRMDash\SoftWhatsAppCRMDash\wwwroot\lib\highcharts\es-modules\Series\ColorMapComposition.min.js", "JavaScript", 0, 1, 0, 0, 0, 0, 0, 0, 0, 0, 1
"c:\Users\MSI SWORD 15 A12V\source\repos\SoftWhatsAppCRMDash\SoftWhatsAppCRMDash\wwwroot\lib\highcharts\es-modules\Series\Column3D\Column3DComposition.js", "JavaScript", 0, 327, 0, 0, 0, 0, 0, 0, 155, 1, 483
"c:\Users\MSI SWORD 15 A12V\source\repos\SoftWhatsAppCRMDash\SoftWhatsAppCRMDash\wwwroot\lib\highcharts\es-modules\Series\Column3D\Column3DComposition.min.js", "JavaScript", 0, 1, 0, 0, 0, 0, 0, 0, 0, 0, 1
"c:\Users\MSI SWORD 15 A12V\source\repos\SoftWhatsAppCRMDash\SoftWhatsAppCRMDash\wwwroot\lib\highcharts\es-modules\Series\ColumnPyramid\ColumnPyramidSeries.js", "JavaScript", 0, 107, 0, 0, 0, 0, 0, 0, 72, 1, 180
"c:\Users\MSI SWORD 15 A12V\source\repos\SoftWhatsAppCRMDash\SoftWhatsAppCRMDash\wwwroot\lib\highcharts\es-modules\Series\ColumnPyramid\ColumnPyramidSeries.min.js", "JavaScript", 0, 1, 0, 0, 0, 0, 0, 0, 0, 0, 1
"c:\Users\MSI SWORD 15 A12V\source\repos\SoftWhatsAppCRMDash\SoftWhatsAppCRMDash\wwwroot\lib\highcharts\es-modules\Series\ColumnPyramid\ColumnPyramidSeriesDefaults.js", "JavaScript", 0, 4, 0, 0, 0, 0, 0, 0, 121, 1, 126
"c:\Users\MSI SWORD 15 A12V\source\repos\SoftWhatsAppCRMDash\SoftWhatsAppCRMDash\wwwroot\lib\highcharts\es-modules\Series\ColumnPyramid\ColumnPyramidSeriesDefaults.min.js", "JavaScript", 0, 1, 0, 0, 0, 0, 0, 0, 0, 0, 1
"c:\Users\MSI SWORD 15 A12V\source\repos\SoftWhatsAppCRMDash\SoftWhatsAppCRMDash\wwwroot\lib\highcharts\es-modules\Series\ColumnRange\ColumnRangePoint.js", "JavaScript", 0, 14, 0, 0, 0, 0, 0, 0, 24, 1, 39
"c:\Users\MSI SWORD 15 A12V\source\repos\SoftWhatsAppCRMDash\SoftWhatsAppCRMDash\wwwroot\lib\highcharts\es-modules\Series\ColumnRange\ColumnRangePoint.min.js", "JavaScript", 0, 1, 0, 0, 0, 0, 0, 0, 0, 0, 1
"c:\Users\MSI SWORD 15 A12V\source\repos\SoftWhatsAppCRMDash\SoftWhatsAppCRMDash\wwwroot\lib\highcharts\es-modules\Series\ColumnRange\ColumnRangeSeries.js", "JavaScript", 0, 107, 0, 0, 0, 0, 0, 0, 194, 1, 302
"c:\Users\MSI SWORD 15 A12V\source\repos\SoftWhatsAppCRMDash\SoftWhatsAppCRMDash\wwwroot\lib\highcharts\es-modules\Series\ColumnRange\ColumnRangeSeries.min.js", "JavaScript", 0, 1, 0, 0, 0, 0, 0, 0, 0, 0, 1
"c:\Users\MSI SWORD 15 A12V\source\repos\SoftWhatsAppCRMDash\SoftWhatsAppCRMDash\wwwroot\lib\highcharts\es-modules\Series\Column\ColumnDataLabel.js", "JavaScript", 0, 65, 0, 0, 0, 0, 0, 0, 41, 1, 107
"c:\Users\MSI SWORD 15 A12V\source\repos\SoftWhatsAppCRMDash\SoftWhatsAppCRMDash\wwwroot\lib\highcharts\es-modules\Series\Column\ColumnDataLabel.min.js", "JavaScript", 0, 1, 0, 0, 0, 0, 0, 0, 0, 0, 1
"c:\Users\MSI SWORD 15 A12V\source\repos\SoftWhatsAppCRMDash\SoftWhatsAppCRMDash\wwwroot\lib\highcharts\es-modules\Series\Column\ColumnSeries.js", "JavaScript", 0, 410, 0, 0, 0, 0, 0, 0, 238, 1, 649
"c:\Users\MSI SWORD 15 A12V\source\repos\SoftWhatsAppCRMDash\SoftWhatsAppCRMDash\wwwroot\lib\highcharts\es-modules\Series\Column\ColumnSeries.min.js", "JavaScript", 0, 1, 0, 0, 0, 0, 0, 0, 0, 0, 1
"c:\Users\MSI SWORD 15 A12V\source\repos\SoftWhatsAppCRMDash\SoftWhatsAppCRMDash\wwwroot\lib\highcharts\es-modules\Series\Column\ColumnSeriesDefaults.js", "JavaScript", 0, 35, 0, 0, 0, 0, 0, 0, 460, 1, 496
"c:\Users\MSI SWORD 15 A12V\source\repos\SoftWhatsAppCRMDash\SoftWhatsAppCRMDash\wwwroot\lib\highcharts\es-modules\Series\Column\ColumnSeriesDefaults.min.js", "JavaScript", 0, 1, 0, 0, 0, 0, 0, 0, 0, 0, 1
"c:\Users\MSI SWORD 15 A12V\source\repos\SoftWhatsAppCRMDash\SoftWhatsAppCRMDash\wwwroot\lib\highcharts\es-modules\Series\Cylinder\CylinderComposition.js", "JavaScript", 0, 231, 0, 0, 0, 0, 0, 0, 67, 1, 299
"c:\Users\MSI SWORD 15 A12V\source\repos\SoftWhatsAppCRMDash\SoftWhatsAppCRMDash\wwwroot\lib\highcharts\es-modules\Series\Cylinder\CylinderComposition.min.js", "JavaScript", 0, 1, 0, 0, 0, 0, 0, 0, 0, 0, 1
"c:\Users\MSI SWORD 15 A12V\source\repos\SoftWhatsAppCRMDash\SoftWhatsAppCRMDash\wwwroot\lib\highcharts\es-modules\Series\Cylinder\CylinderPoint.js", "JavaScript", 0, 11, 0, 0, 0, 0, 0, 0, 23, 1, 35
"c:\Users\MSI SWORD 15 A12V\source\repos\SoftWhatsAppCRMDash\SoftWhatsAppCRMDash\wwwroot\lib\highcharts\es-modules\Series\Cylinder\CylinderPoint.min.js", "JavaScript", 0, 1, 0, 0, 0, 0, 0, 0, 0, 0, 1
"c:\Users\MSI SWORD 15 A12V\source\repos\SoftWhatsAppCRMDash\SoftWhatsAppCRMDash\wwwroot\lib\highcharts\es-modules\Series\Cylinder\CylinderSeries.js", "JavaScript", 0, 17, 0, 0, 0, 0, 0, 0, 40, 1, 58
"c:\Users\MSI SWORD 15 A12V\source\repos\SoftWhatsAppCRMDash\SoftWhatsAppCRMDash\wwwroot\lib\highcharts\es-modules\Series\Cylinder\CylinderSeries.min.js", "JavaScript", 0, 1, 0, 0, 0, 0, 0, 0, 0, 0, 1
"c:\Users\MSI SWORD 15 A12V\source\repos\SoftWhatsAppCRMDash\SoftWhatsAppCRMDash\wwwroot\lib\highcharts\es-modules\Series\Cylinder\CylinderSeriesDefaults.js", "JavaScript", 0, 4, 0, 0, 0, 0, 0, 0, 110, 1, 115
"c:\Users\MSI SWORD 15 A12V\source\repos\SoftWhatsAppCRMDash\SoftWhatsAppCRMDash\wwwroot\lib\highcharts\es-modules\Series\Cylinder\CylinderSeriesDefaults.min.js", "JavaScript", 0, 1, 0, 0, 0, 0, 0, 0, 0, 0, 1
"c:\Users\MSI SWORD 15 A12V\source\repos\SoftWhatsAppCRMDash\SoftWhatsAppCRMDash\wwwroot\lib\highcharts\es-modules\Series\Cylinder\SVGElement3DCylinder.js", "JavaScript", 0, 23, 0, 0, 0, 0, 0, 0, 34, 1, 58
"c:\Users\MSI SWORD 15 A12V\source\repos\SoftWhatsAppCRMDash\SoftWhatsAppCRMDash\wwwroot\lib\highcharts\es-modules\Series\Cylinder\SVGElement3DCylinder.min.js", "JavaScript", 0, 1, 0, 0, 0, 0, 0, 0, 0, 0, 1
"c:\Users\MSI SWORD 15 A12V\source\repos\SoftWhatsAppCRMDash\SoftWhatsAppCRMDash\wwwroot\lib\highcharts\es-modules\Series\DataModifyComposition.js", "JavaScript", 0, 220, 0, 0, 0, 0, 0, 0, 328, 1, 549
"c:\Users\MSI SWORD 15 A12V\source\repos\SoftWhatsAppCRMDash\SoftWhatsAppCRMDash\wwwroot\lib\highcharts\es-modules\Series\DataModifyComposition.min.js", "JavaScript", 0, 1, 0, 0, 0, 0, 0, 0, 0, 0, 1
"c:\Users\MSI SWORD 15 A12V\source\repos\SoftWhatsAppCRMDash\SoftWhatsAppCRMDash\wwwroot\lib\highcharts\es-modules\Series\DependencyWheel\DependencyWheelPoint.js", "JavaScript", 0, 41, 0, 0, 0, 0, 0, 0, 35, 1, 77
"c:\Users\MSI SWORD 15 A12V\source\repos\SoftWhatsAppCRMDash\SoftWhatsAppCRMDash\wwwroot\lib\highcharts\es-modules\Series\DependencyWheel\DependencyWheelPoint.min.js", "JavaScript", 0, 1, 0, 0, 0, 0, 0, 0, 0, 0, 1
"c:\Users\MSI SWORD 15 A12V\source\repos\SoftWhatsAppCRMDash\SoftWhatsAppCRMDash\wwwroot\lib\highcharts\es-modules\Series\DependencyWheel\DependencyWheelSeries.js", "JavaScript", 0, 176, 0, 0, 0, 0, 0, 0, 68, 1, 245
"c:\Users\MSI SWORD 15 A12V\source\repos\SoftWhatsAppCRMDash\SoftWhatsAppCRMDash\wwwroot\lib\highcharts\es-modules\Series\DependencyWheel\DependencyWheelSeries.min.js", "JavaScript", 0, 1, 0, 0, 0, 0, 0, 0, 0, 0, 1
"c:\Users\MSI SWORD 15 A12V\source\repos\SoftWhatsAppCRMDash\SoftWhatsAppCRMDash\wwwroot\lib\highcharts\es-modules\Series\DependencyWheel\DependencyWheelSeriesDefaults.js", "JavaScript", 0, 16, 0, 0, 0, 0, 0, 0, 173, 1, 190
"c:\Users\MSI SWORD 15 A12V\source\repos\SoftWhatsAppCRMDash\SoftWhatsAppCRMDash\wwwroot\lib\highcharts\es-modules\Series\DependencyWheel\DependencyWheelSeriesDefaults.min.js", "JavaScript", 0, 1, 0, 0, 0, 0, 0, 0, 0, 0, 1
"c:\Users\MSI SWORD 15 A12V\source\repos\SoftWhatsAppCRMDash\SoftWhatsAppCRMDash\wwwroot\lib\highcharts\es-modules\Series\DerivedComposition.js", "JavaScript", 0, 64, 0, 0, 0, 0, 0, 0, 67, 1, 132
"c:\Users\MSI SWORD 15 A12V\source\repos\SoftWhatsAppCRMDash\SoftWhatsAppCRMDash\wwwroot\lib\highcharts\es-modules\Series\DerivedComposition.min.js", "JavaScript", 0, 1, 0, 0, 0, 0, 0, 0, 0, 0, 1
"c:\Users\MSI SWORD 15 A12V\source\repos\SoftWhatsAppCRMDash\SoftWhatsAppCRMDash\wwwroot\lib\highcharts\es-modules\Series\DotPlot\DotPlotSeries.js", "JavaScript", 0, 92, 0, 0, 0, 0, 0, 0, 46, 1, 139
"c:\Users\MSI SWORD 15 A12V\source\repos\SoftWhatsAppCRMDash\SoftWhatsAppCRMDash\wwwroot\lib\highcharts\es-modules\Series\DotPlot\DotPlotSeries.min.js", "JavaScript", 0, 1, 0, 0, 0, 0, 0, 0, 0, 0, 1
"c:\Users\MSI SWORD 15 A12V\source\repos\SoftWhatsAppCRMDash\SoftWhatsAppCRMDash\wwwroot\lib\highcharts\es-modules\Series\DotPlot\DotPlotSeriesDefaults.js", "JavaScript", 0, 13, 0, 0, 0, 0, 0, 0, 21, 1, 35
"c:\Users\MSI SWORD 15 A12V\source\repos\SoftWhatsAppCRMDash\SoftWhatsAppCRMDash\wwwroot\lib\highcharts\es-modules\Series\DotPlot\DotPlotSeriesDefaults.min.js", "JavaScript", 0, 1, 0, 0, 0, 0, 0, 0, 0, 0, 1
"c:\Users\MSI SWORD 15 A12V\source\repos\SoftWhatsAppCRMDash\SoftWhatsAppCRMDash\wwwroot\lib\highcharts\es-modules\Series\DragNodesComposition.js", "JavaScript", 0, 98, 0, 0, 0, 0, 0, 0, 62, 1, 161
"c:\Users\MSI SWORD 15 A12V\source\repos\SoftWhatsAppCRMDash\SoftWhatsAppCRMDash\wwwroot\lib\highcharts\es-modules\Series\DragNodesComposition.min.js", "JavaScript", 0, 1, 0, 0, 0, 0, 0, 0, 0, 0, 1
"c:\Users\MSI SWORD 15 A12V\source\repos\SoftWhatsAppCRMDash\SoftWhatsAppCRMDash\wwwroot\lib\highcharts\es-modules\Series\DrawPointUtilities.js", "JavaScript", 0, 53, 0, 0, 0, 0, 0, 0, 28, 1, 82
"c:\Users\MSI SWORD 15 A12V\source\repos\SoftWhatsAppCRMDash\SoftWhatsAppCRMDash\wwwroot\lib\highcharts\es-modules\Series\DrawPointUtilities.min.js", "JavaScript", 0, 1, 0, 0, 0, 0, 0, 0, 0, 0, 1
"c:\Users\MSI SWORD 15 A12V\source\repos\SoftWhatsAppCRMDash\SoftWhatsAppCRMDash\wwwroot\lib\highcharts\es-modules\Series\Dumbbell\DumbbellPoint.js", "JavaScript", 0, 46, 0, 0, 0, 0, 0, 0, 31, 1, 78
"c:\Users\MSI SWORD 15 A12V\source\repos\SoftWhatsAppCRMDash\SoftWhatsAppCRMDash\wwwroot\lib\highcharts\es-modules\Series\Dumbbell\DumbbellPoint.min.js", "JavaScript", 0, 1, 0, 0, 0, 0, 0, 0, 0, 0, 1
"c:\Users\MSI SWORD 15 A12V\source\repos\SoftWhatsAppCRMDash\SoftWhatsAppCRMDash\wwwroot\lib\highcharts\es-modules\Series\Dumbbell\DumbbellSeries.js", "JavaScript", 0, 156, 0, 0, 0, 0, 0, 0, 92, 1, 249
"c:\Users\MSI SWORD 15 A12V\source\repos\SoftWhatsAppCRMDash\SoftWhatsAppCRMDash\wwwroot\lib\highcharts\es-modules\Series\Dumbbell\DumbbellSeries.min.js", "JavaScript", 0, 1, 0, 0, 0, 0, 0, 0, 0, 0, 1
"c:\Users\MSI SWORD 15 A12V\source\repos\SoftWhatsAppCRMDash\SoftWhatsAppCRMDash\wwwroot\lib\highcharts\es-modules\Series\Dumbbell\DumbbellSeriesDefaults.js", "JavaScript", 0, 23, 0, 0, 0, 0, 0, 0, 209, 1, 233
"c:\Users\MSI SWORD 15 A12V\source\repos\SoftWhatsAppCRMDash\SoftWhatsAppCRMDash\wwwroot\lib\highcharts\es-modules\Series\Dumbbell\DumbbellSeriesDefaults.min.js", "JavaScript", 0, 1, 0, 0, 0, 0, 0, 0, 0, 0, 1
"c:\Users\MSI SWORD 15 A12V\source\repos\SoftWhatsAppCRMDash\SoftWhatsAppCRMDash\wwwroot\lib\highcharts\es-modules\Series\ErrorBar\ErrorBarSeries.js", "JavaScript", 0, 40, 0, 0, 0, 0, 0, 0, 43, 1, 84
"c:\Users\MSI SWORD 15 A12V\source\repos\SoftWhatsAppCRMDash\SoftWhatsAppCRMDash\wwwroot\lib\highcharts\es-modules\Series\ErrorBar\ErrorBarSeries.min.js", "JavaScript", 0, 1, 0, 0, 0, 0, 0, 0, 0, 0, 1
"c:\Users\MSI SWORD 15 A12V\source\repos\SoftWhatsAppCRMDash\SoftWhatsAppCRMDash\wwwroot\lib\highcharts\es-modules\Series\ErrorBar\ErrorBarSeriesDefaults.js", "JavaScript", 0, 12, 0, 0, 0, 0, 0, 0, 135, 1, 148
"c:\Users\MSI SWORD 15 A12V\source\repos\SoftWhatsAppCRMDash\SoftWhatsAppCRMDash\wwwroot\lib\highcharts\es-modules\Series\ErrorBar\ErrorBarSeriesDefaults.min.js", "JavaScript", 0, 1, 0, 0, 0, 0, 0, 0, 0, 0, 1
"c:\Users\MSI SWORD 15 A12V\source\repos\SoftWhatsAppCRMDash\SoftWhatsAppCRMDash\wwwroot\lib\highcharts\es-modules\Series\Flags\FlagsPoint.js", "JavaScript", 0, 19, 0, 0, 0, 0, 0, 0, 37, 1, 57
"c:\Users\MSI SWORD 15 A12V\source\repos\SoftWhatsAppCRMDash\SoftWhatsAppCRMDash\wwwroot\lib\highcharts\es-modules\Series\Flags\FlagsPoint.min.js", "JavaScript", 0, 1, 0, 0, 0, 0, 0, 0, 0, 0, 1
"c:\Users\MSI SWORD 15 A12V\source\repos\SoftWhatsAppCRMDash\SoftWhatsAppCRMDash\wwwroot\lib\highcharts\es-modules\Series\Flags\FlagsSeries.js", "JavaScript", 0, 211, 0, 0, 0, 0, 0, 0, 96, 1, 308
"c:\Users\MSI SWORD 15 A12V\source\repos\SoftWhatsAppCRMDash\SoftWhatsAppCRMDash\wwwroot\lib\highcharts\es-modules\Series\Flags\FlagsSeries.min.js", "JavaScript", 0, 1, 0, 0, 0, 0, 0, 0, 0, 0, 1
"c:\Users\MSI SWORD 15 A12V\source\repos\SoftWhatsAppCRMDash\SoftWhatsAppCRMDash\wwwroot\lib\highcharts\es-modules\Series\Flags\FlagsSeriesDefaults.js", "JavaScript", 0, 28, 0, 0, 0, 0, 0, 0, 273, 1, 302
"c:\Users\MSI SWORD 15 A12V\source\repos\SoftWhatsAppCRMDash\SoftWhatsAppCRMDash\wwwroot\lib\highcharts\es-modules\Series\Flags\FlagsSeriesDefaults.min.js", "JavaScript", 0, 1, 0, 0, 0, 0, 0, 0, 0, 0, 1
"c:\Users\MSI SWORD 15 A12V\source\repos\SoftWhatsAppCRMDash\SoftWhatsAppCRMDash\wwwroot\lib\highcharts\es-modules\Series\Flags\FlagsSymbols.js", "JavaScript", 0, 62, 0, 0, 0, 0, 0, 0, 48, 1, 111
"c:\Users\MSI SWORD 15 A12V\source\repos\SoftWhatsAppCRMDash\SoftWhatsAppCRMDash\wwwroot\lib\highcharts\es-modules\Series\Flags\FlagsSymbols.min.js", "JavaScript", 0, 1, 0, 0, 0, 0, 0, 0, 0, 0, 1
"c:\Users\MSI SWORD 15 A12V\source\repos\SoftWhatsAppCRMDash\SoftWhatsAppCRMDash\wwwroot\lib\highcharts\es-modules\Series\FlowMap\FlowMapPoint.js", "JavaScript", 0, 18, 0, 0, 0, 0, 0, 0, 27, 1, 46
"c:\Users\MSI SWORD 15 A12V\source\repos\SoftWhatsAppCRMDash\SoftWhatsAppCRMDash\wwwroot\lib\highcharts\es-modules\Series\FlowMap\FlowMapPoint.min.js", "JavaScript", 0, 1, 0, 0, 0, 0, 0, 0, 0, 0, 1
"c:\Users\MSI SWORD 15 A12V\source\repos\SoftWhatsAppCRMDash\SoftWhatsAppCRMDash\wwwroot\lib\highcharts\es-modules\Series\FlowMap\FlowMapSeries.js", "JavaScript", 0, 312, 0, 0, 0, 0, 0, 0, 443, 1, 756
"c:\Users\MSI SWORD 15 A12V\source\repos\SoftWhatsAppCRMDash\SoftWhatsAppCRMDash\wwwroot\lib\highcharts\es-modules\Series\FlowMap\FlowMapSeries.min.js", "JavaScript", 0, 1, 0, 0, 0, 0, 0, 0, 0, 0, 1
"c:\Users\MSI SWORD 15 A12V\source\repos\SoftWhatsAppCRMDash\SoftWhatsAppCRMDash\wwwroot\lib\highcharts\es-modules\Series\Funnel3D\Funnel3DComposition.js", "JavaScript", 0, 129, 0, 0, 0, 0, 0, 0, 39, 1, 169
"c:\Users\MSI SWORD 15 A12V\source\repos\SoftWhatsAppCRMDash\SoftWhatsAppCRMDash\wwwroot\lib\highcharts\es-modules\Series\Funnel3D\Funnel3DComposition.min.js", "JavaScript", 0, 1, 0, 0, 0, 0, 0, 0, 0, 0, 1
"c:\Users\MSI SWORD 15 A12V\source\repos\SoftWhatsAppCRMDash\SoftWhatsAppCRMDash\wwwroot\lib\highcharts\es-modules\Series\Funnel3D\Funnel3DPoint.js", "JavaScript", 0, 11, 0, 0, 0, 0, 0, 0, 23, 1, 35
"c:\Users\MSI SWORD 15 A12V\source\repos\SoftWhatsAppCRMDash\SoftWhatsAppCRMDash\wwwroot\lib\highcharts\es-modules\Series\Funnel3D\Funnel3DPoint.min.js", "JavaScript", 0, 1, 0, 0, 0, 0, 0, 0, 0, 0, 1
"c:\Users\MSI SWORD 15 A12V\source\repos\SoftWhatsAppCRMDash\SoftWhatsAppCRMDash\wwwroot\lib\highcharts\es-modules\Series\Funnel3D\Funnel3DSeries.js", "JavaScript", 0, 171, 0, 0, 0, 0, 0, 0, 85, 1, 257
"c:\Users\MSI SWORD 15 A12V\source\repos\SoftWhatsAppCRMDash\SoftWhatsAppCRMDash\wwwroot\lib\highcharts\es-modules\Series\Funnel3D\Funnel3DSeries.min.js", "JavaScript", 0, 1, 0, 0, 0, 0, 0, 0, 0, 0, 1
"c:\Users\MSI SWORD 15 A12V\source\repos\SoftWhatsAppCRMDash\SoftWhatsAppCRMDash\wwwroot\lib\highcharts\es-modules\Series\Funnel3D\Funnel3DSeriesDefaults.js", "JavaScript", 0, 21, 0, 0, 0, 0, 0, 0, 155, 1, 177
"c:\Users\MSI SWORD 15 A12V\source\repos\SoftWhatsAppCRMDash\SoftWhatsAppCRMDash\wwwroot\lib\highcharts\es-modules\Series\Funnel3D\Funnel3DSeriesDefaults.min.js", "JavaScript", 0, 1, 0, 0, 0, 0, 0, 0, 0, 0, 1
"c:\Users\MSI SWORD 15 A12V\source\repos\SoftWhatsAppCRMDash\SoftWhatsAppCRMDash\wwwroot\lib\highcharts\es-modules\Series\Funnel3D\SVGElement3DFunnel.js", "JavaScript", 0, 190, 0, 0, 0, 0, 0, 0, 52, 1, 243
"c:\Users\MSI SWORD 15 A12V\source\repos\SoftWhatsAppCRMDash\SoftWhatsAppCRMDash\wwwroot\lib\highcharts\es-modules\Series\Funnel3D\SVGElement3DFunnel.min.js", "JavaScript", 0, 1, 0, 0, 0, 0, 0, 0, 0, 0, 1
"c:\Users\MSI SWORD 15 A12V\source\repos\SoftWhatsAppCRMDash\SoftWhatsAppCRMDash\wwwroot\lib\highcharts\es-modules\Series\Funnel\FunnelSeries.js", "JavaScript", 0, 333, 0, 0, 0, 0, 0, 0, 139, 1, 473
"c:\Users\MSI SWORD 15 A12V\source\repos\SoftWhatsAppCRMDash\SoftWhatsAppCRMDash\wwwroot\lib\highcharts\es-modules\Series\Funnel\FunnelSeries.min.js", "JavaScript", 0, 1, 0, 0, 0, 0, 0, 0, 0, 0, 1
"c:\Users\MSI SWORD 15 A12V\source\repos\SoftWhatsAppCRMDash\SoftWhatsAppCRMDash\wwwroot\lib\highcharts\es-modules\Series\Funnel\FunnelSeriesDefaults.js", "JavaScript", 0, 24, 0, 0, 0, 0, 0, 0, 178, 1, 203
"c:\Users\MSI SWORD 15 A12V\source\repos\SoftWhatsAppCRMDash\SoftWhatsAppCRMDash\wwwroot\lib\highcharts\es-modules\Series\Funnel\FunnelSeriesDefaults.min.js", "JavaScript", 0, 1, 0, 0, 0, 0, 0, 0, 0, 0, 1
"c:\Users\MSI SWORD 15 A12V\source\repos\SoftWhatsAppCRMDash\SoftWhatsAppCRMDash\wwwroot\lib\highcharts\es-modules\Series\Gantt\GanttPoint.js", "JavaScript", 0, 25, 0, 0, 0, 0, 0, 0, 50, 1, 76
"c:\Users\MSI SWORD 15 A12V\source\repos\SoftWhatsAppCRMDash\SoftWhatsAppCRMDash\wwwroot\lib\highcharts\es-modules\Series\Gantt\GanttPoint.min.js", "JavaScript", 0, 1, 0, 0, 0, 0, 0, 0, 0, 0, 1
"c:\Users\MSI SWORD 15 A12V\source\repos\SoftWhatsAppCRMDash\SoftWhatsAppCRMDash\wwwroot\lib\highcharts\es-modules\Series\Gantt\GanttSeries.js", "JavaScript", 0, 81, 0, 0, 0, 0, 0, 0, 65, 1, 147
"c:\Users\MSI SWORD 15 A12V\source\repos\SoftWhatsAppCRMDash\SoftWhatsAppCRMDash\wwwroot\lib\highcharts\es-modules\Series\Gantt\GanttSeries.min.js", "JavaScript", 0, 1, 0, 0, 0, 0, 0, 0, 0, 0, 1
"c:\Users\MSI SWORD 15 A12V\source\repos\SoftWhatsAppCRMDash\SoftWhatsAppCRMDash\wwwroot\lib\highcharts\es-modules\Series\Gantt\GanttSeriesDefaults.js", "JavaScript", 0, 53, 0, 0, 0, 0, 0, 0, 168, 1, 222
"c:\Users\MSI SWORD 15 A12V\source\repos\SoftWhatsAppCRMDash\SoftWhatsAppCRMDash\wwwroot\lib\highcharts\es-modules\Series\Gantt\GanttSeriesDefaults.min.js", "JavaScript", 0, 1, 0, 0, 0, 0, 0, 0, 0, 0, 1
"c:\Users\MSI SWORD 15 A12V\source\repos\SoftWhatsAppCRMDash\SoftWhatsAppCRMDash\wwwroot\lib\highcharts\es-modules\Series\Gauge\GaugePoint.js", "JavaScript", 0, 9, 0, 0, 0, 0, 0, 0, 29, 1, 39
"c:\Users\MSI SWORD 15 A12V\source\repos\SoftWhatsAppCRMDash\SoftWhatsAppCRMDash\wwwroot\lib\highcharts\es-modules\Series\Gauge\GaugePoint.min.js", "JavaScript", 0, 1, 0, 0, 0, 0, 0, 0, 0, 0, 1
"c:\Users\MSI SWORD 15 A12V\source\repos\SoftWhatsAppCRMDash\SoftWhatsAppCRMDash\wwwroot\lib\highcharts\es-modules\Series\Gauge\GaugeSeries.js", "JavaScript", 0, 171, 0, 0, 0, 0, 0, 0, 387, 1, 559
"c:\Users\MSI SWORD 15 A12V\source\repos\SoftWhatsAppCRMDash\SoftWhatsAppCRMDash\wwwroot\lib\highcharts\es-modules\Series\Gauge\GaugeSeries.min.js", "JavaScript", 0, 1, 0, 0, 0, 0, 0, 0, 0, 0, 1
"c:\Users\MSI SWORD 15 A12V\source\repos\SoftWhatsAppCRMDash\SoftWhatsAppCRMDash\wwwroot\lib\highcharts\es-modules\Series\GeoHeatmap\GeoHeatmapPoint.js", "JavaScript", 0, 27, 0, 0, 0, 0, 0, 0, 32, 1, 60
"c:\Users\MSI SWORD 15 A12V\source\repos\SoftWhatsAppCRMDash\SoftWhatsAppCRMDash\wwwroot\lib\highcharts\es-modules\Series\GeoHeatmap\GeoHeatmapPoint.min.js", "JavaScript", 0, 1, 0, 0, 0, 0, 0, 0, 0, 0, 1
"c:\Users\MSI SWORD 15 A12V\source\repos\SoftWhatsAppCRMDash\SoftWhatsAppCRMDash\wwwroot\lib\highcharts\es-modules\Series\GeoHeatmap\GeoHeatmapPointOptions.js", "JavaScript", 0, 1, 0, 0, 0, 0, 0, 0, 11, 1, 13
"c:\Users\MSI SWORD 15 A12V\source\repos\SoftWhatsAppCRMDash\SoftWhatsAppCRMDash\wwwroot\lib\highcharts\es-modules\Series\GeoHeatmap\GeoHeatmapPointOptions.min.js", "JavaScript", 0, 0, 0, 0, 0, 0, 0, 0, 0, 1, 1
"c:\Users\MSI SWORD 15 A12V\source\repos\SoftWhatsAppCRMDash\SoftWhatsAppCRMDash\wwwroot\lib\highcharts\es-modules\Series\GeoHeatmap\GeoHeatmapSeries.js", "JavaScript", 0, 260, 0, 0, 0, 0, 0, 0, 276, 1, 537
"c:\Users\MSI SWORD 15 A12V\source\repos\SoftWhatsAppCRMDash\SoftWhatsAppCRMDash\wwwroot\lib\highcharts\es-modules\Series\GeoHeatmap\GeoHeatmapSeries.min.js", "JavaScript", 0, 1, 0, 0, 0, 0, 0, 0, 0, 0, 1
"c:\Users\MSI SWORD 15 A12V\source\repos\SoftWhatsAppCRMDash\SoftWhatsAppCRMDash\wwwroot\lib\highcharts\es-modules\Series\GeoHeatmap\GeoHeatmapSeriesOptions.js", "JavaScript", 0, 1, 0, 0, 0, 0, 0, 0, 11, 1, 13
"c:\Users\MSI SWORD 15 A12V\source\repos\SoftWhatsAppCRMDash\SoftWhatsAppCRMDash\wwwroot\lib\highcharts\es-modules\Series\GeoHeatmap\GeoHeatmapSeriesOptions.min.js", "JavaScript", 0, 0, 0, 0, 0, 0, 0, 0, 0, 1, 1
"c:\Users\MSI SWORD 15 A12V\source\repos\SoftWhatsAppCRMDash\SoftWhatsAppCRMDash\wwwroot\lib\highcharts\es-modules\Series\GraphLayoutComposition.js", "JavaScript", 0, 77, 0, 0, 0, 0, 0, 0, 53, 1, 131
"c:\Users\MSI SWORD 15 A12V\source\repos\SoftWhatsAppCRMDash\SoftWhatsAppCRMDash\wwwroot\lib\highcharts\es-modules\Series\GraphLayoutComposition.min.js", "JavaScript", 0, 1, 0, 0, 0, 0, 0, 0, 0, 0, 1
"c:\Users\MSI SWORD 15 A12V\source\repos\SoftWhatsAppCRMDash\SoftWhatsAppCRMDash\wwwroot\lib\highcharts\es-modules\Series\HLC\HLCPoint.js", "JavaScript", 0, 6, 0, 0, 0, 0, 0, 0, 19, 1, 26
"c:\Users\MSI SWORD 15 A12V\source\repos\SoftWhatsAppCRMDash\SoftWhatsAppCRMDash\wwwroot\lib\highcharts\es-modules\Series\HLC\HLCPoint.min.js", "JavaScript", 0, 1, 0, 0, 0, 0, 0, 0, 0, 0, 1
"c:\Users\MSI SWORD 15 A12V\source\repos\SoftWhatsAppCRMDash\SoftWhatsAppCRMDash\wwwroot\lib\highcharts\es-modules\Series\HLC\HLCSeries.js", "JavaScript", 0, 99, 0, 0, 0, 0, 0, 0, 84, 1, 184
"c:\Users\MSI SWORD 15 A12V\source\repos\SoftWhatsAppCRMDash\SoftWhatsAppCRMDash\wwwroot\lib\highcharts\es-modules\Series\HLC\HLCSeries.min.js", "JavaScript", 0, 1, 0, 0, 0, 0, 0, 0, 0, 0, 1
"c:\Users\MSI SWORD 15 A12V\source\repos\SoftWhatsAppCRMDash\SoftWhatsAppCRMDash\wwwroot\lib\highcharts\es-modules\Series\HLC\HLCSeriesDefaults.js", "JavaScript", 0, 20, 0, 0, 0, 0, 0, 0, 165, 1, 186
"c:\Users\MSI SWORD 15 A12V\source\repos\SoftWhatsAppCRMDash\SoftWhatsAppCRMDash\wwwroot\lib\highcharts\es-modules\Series\HLC\HLCSeriesDefaults.min.js", "JavaScript", 0, 1, 0, 0, 0, 0, 0, 0, 0, 0, 1
"c:\Users\MSI SWORD 15 A12V\source\repos\SoftWhatsAppCRMDash\SoftWhatsAppCRMDash\wwwroot\lib\highcharts\es-modules\Series\Heatmap\HeatmapPoint.js", "JavaScript", 0, 72, 0, 0, 0, 0, 0, 0, 39, 1, 112
"c:\Users\MSI SWORD 15 A12V\source\repos\SoftWhatsAppCRMDash\SoftWhatsAppCRMDash\wwwroot\lib\highcharts\es-modules\Series\Heatmap\HeatmapPoint.min.js", "JavaScript", 0, 1, 0, 0, 0, 0, 0, 0, 0, 0, 1
"c:\Users\MSI SWORD 15 A12V\source\repos\SoftWhatsAppCRMDash\SoftWhatsAppCRMDash\wwwroot\lib\highcharts\es-modules\Series\Heatmap\HeatmapSeries.js", "JavaScript", 0, 211, 0, 0, 0, 0, 0, 0, 121, 1, 333
"c:\Users\MSI SWORD 15 A12V\source\repos\SoftWhatsAppCRMDash\SoftWhatsAppCRMDash\wwwroot\lib\highcharts\es-modules\Series\Heatmap\HeatmapSeries.min.js", "JavaScript", 0, 1, 0, 0, 0, 0, 0, 0, 0, 0, 1
"c:\Users\MSI SWORD 15 A12V\source\repos\SoftWhatsAppCRMDash\SoftWhatsAppCRMDash\wwwroot\lib\highcharts\es-modules\Series\Heatmap\HeatmapSeriesDefaults.js", "JavaScript", 0, 48, 0, 0, 0, 0, 0, 0, 591, 1, 640
"c:\Users\MSI SWORD 15 A12V\source\repos\SoftWhatsAppCRMDash\SoftWhatsAppCRMDash\wwwroot\lib\highcharts\es-modules\Series\Heatmap\HeatmapSeriesDefaults.min.js", "JavaScript", 0, 1, 0, 0, 0, 0, 0, 0, 0, 0, 1
"c:\Users\MSI SWORD 15 A12V\source\repos\SoftWhatsAppCRMDash\SoftWhatsAppCRMDash\wwwroot\lib\highcharts\es-modules\Series\HeikinAshi\HeikinAshiPoint.js", "JavaScript", 0, 7, 0, 0, 0, 0, 0, 0, 20, 1, 28
"c:\Users\MSI SWORD 15 A12V\source\repos\SoftWhatsAppCRMDash\SoftWhatsAppCRMDash\wwwroot\lib\highcharts\es-modules\Series\HeikinAshi\HeikinAshiPoint.min.js", "JavaScript", 0, 1, 0, 0, 0, 0, 0, 0, 0, 0, 1
"c:\Users\MSI SWORD 15 A12V\source\repos\SoftWhatsAppCRMDash\SoftWhatsAppCRMDash\wwwroot\lib\highcharts\es-modules\Series\HeikinAshi\HeikinAshiSeries.js", "JavaScript", 0, 80, 0, 0, 0, 0, 0, 0, 92, 1, 173
"c:\Users\MSI SWORD 15 A12V\source\repos\SoftWhatsAppCRMDash\SoftWhatsAppCRMDash\wwwroot\lib\highcharts\es-modules\Series\HeikinAshi\HeikinAshiSeries.min.js", "JavaScript", 0, 1, 0, 0, 0, 0, 0, 0, 0, 0, 1
"c:\Users\MSI SWORD 15 A12V\source\repos\SoftWhatsAppCRMDash\SoftWhatsAppCRMDash\wwwroot\lib\highcharts\es-modules\Series\HeikinAshi\HeikinAshiSeriesDefaults.js", "JavaScript", 0, 8, 0, 0, 0, 0, 0, 0, 94, 1, 103
"c:\Users\MSI SWORD 15 A12V\source\repos\SoftWhatsAppCRMDash\SoftWhatsAppCRMDash\wwwroot\lib\highcharts\es-modules\Series\HeikinAshi\HeikinAshiSeriesDefaults.min.js", "JavaScript", 0, 1, 0, 0, 0, 0, 0, 0, 0, 0, 1
"c:\Users\MSI SWORD 15 A12V\source\repos\SoftWhatsAppCRMDash\SoftWhatsAppCRMDash\wwwroot\lib\highcharts\es-modules\Series\Histogram\HistogramSeries.js", "JavaScript", 0, 90, 0, 0, 0, 0, 0, 0, 64, 1, 155
"c:\Users\MSI SWORD 15 A12V\source\repos\SoftWhatsAppCRMDash\SoftWhatsAppCRMDash\wwwroot\lib\highcharts\es-modules\Series\Histogram\HistogramSeries.min.js", "JavaScript", 0, 1, 0, 0, 0, 0, 0, 0, 0, 0, 1
"c:\Users\MSI SWORD 15 A12V\source\repos\SoftWhatsAppCRMDash\SoftWhatsAppCRMDash\wwwroot\lib\highcharts\es-modules\Series\Histogram\HistogramSeriesDefaults.js", "JavaScript", 0, 18, 0, 0, 0, 0, 0, 0, 71, 1, 90
"c:\Users\MSI SWORD 15 A12V\source\repos\SoftWhatsAppCRMDash\SoftWhatsAppCRMDash\wwwroot\lib\highcharts\es-modules\Series\Histogram\HistogramSeriesDefaults.min.js", "JavaScript", 0, 1, 0, 0, 0, 0, 0, 0, 0, 0, 1
"c:\Users\MSI SWORD 15 A12V\source\repos\SoftWhatsAppCRMDash\SoftWhatsAppCRMDash\wwwroot\lib\highcharts\es-modules\Series\HollowCandlestick\HollowCandlestickPoint.js", "JavaScript", 0, 14, 0, 0, 0, 0, 0, 0, 40, 1, 55
"c:\Users\MSI SWORD 15 A12V\source\repos\SoftWhatsAppCRMDash\SoftWhatsAppCRMDash\wwwroot\lib\highcharts\es-modules\Series\HollowCandlestick\HollowCandlestickPoint.min.js", "JavaScript", 0, 1, 0, 0, 0, 0, 0, 0, 0, 0, 1
"c:\Users\MSI SWORD 15 A12V\source\repos\SoftWhatsAppCRMDash\SoftWhatsAppCRMDash\wwwroot\lib\highcharts\es-modules\Series\HollowCandlestick\HollowCandlestickSeries.js", "JavaScript", 0, 94, 0, 0, 0, 0, 0, 0, 247, 1, 342
"c:\Users\MSI SWORD 15 A12V\source\repos\SoftWhatsAppCRMDash\SoftWhatsAppCRMDash\wwwroot\lib\highcharts\es-modules\Series\HollowCandlestick\HollowCandlestickSeries.min.js", "JavaScript", 0, 1, 0, 0, 0, 0, 0, 0, 0, 0, 1
"c:\Users\MSI SWORD 15 A12V\source\repos\SoftWhatsAppCRMDash\SoftWhatsAppCRMDash\wwwroot\lib\highcharts\es-modules\Series\InterpolationUtilities.js", "JavaScript", 0, 40, 0, 0, 0, 0, 0, 0, 32, 1, 73
"c:\Users\MSI SWORD 15 A12V\source\repos\SoftWhatsAppCRMDash\SoftWhatsAppCRMDash\wwwroot\lib\highcharts\es-modules\Series\InterpolationUtilities.min.js", "JavaScript", 0, 1, 0, 0, 0, 0, 0, 0, 0, 0, 1
"c:\Users\MSI SWORD 15 A12V\source\repos\SoftWhatsAppCRMDash\SoftWhatsAppCRMDash\wwwroot\lib\highcharts\es-modules\Series\Item\ItemPoint.js", "JavaScript", 0, 11, 0, 0, 0, 0, 0, 0, 21, 1, 33
"c:\Users\MSI SWORD 15 A12V\source\repos\SoftWhatsAppCRMDash\SoftWhatsAppCRMDash\wwwroot\lib\highcharts\es-modules\Series\Item\ItemPoint.min.js", "JavaScript", 0, 1, 0, 0, 0, 0, 0, 0, 0, 0, 1
"c:\Users\MSI SWORD 15 A12V\source\repos\SoftWhatsAppCRMDash\SoftWhatsAppCRMDash\wwwroot\lib\highcharts\es-modules\Series\Item\ItemSeries.js", "JavaScript", 0, 245, 0, 0, 0, 0, 0, 0, 92, 1, 338
"c:\Users\MSI SWORD 15 A12V\source\repos\SoftWhatsAppCRMDash\SoftWhatsAppCRMDash\wwwroot\lib\highcharts\es-modules\Series\Item\ItemSeries.min.js", "JavaScript", 0, 1, 0, 0, 0, 0, 0, 0, 0, 0, 1
"c:\Users\MSI SWORD 15 A12V\source\repos\SoftWhatsAppCRMDash\SoftWhatsAppCRMDash\wwwroot\lib\highcharts\es-modules\Series\Item\ItemSeriesDefaults.js", "JavaScript", 0, 19, 0, 0, 0, 0, 0, 0, 162, 1, 182
"c:\Users\MSI SWORD 15 A12V\source\repos\SoftWhatsAppCRMDash\SoftWhatsAppCRMDash\wwwroot\lib\highcharts\es-modules\Series\Item\ItemSeriesDefaults.min.js", "JavaScript", 0, 1, 0, 0, 0, 0, 0, 0, 0, 0, 1
"c:\Users\MSI SWORD 15 A12V\source\repos\SoftWhatsAppCRMDash\SoftWhatsAppCRMDash\wwwroot\lib\highcharts\es-modules\Series\Line\LineSeries.js", "JavaScript", 0, 155, 0, 0, 0, 0, 0, 0, 342, 1, 498
"c:\Users\MSI SWORD 15 A12V\source\repos\SoftWhatsAppCRMDash\SoftWhatsAppCRMDash\wwwroot\lib\highcharts\es-modules\Series\Line\LineSeries.min.js", "JavaScript", 0, 1, 0, 0, 0, 0, 0, 0, 0, 0, 1
"c:\Users\MSI SWORD 15 A12V\source\repos\SoftWhatsAppCRMDash\SoftWhatsAppCRMDash\wwwroot\lib\highcharts\es-modules\Series\Lollipop\LollipopPoint.js", "JavaScript", 0, 13, 0, 0, 0, 0, 0, 0, 19, 1, 33
"c:\Users\MSI SWORD 15 A12V\source\repos\SoftWhatsAppCRMDash\SoftWhatsAppCRMDash\wwwroot\lib\highcharts\es-modules\Series\Lollipop\LollipopPoint.min.js", "JavaScript", 0, 1, 0, 0, 0, 0, 0, 0, 0, 0, 1
"c:\Users\MSI SWORD 15 A12V\source\repos\SoftWhatsAppCRMDash\SoftWhatsAppCRMDash\wwwroot\lib\highcharts\es-modules\Series\Lollipop\LollipopSeries.js", "JavaScript", 0, 62, 0, 0, 0, 0, 0, 0, 175, 1, 238
"c:\Users\MSI SWORD 15 A12V\source\repos\SoftWhatsAppCRMDash\SoftWhatsAppCRMDash\wwwroot\lib\highcharts\es-modules\Series\Lollipop\LollipopSeries.min.js", "JavaScript", 0, 1, 0, 0, 0, 0, 0, 0, 0, 0, 1
"c:\Users\MSI SWORD 15 A12V\source\repos\SoftWhatsAppCRMDash\SoftWhatsAppCRMDash\wwwroot\lib\highcharts\es-modules\Series\MapBubble\MapBubblePoint.js", "JavaScript", 0, 16, 0, 0, 0, 0, 0, 0, 29, 1, 46
"c:\Users\MSI SWORD 15 A12V\source\repos\SoftWhatsAppCRMDash\SoftWhatsAppCRMDash\wwwroot\lib\highcharts\es-modules\Series\MapBubble\MapBubblePoint.min.js", "JavaScript", 0, 1, 0, 0, 0, 0, 0, 0, 0, 0, 1
"c:\Users\MSI SWORD 15 A12V\source\repos\SoftWhatsAppCRMDash\SoftWhatsAppCRMDash\wwwroot\lib\highcharts\es-modules\Series\MapBubble\MapBubbleSeries.js", "JavaScript", 0, 51, 0, 0, 0, 0, 0, 0, 272, 1, 324
"c:\Users\MSI SWORD 15 A12V\source\repos\SoftWhatsAppCRMDash\SoftWhatsAppCRMDash\wwwroot\lib\highcharts\es-modules\Series\MapBubble\MapBubbleSeries.min.js", "JavaScript", 0, 1, 0, 0, 0, 0, 0, 0, 0, 0, 1
"c:\Users\MSI SWORD 15 A12V\source\repos\SoftWhatsAppCRMDash\SoftWhatsAppCRMDash\wwwroot\lib\highcharts\es-modules\Series\MapLine\MapLineSeries.js", "JavaScript", 0, 24, 0, 0, 0, 0, 0, 0, 43, 1, 68
"c:\Users\MSI SWORD 15 A12V\source\repos\SoftWhatsAppCRMDash\SoftWhatsAppCRMDash\wwwroot\lib\highcharts\es-modules\Series\MapLine\MapLineSeries.min.js", "JavaScript", 0, 1, 0, 0, 0, 0, 0, 0, 0, 0, 1
"c:\Users\MSI SWORD 15 A12V\source\repos\SoftWhatsAppCRMDash\SoftWhatsAppCRMDash\wwwroot\lib\highcharts\es-modules\Series\MapLine\MapLineSeriesDefaults.js", "JavaScript", 0, 8, 0, 0, 0, 0, 0, 0, 128, 1, 137
"c:\Users\MSI SWORD 15 A12V\source\repos\SoftWhatsAppCRMDash\SoftWhatsAppCRMDash\wwwroot\lib\highcharts\es-modules\Series\MapLine\MapLineSeriesDefaults.min.js", "JavaScript", 0, 1, 0, 0, 0, 0, 0, 0, 0, 0, 1
"c:\Users\MSI SWORD 15 A12V\source\repos\SoftWhatsAppCRMDash\SoftWhatsAppCRMDash\wwwroot\lib\highcharts\es-modules\Series\MapPoint\MapPointPoint.js", "JavaScript", 0, 13, 0, 0, 0, 0, 0, 0, 24, 1, 38
"c:\Users\MSI SWORD 15 A12V\source\repos\SoftWhatsAppCRMDash\SoftWhatsAppCRMDash\wwwroot\lib\highcharts\es-modules\Series\MapPoint\MapPointPoint.min.js", "JavaScript", 0, 1, 0, 0, 0, 0, 0, 0, 0, 0, 1
"c:\Users\MSI SWORD 15 A12V\source\repos\SoftWhatsAppCRMDash\SoftWhatsAppCRMDash\wwwroot\lib\highcharts\es-modules\Series\MapPoint\MapPointSeries.js", "JavaScript", 0, 133, 0, 0, 0, 0, 0, 0, 64, 1, 198
"c:\Users\MSI SWORD 15 A12V\source\repos\SoftWhatsAppCRMDash\SoftWhatsAppCRMDash\wwwroot\lib\highcharts\es-modules\Series\MapPoint\MapPointSeries.min.js", "JavaScript", 0, 1, 0, 0, 0, 0, 0, 0, 0, 0, 1
"c:\Users\MSI SWORD 15 A12V\source\repos\SoftWhatsAppCRMDash\SoftWhatsAppCRMDash\wwwroot\lib\highcharts\es-modules\Series\MapPoint\MapPointSeriesDefaults.js", "JavaScript", 0, 18, 0, 0, 0, 0, 0, 0, 186, 1, 205
"c:\Users\MSI SWORD 15 A12V\source\repos\SoftWhatsAppCRMDash\SoftWhatsAppCRMDash\wwwroot\lib\highcharts\es-modules\Series\MapPoint\MapPointSeriesDefaults.min.js", "JavaScript", 0, 1, 0, 0, 0, 0, 0, 0, 0, 0, 1
"c:\Users\MSI SWORD 15 A12V\source\repos\SoftWhatsAppCRMDash\SoftWhatsAppCRMDash\wwwroot\lib\highcharts\es-modules\Series\Map\MapPoint.js", "JavaScript", 0, 121, 0, 0, 0, 0, 0, 0, 71, 1, 193
"c:\Users\MSI SWORD 15 A12V\source\repos\SoftWhatsAppCRMDash\SoftWhatsAppCRMDash\wwwroot\lib\highcharts\es-modules\Series\Map\MapPoint.min.js", "JavaScript", 0, 1, 0, 0, 0, 0, 0, 0, 0, 0, 1
"c:\Users\MSI SWORD 15 A12V\source\repos\SoftWhatsAppCRMDash\SoftWhatsAppCRMDash\wwwroot\lib\highcharts\es-modules\Series\Map\MapSeries.js", "JavaScript", 0, 529, 0, 0, 0, 0, 0, 0, 190, 1, 720
"c:\Users\MSI SWORD 15 A12V\source\repos\SoftWhatsAppCRMDash\SoftWhatsAppCRMDash\wwwroot\lib\highcharts\es-modules\Series\Map\MapSeries.min.js", "JavaScript", 0, 1, 0, 0, 0, 0, 0, 0, 0, 0, 1
"c:\Users\MSI SWORD 15 A12V\source\repos\SoftWhatsAppCRMDash\SoftWhatsAppCRMDash\wwwroot\lib\highcharts\es-modules\Series\Map\MapSeriesDefaults.js", "JavaScript", 0, 49, 0, 0, 0, 0, 0, 0, 508, 1, 558
"c:\Users\MSI SWORD 15 A12V\source\repos\SoftWhatsAppCRMDash\SoftWhatsAppCRMDash\wwwroot\lib\highcharts\es-modules\Series\Map\MapSeriesDefaults.min.js", "JavaScript", 0, 1, 0, 0, 0, 0, 0, 0, 0, 0, 1
"c:\Users\MSI SWORD 15 A12V\source\repos\SoftWhatsAppCRMDash\SoftWhatsAppCRMDash\wwwroot\lib\highcharts\es-modules\Series\Networkgraph\EulerIntegration.js", "JavaScript", 0, 71, 0, 0, 0, 0, 0, 0, 127, 1, 199
"c:\Users\MSI SWORD 15 A12V\source\repos\SoftWhatsAppCRMDash\SoftWhatsAppCRMDash\wwwroot\lib\highcharts\es-modules\Series\Networkgraph\EulerIntegration.min.js", "JavaScript", 0, 1, 0, 0, 0, 0, 0, 0, 0, 0, 1
"c:\Users\MSI SWORD 15 A12V\source\repos\SoftWhatsAppCRMDash\SoftWhatsAppCRMDash\wwwroot\lib\highcharts\es-modules\Series\Networkgraph\NetworkgraphPoint.js", "JavaScript", 0, 158, 0, 0, 0, 0, 0, 0, 113, 1, 272
"c:\Users\MSI SWORD 15 A12V\source\repos\SoftWhatsAppCRMDash\SoftWhatsAppCRMDash\wwwroot\lib\highcharts\es-modules\Series\Networkgraph\NetworkgraphPoint.min.js", "JavaScript", 0, 1, 0, 0, 0, 0, 0, 0, 0, 0, 1
"c:\Users\MSI SWORD 15 A12V\source\repos\SoftWhatsAppCRMDash\SoftWhatsAppCRMDash\wwwroot\lib\highcharts\es-modules\Series\Networkgraph\NetworkgraphSeries.js", "JavaScript", 0, 231, 0, 0, 0, 0, 0, 0, 145, 1, 377
"c:\Users\MSI SWORD 15 A12V\source\repos\SoftWhatsAppCRMDash\SoftWhatsAppCRMDash\wwwroot\lib\highcharts\es-modules\Series\Networkgraph\NetworkgraphSeries.min.js", "JavaScript", 0, 1, 0, 0, 0, 0, 0, 0, 0, 0, 1
"c:\Users\MSI SWORD 15 A12V\source\repos\SoftWhatsAppCRMDash\SoftWhatsAppCRMDash\wwwroot\lib\highcharts\es-modules\Series\Networkgraph\NetworkgraphSeriesDefaults.js", "JavaScript", 0, 68, 0, 0, 0, 0, 0, 0, 495, 1, 564
"c:\Users\MSI SWORD 15 A12V\source\repos\SoftWhatsAppCRMDash\SoftWhatsAppCRMDash\wwwroot\lib\highcharts\es-modules\Series\Networkgraph\NetworkgraphSeriesDefaults.min.js", "JavaScript", 0, 1, 0, 0, 0, 0, 0, 0, 0, 0, 1
"c:\Users\MSI SWORD 15 A12V\source\repos\SoftWhatsAppCRMDash\SoftWhatsAppCRMDash\wwwroot\lib\highcharts\es-modules\Series\Networkgraph\QuadTree.js", "JavaScript", 0, 62, 0, 0, 0, 0, 0, 0, 81, 1, 144
"c:\Users\MSI SWORD 15 A12V\source\repos\SoftWhatsAppCRMDash\SoftWhatsAppCRMDash\wwwroot\lib\highcharts\es-modules\Series\Networkgraph\QuadTree.min.js", "JavaScript", 0, 1, 0, 0, 0, 0, 0, 0, 0, 0, 1
"c:\Users\MSI SWORD 15 A12V\source\repos\SoftWhatsAppCRMDash\SoftWhatsAppCRMDash\wwwroot\lib\highcharts\es-modules\Series\Networkgraph\QuadTreeNode.js", "JavaScript", 0, 119, 0, 0, 0, 0, 0, 0, 150, 1, 270
"c:\Users\MSI SWORD 15 A12V\source\repos\SoftWhatsAppCRMDash\SoftWhatsAppCRMDash\wwwroot\lib\highcharts\es-modules\Series\Networkgraph\QuadTreeNode.min.js", "JavaScript", 0, 1, 0, 0, 0, 0, 0, 0, 0, 0, 1
"c:\Users\MSI SWORD 15 A12V\source\repos\SoftWhatsAppCRMDash\SoftWhatsAppCRMDash\wwwroot\lib\highcharts\es-modules\Series\Networkgraph\ReingoldFruchtermanLayout.js", "JavaScript", 0, 385, 0, 0, 0, 0, 0, 0, 124, 1, 510
"c:\Users\MSI SWORD 15 A12V\source\repos\SoftWhatsAppCRMDash\SoftWhatsAppCRMDash\wwwroot\lib\highcharts\es-modules\Series\Networkgraph\ReingoldFruchtermanLayout.min.js", "JavaScript", 0, 1, 0, 0, 0, 0, 0, 0, 0, 0, 1
"c:\Users\MSI SWORD 15 A12V\source\repos\SoftWhatsAppCRMDash\SoftWhatsAppCRMDash\wwwroot\lib\highcharts\es-modules\Series\Networkgraph\VerletIntegration.js", "JavaScript", 0, 71, 0, 0, 0, 0, 0, 0, 118, 1, 190
"c:\Users\MSI SWORD 15 A12V\source\repos\SoftWhatsAppCRMDash\SoftWhatsAppCRMDash\wwwroot\lib\highcharts\es-modules\Series\Networkgraph\VerletIntegration.min.js", "JavaScript", 0, 1, 0, 0, 0, 0, 0, 0, 0, 0, 1
"c:\Users\MSI SWORD 15 A12V\source\repos\SoftWhatsAppCRMDash\SoftWhatsAppCRMDash\wwwroot\lib\highcharts\es-modules\Series\NodesComposition.js", "JavaScript", 0, 182, 0, 0, 0, 0, 0, 0, 82, 1, 265
"c:\Users\MSI SWORD 15 A12V\source\repos\SoftWhatsAppCRMDash\SoftWhatsAppCRMDash\wwwroot\lib\highcharts\es-modules\Series\NodesComposition.min.js", "JavaScript", 0, 1, 0, 0, 0, 0, 0, 0, 0, 0, 1
"c:\Users\MSI SWORD 15 A12V\source\repos\SoftWhatsAppCRMDash\SoftWhatsAppCRMDash\wwwroot\lib\highcharts\es-modules\Series\OHLC\OHLCPoint.js", "JavaScript", 0, 37, 0, 0, 0, 0, 0, 0, 51, 1, 89
"c:\Users\MSI SWORD 15 A12V\source\repos\SoftWhatsAppCRMDash\SoftWhatsAppCRMDash\wwwroot\lib\highcharts\es-modules\Series\OHLC\OHLCPoint.min.js", "JavaScript", 0, 1, 0, 0, 0, 0, 0, 0, 0, 0, 1
"c:\Users\MSI SWORD 15 A12V\source\repos\SoftWhatsAppCRMDash\SoftWhatsAppCRMDash\wwwroot\lib\highcharts\es-modules\Series\OHLC\OHLCSeries.js", "JavaScript", 0, 65, 0, 0, 0, 0, 0, 0, 62, 1, 128
"c:\Users\MSI SWORD 15 A12V\source\repos\SoftWhatsAppCRMDash\SoftWhatsAppCRMDash\wwwroot\lib\highcharts\es-modules\Series\OHLC\OHLCSeries.min.js", "JavaScript", 0, 1, 0, 0, 0, 0, 0, 0, 0, 0, 1
"c:\Users\MSI SWORD 15 A12V\source\repos\SoftWhatsAppCRMDash\SoftWhatsAppCRMDash\wwwroot\lib\highcharts\es-modules\Series\OHLC\OHLCSeriesDefaults.js", "JavaScript", 0, 13, 0, 0, 0, 0, 0, 0, 139, 1, 153
"c:\Users\MSI SWORD 15 A12V\source\repos\SoftWhatsAppCRMDash\SoftWhatsAppCRMDash\wwwroot\lib\highcharts\es-modules\Series\OHLC\OHLCSeriesDefaults.min.js", "JavaScript", 0, 1, 0, 0, 0, 0, 0, 0, 0, 0, 1
"c:\Users\MSI SWORD 15 A12V\source\repos\SoftWhatsAppCRMDash\SoftWhatsAppCRMDash\wwwroot\lib\highcharts\es-modules\Series\OnSeriesComposition.js", "JavaScript", 0, 149, 0, 0, 0, 0, 0, 0, 63, 1, 213
"c:\Users\MSI SWORD 15 A12V\source\repos\SoftWhatsAppCRMDash\SoftWhatsAppCRMDash\wwwroot\lib\highcharts\es-modules\Series\OnSeriesComposition.min.js", "JavaScript", 0, 1, 0, 0, 0, 0, 0, 0, 0, 0, 1
"c:\Users\MSI SWORD 15 A12V\source\repos\SoftWhatsAppCRMDash\SoftWhatsAppCRMDash\wwwroot\lib\highcharts\es-modules\Series\Organization\OrganizationPoint.js", "JavaScript", 0, 60, 0, 0, 0, 0, 0, 0, 55, 1, 116
"c:\Users\MSI SWORD 15 A12V\source\repos\SoftWhatsAppCRMDash\SoftWhatsAppCRMDash\wwwroot\lib\highcharts\es-modules\Series\Organization\OrganizationPoint.min.js", "JavaScript", 0, 1, 0, 0, 0, 0, 0, 0, 0, 0, 1
"c:\Users\MSI SWORD 15 A12V\source\repos\SoftWhatsAppCRMDash\SoftWhatsAppCRMDash\wwwroot\lib\highcharts\es-modules\Series\Organization\OrganizationSeries.js", "JavaScript", 0, 208, 0, 0, 0, 0, 0, 0, 75, 1, 284
"c:\Users\MSI SWORD 15 A12V\source\repos\SoftWhatsAppCRMDash\SoftWhatsAppCRMDash\wwwroot\lib\highcharts\es-modules\Series\Organization\OrganizationSeries.min.js", "JavaScript", 0, 1, 0, 0, 0, 0, 0, 0, 0, 0, 1
"c:\Users\MSI SWORD 15 A12V\source\repos\SoftWhatsAppCRMDash\SoftWhatsAppCRMDash\wwwroot\lib\highcharts\es-modules\Series\Organization\OrganizationSeriesDefaults.js", "JavaScript", 0, 98, 0, 0, 0, 0, 0, 0, 373, 1, 472
"c:\Users\MSI SWORD 15 A12V\source\repos\SoftWhatsAppCRMDash\SoftWhatsAppCRMDash\wwwroot\lib\highcharts\es-modules\Series\Organization\OrganizationSeriesDefaults.min.js", "JavaScript", 0, 1, 0, 0, 0, 0, 0, 0, 0, 0, 1
"c:\Users\MSI SWORD 15 A12V\source\repos\SoftWhatsAppCRMDash\SoftWhatsAppCRMDash\wwwroot\lib\highcharts\es-modules\Series\PackedBubble\PackedBubbleIntegration.js", "JavaScript", 0, 52, 0, 0, 0, 0, 0, 0, 28, 1, 81
"c:\Users\MSI SWORD 15 A12V\source\repos\SoftWhatsAppCRMDash\SoftWhatsAppCRMDash\wwwroot\lib\highcharts\es-modules\Series\PackedBubble\PackedBubbleIntegration.min.js", "JavaScript", 0, 1, 0, 0, 0, 0, 0, 0, 0, 0, 1
"c:\Users\MSI SWORD 15 A12V\source\repos\SoftWhatsAppCRMDash\SoftWhatsAppCRMDash\wwwroot\lib\highcharts\es-modules\Series\PackedBubble\PackedBubbleLayout.js", "JavaScript", 0, 126, 0, 0, 0, 0, 0, 0, 54, 1, 181
"c:\Users\MSI SWORD 15 A12V\source\repos\SoftWhatsAppCRMDash\SoftWhatsAppCRMDash\wwwroot\lib\highcharts\es-modules\Series\PackedBubble\PackedBubbleLayout.min.js", "JavaScript", 0, 1, 0, 0, 0, 0, 0, 0, 0, 0, 1
"c:\Users\MSI SWORD 15 A12V\source\repos\SoftWhatsAppCRMDash\SoftWhatsAppCRMDash\wwwroot\lib\highcharts\es-modules\Series\PackedBubble\PackedBubblePoint.js", "JavaScript", 0, 37, 0, 0, 0, 0, 0, 0, 30, 1, 68
"c:\Users\MSI SWORD 15 A12V\source\repos\SoftWhatsAppCRMDash\SoftWhatsAppCRMDash\wwwroot\lib\highcharts\es-modules\Series\PackedBubble\PackedBubblePoint.min.js", "JavaScript", 0, 1, 0, 0, 0, 0, 0, 0, 0, 0, 1
"c:\Users\MSI SWORD 15 A12V\source\repos\SoftWhatsAppCRMDash\SoftWhatsAppCRMDash\wwwroot\lib\highcharts\es-modules\Series\PackedBubble\PackedBubbleSeries.js", "JavaScript", 0, 605, 0, 0, 0, 0, 0, 0, 228, 1, 834
"c:\Users\MSI SWORD 15 A12V\source\repos\SoftWhatsAppCRMDash\SoftWhatsAppCRMDash\wwwroot\lib\highcharts\es-modules\Series\PackedBubble\PackedBubbleSeries.min.js", "JavaScript", 0, 1, 0, 0, 0, 0, 0, 0, 0, 0, 1
"c:\Users\MSI SWORD 15 A12V\source\repos\SoftWhatsAppCRMDash\SoftWhatsAppCRMDash\wwwroot\lib\highcharts\es-modules\Series\PackedBubble\PackedBubbleSeriesDefaults.js", "JavaScript", 0, 66, 0, 0, 0, 0, 0, 0, 327, 1, 394
"c:\Users\MSI SWORD 15 A12V\source\repos\SoftWhatsAppCRMDash\SoftWhatsAppCRMDash\wwwroot\lib\highcharts\es-modules\Series\PackedBubble\PackedBubbleSeriesDefaults.min.js", "JavaScript", 0, 1, 0, 0, 0, 0, 0, 0, 0, 0, 1
"c:\Users\MSI SWORD 15 A12V\source\repos\SoftWhatsAppCRMDash\SoftWhatsAppCRMDash\wwwroot\lib\highcharts\es-modules\Series\ParetoSeries\ParetoSeries.js", "JavaScript", 0, 41, 0, 0, 0, 0, 0, 0, 68, 1, 110
"c:\Users\MSI SWORD 15 A12V\source\repos\SoftWhatsAppCRMDash\SoftWhatsAppCRMDash\wwwroot\lib\highcharts\es-modules\Series\ParetoSeries\ParetoSeries.min.js", "JavaScript", 0, 1, 0, 0, 0, 0, 0, 0, 0, 0, 1
"c:\Users\MSI SWORD 15 A12V\source\repos\SoftWhatsAppCRMDash\SoftWhatsAppCRMDash\wwwroot\lib\highcharts\es-modules\Series\ParetoSeries\ParetoSeriesDefaults.js", "JavaScript", 0, 6, 0, 0, 0, 0, 0, 0, 73, 1, 80
"c:\Users\MSI SWORD 15 A12V\source\repos\SoftWhatsAppCRMDash\SoftWhatsAppCRMDash\wwwroot\lib\highcharts\es-modules\Series\ParetoSeries\ParetoSeriesDefaults.min.js", "JavaScript", 0, 1, 0, 0, 0, 0, 0, 0, 0, 0, 1
"c:\Users\MSI SWORD 15 A12V\source\repos\SoftWhatsAppCRMDash\SoftWhatsAppCRMDash\wwwroot\lib\highcharts\es-modules\Series\PathUtilities.js", "JavaScript", 0, 111, 0, 0, 0, 0, 0, 0, 26, 1, 138
"c:\Users\MSI SWORD 15 A12V\source\repos\SoftWhatsAppCRMDash\SoftWhatsAppCRMDash\wwwroot\lib\highcharts\es-modules\Series\PathUtilities.min.js", "JavaScript", 0, 1, 0, 0, 0, 0, 0, 0, 0, 0, 1
"c:\Users\MSI SWORD 15 A12V\source\repos\SoftWhatsAppCRMDash\SoftWhatsAppCRMDash\wwwroot\lib\highcharts\es-modules\Series\Pictorial\PictorialPoint.js", "JavaScript", 0, 17, 0, 0, 0, 0, 0, 0, 24, 1, 42
"c:\Users\MSI SWORD 15 A12V\source\repos\SoftWhatsAppCRMDash\SoftWhatsAppCRMDash\wwwroot\lib\highcharts\es-modules\Series\Pictorial\PictorialPoint.min.js", "JavaScript", 0, 1, 0, 0, 0, 0, 0, 0, 0, 0, 1
"c:\Users\MSI SWORD 15 A12V\source\repos\SoftWhatsAppCRMDash\SoftWhatsAppCRMDash\wwwroot\lib\highcharts\es-modules\Series\Pictorial\PictorialSeries.js", "JavaScript", 0, 258, 0, 0, 0, 0, 0, 0, 265, 1, 524
"c:\Users\MSI SWORD 15 A12V\source\repos\SoftWhatsAppCRMDash\SoftWhatsAppCRMDash\wwwroot\lib\highcharts\es-modules\Series\Pictorial\PictorialSeries.min.js", "JavaScript", 0, 1, 0, 0, 0, 0, 0, 0, 0, 0, 1
"c:\Users\MSI SWORD 15 A12V\source\repos\SoftWhatsAppCRMDash\SoftWhatsAppCRMDash\wwwroot\lib\highcharts\es-modules\Series\Pictorial\PictorialUtilities.js", "JavaScript", 0, 47, 0, 0, 0, 0, 0, 0, 21, 1, 69
"c:\Users\MSI SWORD 15 A12V\source\repos\SoftWhatsAppCRMDash\SoftWhatsAppCRMDash\wwwroot\lib\highcharts\es-modules\Series\Pictorial\PictorialUtilities.min.js", "JavaScript", 0, 1, 0, 0, 0, 0, 0, 0, 0, 0, 1
"c:\Users\MSI SWORD 15 A12V\source\repos\SoftWhatsAppCRMDash\SoftWhatsAppCRMDash\wwwroot\lib\highcharts\es-modules\Series\Pie3D\Pie3DPoint.js", "JavaScript", 0, 10, 0, 0, 0, 0, 0, 0, 29, 1, 40
"c:\Users\MSI SWORD 15 A12V\source\repos\SoftWhatsAppCRMDash\SoftWhatsAppCRMDash\wwwroot\lib\highcharts\es-modules\Series\Pie3D\Pie3DPoint.min.js", "JavaScript", 0, 1, 0, 0, 0, 0, 0, 0, 0, 0, 1
"c:\Users\MSI SWORD 15 A12V\source\repos\SoftWhatsAppCRMDash\SoftWhatsAppCRMDash\wwwroot\lib\highcharts\es-modules\Series\Pie3D\Pie3DSeries.js", "JavaScript", 0, 138, 0, 0, 0, 0, 0, 0, 72, 1, 211
"c:\Users\MSI SWORD 15 A12V\source\repos\SoftWhatsAppCRMDash\SoftWhatsAppCRMDash\wwwroot\lib\highcharts\es-modules\Series\Pie3D\Pie3DSeries.min.js", "JavaScript", 0, 1, 0, 0, 0, 0, 0, 0, 0, 0, 1
"c:\Users\MSI SWORD 15 A12V\source\repos\SoftWhatsAppCRMDash\SoftWhatsAppCRMDash\wwwroot\lib\highcharts\es-modules\Series\Pie\PieDataLabel.js", "JavaScript", 0, 360, 0, 0, 0, 0, 0, 0, 147, 1, 508
"c:\Users\MSI SWORD 15 A12V\source\repos\SoftWhatsAppCRMDash\SoftWhatsAppCRMDash\wwwroot\lib\highcharts\es-modules\Series\Pie\PieDataLabel.min.js", "JavaScript", 0, 1, 0, 0, 0, 0, 0, 0, 0, 0, 1
"c:\Users\MSI SWORD 15 A12V\source\repos\SoftWhatsAppCRMDash\SoftWhatsAppCRMDash\wwwroot\lib\highcharts\es-modules\Series\Pie\PiePoint.js", "JavaScript", 0, 121, 0, 0, 0, 0, 0, 0, 96, 1, 218
"c:\Users\MSI SWORD 15 A12V\source\repos\SoftWhatsAppCRMDash\SoftWhatsAppCRMDash\wwwroot\lib\highcharts\es-modules\Series\Pie\PiePoint.min.js", "JavaScript", 0, 1, 0, 0, 0, 0, 0, 0, 0, 0, 1
"c:\Users\MSI SWORD 15 A12V\source\repos\SoftWhatsAppCRMDash\SoftWhatsAppCRMDash\wwwroot\lib\highcharts\es-modules\Series\Pie\PieSeries.js", "JavaScript", 0, 246, 0, 0, 0, 0, 0, 0, 119, 1, 366
"c:\Users\MSI SWORD 15 A12V\source\repos\SoftWhatsAppCRMDash\SoftWhatsAppCRMDash\wwwroot\lib\highcharts\es-modules\Series\Pie\PieSeries.min.js", "JavaScript", 0, 1, 0, 0, 0, 0, 0, 0, 0, 0, 1
"c:\Users\MSI SWORD 15 A12V\source\repos\SoftWhatsAppCRMDash\SoftWhatsAppCRMDash\wwwroot\lib\highcharts\es-modules\Series\Pie\PieSeriesDefaults.js", "JavaScript", 0, 41, 0, 0, 0, 0, 0, 0, 634, 1, 676
"c:\Users\MSI SWORD 15 A12V\source\repos\SoftWhatsAppCRMDash\SoftWhatsAppCRMDash\wwwroot\lib\highcharts\es-modules\Series\Pie\PieSeriesDefaults.min.js", "JavaScript", 0, 1, 0, 0, 0, 0, 0, 0, 0, 0, 1
"c:\Users\MSI SWORD 15 A12V\source\repos\SoftWhatsAppCRMDash\SoftWhatsAppCRMDash\wwwroot\lib\highcharts\es-modules\Series\PointAndFigure\PointAndFigurePoint.js", "JavaScript", 0, 22, 0, 0, 0, 0, 0, 0, 38, 1, 61
"c:\Users\MSI SWORD 15 A12V\source\repos\SoftWhatsAppCRMDash\SoftWhatsAppCRMDash\wwwroot\lib\highcharts\es-modules\Series\PointAndFigure\PointAndFigurePoint.min.js", "JavaScript", 0, 1, 0, 0, 0, 0, 0, 0, 0, 0, 1
"c:\Users\MSI SWORD 15 A12V\source\repos\SoftWhatsAppCRMDash\SoftWhatsAppCRMDash\wwwroot\lib\highcharts\es-modules\Series\PointAndFigure\PointAndFigureSeries.js", "JavaScript", 0, 144, 0, 0, 0, 0, 0, 0, 72, 1, 217
"c:\Users\MSI SWORD 15 A12V\source\repos\SoftWhatsAppCRMDash\SoftWhatsAppCRMDash\wwwroot\lib\highcharts\es-modules\Series\PointAndFigure\PointAndFigureSeries.min.js", "JavaScript", 0, 1, 0, 0, 0, 0, 0, 0, 0, 0, 1
"c:\Users\MSI SWORD 15 A12V\source\repos\SoftWhatsAppCRMDash\SoftWhatsAppCRMDash\wwwroot\lib\highcharts\es-modules\Series\PointAndFigure\PointAndFigureSeriesDefaults.js", "JavaScript", 0, 32, 0, 0, 0, 0, 0, 0, 109, 1, 142
"c:\Users\MSI SWORD 15 A12V\source\repos\SoftWhatsAppCRMDash\SoftWhatsAppCRMDash\wwwroot\lib\highcharts\es-modules\Series\PointAndFigure\PointAndFigureSeriesDefaults.min.js", "JavaScript", 0, 1, 0, 0, 0, 0, 0, 0, 0, 0, 1
"c:\Users\MSI SWORD 15 A12V\source\repos\SoftWhatsAppCRMDash\SoftWhatsAppCRMDash\wwwroot\lib\highcharts\es-modules\Series\PointAndFigure\PointAndFigureSymbols.js", "JavaScript", 0, 27, 0, 0, 0, 0, 0, 0, 34, 1, 62
"c:\Users\MSI SWORD 15 A12V\source\repos\SoftWhatsAppCRMDash\SoftWhatsAppCRMDash\wwwroot\lib\highcharts\es-modules\Series\PointAndFigure\PointAndFigureSymbols.min.js", "JavaScript", 0, 1, 0, 0, 0, 0, 0, 0, 0, 0, 1
"c:\Users\MSI SWORD 15 A12V\source\repos\SoftWhatsAppCRMDash\SoftWhatsAppCRMDash\wwwroot\lib\highcharts\es-modules\Series\PolarComposition.js", "JavaScript", 0, 770, 0, 0, 0, 0, 0, 0, 261, 1, 1032
"c:\Users\MSI SWORD 15 A12V\source\repos\SoftWhatsAppCRMDash\SoftWhatsAppCRMDash\wwwroot\lib\highcharts\es-modules\Series\PolarComposition.min.js", "JavaScript", 0, 1, 0, 0, 0, 0, 0, 0, 0, 0, 1
"c:\Users\MSI SWORD 15 A12V\source\repos\SoftWhatsAppCRMDash\SoftWhatsAppCRMDash\wwwroot\lib\highcharts\es-modules\Series\Polygon\PolygonSeries.js", "JavaScript", 0, 33, 0, 0, 0, 0, 0, 0, 31, 1, 65
"c:\Users\MSI SWORD 15 A12V\source\repos\SoftWhatsAppCRMDash\SoftWhatsAppCRMDash\wwwroot\lib\highcharts\es-modules\Series\Polygon\PolygonSeries.min.js", "JavaScript", 0, 1, 0, 0, 0, 0, 0, 0, 0, 0, 1
"c:\Users\MSI SWORD 15 A12V\source\repos\SoftWhatsAppCRMDash\SoftWhatsAppCRMDash\wwwroot\lib\highcharts\es-modules\Series\Polygon\PolygonSeriesDefaults.js", "JavaScript", 0, 20, 0, 0, 0, 0, 0, 0, 106, 1, 127
"c:\Users\MSI SWORD 15 A12V\source\repos\SoftWhatsAppCRMDash\SoftWhatsAppCRMDash\wwwroot\lib\highcharts\es-modules\Series\Polygon\PolygonSeriesDefaults.min.js", "JavaScript", 0, 1, 0, 0, 0, 0, 0, 0, 0, 0, 1
"c:\Users\MSI SWORD 15 A12V\source\repos\SoftWhatsAppCRMDash\SoftWhatsAppCRMDash\wwwroot\lib\highcharts\es-modules\Series\Pyramid3D\Pyramid3DSeries.js", "JavaScript", 0, 11, 0, 0, 0, 0, 0, 0, 39, 1, 51
"c:\Users\MSI SWORD 15 A12V\source\repos\SoftWhatsAppCRMDash\SoftWhatsAppCRMDash\wwwroot\lib\highcharts\es-modules\Series\Pyramid3D\Pyramid3DSeries.min.js", "JavaScript", 0, 1, 0, 0, 0, 0, 0, 0, 0, 0, 1
"c:\Users\MSI SWORD 15 A12V\source\repos\SoftWhatsAppCRMDash\SoftWhatsAppCRMDash\wwwroot\lib\highcharts\es-modules\Series\Pyramid3D\Pyramid3DSeriesDefaults.js", "JavaScript", 0, 11, 0, 0, 0, 0, 0, 0, 109, 1, 121
"c:\Users\MSI SWORD 15 A12V\source\repos\SoftWhatsAppCRMDash\SoftWhatsAppCRMDash\wwwroot\lib\highcharts\es-modules\Series\Pyramid3D\Pyramid3DSeriesDefaults.min.js", "JavaScript", 0, 1, 0, 0, 0, 0, 0, 0, 0, 0, 1
"c:\Users\MSI SWORD 15 A12V\source\repos\SoftWhatsAppCRMDash\SoftWhatsAppCRMDash\wwwroot\lib\highcharts\es-modules\Series\Pyramid\PyramidSeries.js", "JavaScript", 0, 11, 0, 0, 0, 0, 0, 0, 47, 1, 59
"c:\Users\MSI SWORD 15 A12V\source\repos\SoftWhatsAppCRMDash\SoftWhatsAppCRMDash\wwwroot\lib\highcharts\es-modules\Series\Pyramid\PyramidSeries.min.js", "JavaScript", 0, 1, 0, 0, 0, 0, 0, 0, 0, 0, 1
"c:\Users\MSI SWORD 15 A12V\source\repos\SoftWhatsAppCRMDash\SoftWhatsAppCRMDash\wwwroot\lib\highcharts\es-modules\Series\Pyramid\PyramidSeriesDefaults.js", "JavaScript", 0, 8, 0, 0, 0, 0, 0, 0, 88, 1, 97
"c:\Users\MSI SWORD 15 A12V\source\repos\SoftWhatsAppCRMDash\SoftWhatsAppCRMDash\wwwroot\lib\highcharts\es-modules\Series\Pyramid\PyramidSeriesDefaults.min.js", "JavaScript", 0, 1, 0, 0, 0, 0, 0, 0, 0, 0, 1
"c:\Users\MSI SWORD 15 A12V\source\repos\SoftWhatsAppCRMDash\SoftWhatsAppCRMDash\wwwroot\lib\highcharts\es-modules\Series\Renko\RenkoPoint.js", "JavaScript", 0, 10, 0, 0, 0, 0, 0, 0, 19, 1, 30
"c:\Users\MSI SWORD 15 A12V\source\repos\SoftWhatsAppCRMDash\SoftWhatsAppCRMDash\wwwroot\lib\highcharts\es-modules\Series\Renko\RenkoPoint.min.js", "JavaScript", 0, 1, 0, 0, 0, 0, 0, 0, 0, 0, 1
"c:\Users\MSI SWORD 15 A12V\source\repos\SoftWhatsAppCRMDash\SoftWhatsAppCRMDash\wwwroot\lib\highcharts\es-modules\Series\Renko\RenkoSeries.js", "JavaScript", 0, 108, 0, 0, 0, 0, 0, 0, 40, 1, 149
"c:\Users\MSI SWORD 15 A12V\source\repos\SoftWhatsAppCRMDash\SoftWhatsAppCRMDash\wwwroot\lib\highcharts\es-modules\Series\Renko\RenkoSeries.min.js", "JavaScript", 0, 1, 0, 0, 0, 0, 0, 0, 0, 0, 1
"c:\Users\MSI SWORD 15 A12V\source\repos\SoftWhatsAppCRMDash\SoftWhatsAppCRMDash\wwwroot\lib\highcharts\es-modules\Series\Renko\RenkoSeriesDefaults.js", "JavaScript", 0, 22, 0, 0, 0, 0, 0, 0, 104, 1, 127
"c:\Users\MSI SWORD 15 A12V\source\repos\SoftWhatsAppCRMDash\SoftWhatsAppCRMDash\wwwroot\lib\highcharts\es-modules\Series\Renko\RenkoSeriesDefaults.min.js", "JavaScript", 0, 1, 0, 0, 0, 0, 0, 0, 0, 0, 1
"c:\Users\MSI SWORD 15 A12V\source\repos\SoftWhatsAppCRMDash\SoftWhatsAppCRMDash\wwwroot\lib\highcharts\es-modules\Series\Sankey\SankeyColumnComposition.js", "JavaScript", 0, 106, 0, 0, 0, 0, 0, 0, 119, 1, 226
"c:\Users\MSI SWORD 15 A12V\source\repos\SoftWhatsAppCRMDash\SoftWhatsAppCRMDash\wwwroot\lib\highcharts\es-modules\Series\Sankey\SankeyColumnComposition.min.js", "JavaScript", 0, 1, 0, 0, 0, 0, 0, 0, 0, 0, 1
"c:\Users\MSI SWORD 15 A12V\source\repos\SoftWhatsAppCRMDash\SoftWhatsAppCRMDash\wwwroot\lib\highcharts\es-modules\Series\Sankey\SankeyPoint.js", "JavaScript", 0, 48, 0, 0, 0, 0, 0, 0, 47, 1, 96
"c:\Users\MSI SWORD 15 A12V\source\repos\SoftWhatsAppCRMDash\SoftWhatsAppCRMDash\wwwroot\lib\highcharts\es-modules\Series\Sankey\SankeyPoint.min.js", "JavaScript", 0, 1, 0, 0, 0, 0, 0, 0, 0, 0, 1
"c:\Users\MSI SWORD 15 A12V\source\repos\SoftWhatsAppCRMDash\SoftWhatsAppCRMDash\wwwroot\lib\highcharts\es-modules\Series\Sankey\SankeySeries.js", "JavaScript", 0, 352, 0, 0, 0, 0, 0, 0, 229, 1, 582
"c:\Users\MSI SWORD 15 A12V\source\repos\SoftWhatsAppCRMDash\SoftWhatsAppCRMDash\wwwroot\lib\highcharts\es-modules\Series\Sankey\SankeySeries.min.js", "JavaScript", 0, 1, 0, 0, 0, 0, 0, 0, 0, 0, 1
"c:\Users\MSI SWORD 15 A12V\source\repos\SoftWhatsAppCRMDash\SoftWhatsAppCRMDash\wwwroot\lib\highcharts\es-modules\Series\Sankey\SankeySeriesDefaults.js", "JavaScript", 0, 51, 0, 0, 0, 0, 0, 0, 544, 1, 596
"c:\Users\MSI SWORD 15 A12V\source\repos\SoftWhatsAppCRMDash\SoftWhatsAppCRMDash\wwwroot\lib\highcharts\es-modules\Series\Sankey\SankeySeriesDefaults.min.js", "JavaScript", 0, 1, 0, 0, 0, 0, 0, 0, 0, 0, 1
"c:\Users\MSI SWORD 15 A12V\source\repos\SoftWhatsAppCRMDash\SoftWhatsAppCRMDash\wwwroot\lib\highcharts\es-modules\Series\Scatter3D\Scatter3DPoint.js", "JavaScript", 0, 15, 0, 0, 0, 0, 0, 0, 26, 1, 42
"c:\Users\MSI SWORD 15 A12V\source\repos\SoftWhatsAppCRMDash\SoftWhatsAppCRMDash\wwwroot\lib\highcharts\es-modules\Series\Scatter3D\Scatter3DPoint.min.js", "JavaScript", 0, 1, 0, 0, 0, 0, 0, 0, 0, 0, 1
"c:\Users\MSI SWORD 15 A12V\source\repos\SoftWhatsAppCRMDash\SoftWhatsAppCRMDash\wwwroot\lib\highcharts\es-modules\Series\Scatter3D\Scatter3DSeries.js", "JavaScript", 0, 29, 0, 0, 0, 0, 0, 0, 41, 1, 71
"c:\Users\MSI SWORD 15 A12V\source\repos\SoftWhatsAppCRMDash\SoftWhatsAppCRMDash\wwwroot\lib\highcharts\es-modules\Series\Scatter3D\Scatter3DSeries.min.js", "JavaScript", 0, 1, 0, 0, 0, 0, 0, 0, 0, 0, 1
"c:\Users\MSI SWORD 15 A12V\source\repos\SoftWhatsAppCRMDash\SoftWhatsAppCRMDash\wwwroot\lib\highcharts\es-modules\Series\Scatter3D\Scatter3DSeriesDefaults.js", "JavaScript", 0, 8, 0, 0, 0, 0, 0, 0, 110, 1, 119
"c:\Users\MSI SWORD 15 A12V\source\repos\SoftWhatsAppCRMDash\SoftWhatsAppCRMDash\wwwroot\lib\highcharts\es-modules\Series\Scatter3D\Scatter3DSeriesDefaults.min.js", "JavaScript", 0, 1, 0, 0, 0, 0, 0, 0, 0, 0, 1
"c:\Users\MSI SWORD 15 A12V\source\repos\SoftWhatsAppCRMDash\SoftWhatsAppCRMDash\wwwroot\lib\highcharts\es-modules\Series\Scatter\ScatterSeries.js", "JavaScript", 0, 54, 0, 0, 0, 0, 0, 0, 56, 1, 111
"c:\Users\MSI SWORD 15 A12V\source\repos\SoftWhatsAppCRMDash\SoftWhatsAppCRMDash\wwwroot\lib\highcharts\es-modules\Series\Scatter\ScatterSeries.min.js", "JavaScript", 0, 1, 0, 0, 0, 0, 0, 0, 0, 0, 1
"c:\Users\MSI SWORD 15 A12V\source\repos\SoftWhatsAppCRMDash\SoftWhatsAppCRMDash\wwwroot\lib\highcharts\es-modules\Series\Scatter\ScatterSeriesDefaults.js", "JavaScript", 0, 19, 0, 0, 0, 0, 0, 0, 172, 1, 192
"c:\Users\MSI SWORD 15 A12V\source\repos\SoftWhatsAppCRMDash\SoftWhatsAppCRMDash\wwwroot\lib\highcharts\es-modules\Series\Scatter\ScatterSeriesDefaults.min.js", "JavaScript", 0, 1, 0, 0, 0, 0, 0, 0, 0, 0, 1
"c:\Users\MSI SWORD 15 A12V\source\repos\SoftWhatsAppCRMDash\SoftWhatsAppCRMDash\wwwroot\lib\highcharts\es-modules\Series\SeriesOnPointComposition.js", "JavaScript", 0, 165, 0, 0, 0, 0, 0, 0, 230, 1, 396
"c:\Users\MSI SWORD 15 A12V\source\repos\SoftWhatsAppCRMDash\SoftWhatsAppCRMDash\wwwroot\lib\highcharts\es-modules\Series\SeriesOnPointComposition.min.js", "JavaScript", 0, 1, 0, 0, 0, 0, 0, 0, 0, 0, 1
"c:\Users\MSI SWORD 15 A12V\source\repos\SoftWhatsAppCRMDash\SoftWhatsAppCRMDash\wwwroot\lib\highcharts\es-modules\Series\SimulationSeriesUtilities.js", "JavaScript", 0, 38, 0, 0, 0, 0, 0, 0, 25, 1, 64
"c:\Users\MSI SWORD 15 A12V\source\repos\SoftWhatsAppCRMDash\SoftWhatsAppCRMDash\wwwroot\lib\highcharts\es-modules\Series\SimulationSeriesUtilities.min.js", "JavaScript", 0, 1, 0, 0, 0, 0, 0, 0, 0, 0, 1
"c:\Users\MSI SWORD 15 A12V\source\repos\SoftWhatsAppCRMDash\SoftWhatsAppCRMDash\wwwroot\lib\highcharts\es-modules\Series\SolidGauge\SolidGaugeSeries.js", "JavaScript", 0, 110, 0, 0, 0, 0, 0, 0, 50, 1, 161
"c:\Users\MSI SWORD 15 A12V\source\repos\SoftWhatsAppCRMDash\SoftWhatsAppCRMDash\wwwroot\lib\highcharts\es-modules\Series\SolidGauge\SolidGaugeSeries.min.js", "JavaScript", 0, 1, 0, 0, 0, 0, 0, 0, 0, 0, 1
"c:\Users\MSI SWORD 15 A12V\source\repos\SoftWhatsAppCRMDash\SoftWhatsAppCRMDash\wwwroot\lib\highcharts\es-modules\Series\SolidGauge\SolidGaugeSeriesDefaults.js", "JavaScript", 0, 9, 0, 0, 0, 0, 0, 0, 194, 1, 204
"c:\Users\MSI SWORD 15 A12V\source\repos\SoftWhatsAppCRMDash\SoftWhatsAppCRMDash\wwwroot\lib\highcharts\es-modules\Series\SolidGauge\SolidGaugeSeriesDefaults.min.js", "JavaScript", 0, 1, 0, 0, 0, 0, 0, 0, 0, 0, 1
"c:\Users\MSI SWORD 15 A12V\source\repos\SoftWhatsAppCRMDash\SoftWhatsAppCRMDash\wwwroot\lib\highcharts\es-modules\Series\Spline\SplineSeries.js", "JavaScript", 0, 70, 0, 0, 0, 0, 0, 0, 202, 1, 273
"c:\Users\MSI SWORD 15 A12V\source\repos\SoftWhatsAppCRMDash\SoftWhatsAppCRMDash\wwwroot\lib\highcharts\es-modules\Series\Spline\SplineSeries.min.js", "JavaScript", 0, 1, 0, 0, 0, 0, 0, 0, 0, 0, 1
"c:\Users\MSI SWORD 15 A12V\source\repos\SoftWhatsAppCRMDash\SoftWhatsAppCRMDash\wwwroot\lib\highcharts\es-modules\Series\Streamgraph\StreamgraphSeries.js", "JavaScript", 0, 24, 0, 0, 0, 0, 0, 0, 43, 1, 68
"c:\Users\MSI SWORD 15 A12V\source\repos\SoftWhatsAppCRMDash\SoftWhatsAppCRMDash\wwwroot\lib\highcharts\es-modules\Series\Streamgraph\StreamgraphSeries.min.js", "JavaScript", 0, 1, 0, 0, 0, 0, 0, 0, 0, 0, 1
"c:\Users\MSI SWORD 15 A12V\source\repos\SoftWhatsAppCRMDash\SoftWhatsAppCRMDash\wwwroot\lib\highcharts\es-modules\Series\Streamgraph\StreamgraphSeriesDefaults.js", "JavaScript", 0, 11, 0, 0, 0, 0, 0, 0, 141, 1, 153
"c:\Users\MSI SWORD 15 A12V\source\repos\SoftWhatsAppCRMDash\SoftWhatsAppCRMDash\wwwroot\lib\highcharts\es-modules\Series\Streamgraph\StreamgraphSeriesDefaults.min.js", "JavaScript", 0, 1, 0, 0, 0, 0, 0, 0, 0, 0, 1
"c:\Users\MSI SWORD 15 A12V\source\repos\SoftWhatsAppCRMDash\SoftWhatsAppCRMDash\wwwroot\lib\highcharts\es-modules\Series\Sunburst\SunburstNode.js", "JavaScript", 0, 5, 0, 0, 0, 0, 0, 0, 19, 1, 25
"c:\Users\MSI SWORD 15 A12V\source\repos\SoftWhatsAppCRMDash\SoftWhatsAppCRMDash\wwwroot\lib\highcharts\es-modules\Series\Sunburst\SunburstNode.min.js", "JavaScript", 0, 1, 0, 0, 0, 0, 0, 0, 0, 0, 1
"c:\Users\MSI SWORD 15 A12V\source\repos\SoftWhatsAppCRMDash\SoftWhatsAppCRMDash\wwwroot\lib\highcharts\es-modules\Series\Sunburst\SunburstPoint.js", "JavaScript", 0, 56, 0, 0, 0, 0, 0, 0, 33, 1, 90
"c:\Users\MSI SWORD 15 A12V\source\repos\SoftWhatsAppCRMDash\SoftWhatsAppCRMDash\wwwroot\lib\highcharts\es-modules\Series\Sunburst\SunburstPoint.min.js", "JavaScript", 0, 1, 0, 0, 0, 0, 0, 0, 0, 0, 1
"c:\Users\MSI SWORD 15 A12V\source\repos\SoftWhatsAppCRMDash\SoftWhatsAppCRMDash\wwwroot\lib\highcharts\es-modules\Series\Sunburst\SunburstSeries.js", "JavaScript", 0, 504, 0, 0, 0, 0, 0, 0, 134, 1, 639
"c:\Users\MSI SWORD 15 A12V\source\repos\SoftWhatsAppCRMDash\SoftWhatsAppCRMDash\wwwroot\lib\highcharts\es-modules\Series\Sunburst\SunburstSeries.min.js", "JavaScript", 0, 1, 0, 0, 0, 0, 0, 0, 0, 0, 1
"c:\Users\MSI SWORD 15 A12V\source\repos\SoftWhatsAppCRMDash\SoftWhatsAppCRMDash\wwwroot\lib\highcharts\es-modules\Series\Sunburst\SunburstSeriesDefaults.js", "JavaScript", 0, 24, 0, 0, 0, 0, 0, 0, 331, 1, 356
"c:\Users\MSI SWORD 15 A12V\source\repos\SoftWhatsAppCRMDash\SoftWhatsAppCRMDash\wwwroot\lib\highcharts\es-modules\Series\Sunburst\SunburstSeriesDefaults.min.js", "JavaScript", 0, 1, 0, 0, 0, 0, 0, 0, 0, 0, 1
"c:\Users\MSI SWORD 15 A12V\source\repos\SoftWhatsAppCRMDash\SoftWhatsAppCRMDash\wwwroot\lib\highcharts\es-modules\Series\Sunburst\SunburstUtilities.js", "JavaScript", 0, 72, 0, 0, 0, 0, 0, 0, 51, 1, 124
"c:\Users\MSI SWORD 15 A12V\source\repos\SoftWhatsAppCRMDash\SoftWhatsAppCRMDash\wwwroot\lib\highcharts\es-modules\Series\Sunburst\SunburstUtilities.min.js", "JavaScript", 0, 1, 0, 0, 0, 0, 0, 0, 0, 0, 1
"c:\Users\MSI SWORD 15 A12V\source\repos\SoftWhatsAppCRMDash\SoftWhatsAppCRMDash\wwwroot\lib\highcharts\es-modules\Series\TiledWebMap\TiledWebMapSeries.js", "JavaScript", 0, 411, 0, 0, 0, 0, 0, 0, 87, 1, 499
"c:\Users\MSI SWORD 15 A12V\source\repos\SoftWhatsAppCRMDash\SoftWhatsAppCRMDash\wwwroot\lib\highcharts\es-modules\Series\TiledWebMap\TiledWebMapSeries.min.js", "JavaScript", 0, 1, 0, 0, 0, 0, 0, 0, 0, 0, 1
"c:\Users\MSI SWORD 15 A12V\source\repos\SoftWhatsAppCRMDash\SoftWhatsAppCRMDash\wwwroot\lib\highcharts\es-modules\Series\TiledWebMap\TiledWebMapSeriesDefaults.js", "JavaScript", 0, 10, 0, 0, 0, 0, 0, 0, 134, 1, 145
"c:\Users\MSI SWORD 15 A12V\source\repos\SoftWhatsAppCRMDash\SoftWhatsAppCRMDash\wwwroot\lib\highcharts\es-modules\Series\TiledWebMap\TiledWebMapSeriesDefaults.min.js", "JavaScript", 0, 1, 0, 0, 0, 0, 0, 0, 0, 0, 1
"c:\Users\MSI SWORD 15 A12V\source\repos\SoftWhatsAppCRMDash\SoftWhatsAppCRMDash\wwwroot\lib\highcharts\es-modules\Series\Tilemap\TilemapPoint.js", "JavaScript", 0, 16, 0, 0, 0, 0, 0, 0, 31, 1, 48
"c:\Users\MSI SWORD 15 A12V\source\repos\SoftWhatsAppCRMDash\SoftWhatsAppCRMDash\wwwroot\lib\highcharts\es-modules\Series\Tilemap\TilemapPoint.min.js", "JavaScript", 0, 1, 0, 0, 0, 0, 0, 0, 0, 0, 1
"c:\Users\MSI SWORD 15 A12V\source\repos\SoftWhatsAppCRMDash\SoftWhatsAppCRMDash\wwwroot\lib\highcharts\es-modules\Series\Tilemap\TilemapSeries.js", "JavaScript", 0, 93, 0, 0, 0, 0, 0, 0, 99, 1, 193
"c:\Users\MSI SWORD 15 A12V\source\repos\SoftWhatsAppCRMDash\SoftWhatsAppCRMDash\wwwroot\lib\highcharts\es-modules\Series\Tilemap\TilemapSeries.min.js", "JavaScript", 0, 1, 0, 0, 0, 0, 0, 0, 0, 0, 1
"c:\Users\MSI SWORD 15 A12V\source\repos\SoftWhatsAppCRMDash\SoftWhatsAppCRMDash\wwwroot\lib\highcharts\es-modules\Series\Tilemap\TilemapSeriesDefaults.js", "JavaScript", 0, 20, 0, 0, 0, 0, 0, 0, 200, 1, 221
"c:\Users\MSI SWORD 15 A12V\source\repos\SoftWhatsAppCRMDash\SoftWhatsAppCRMDash\wwwroot\lib\highcharts\es-modules\Series\Tilemap\TilemapSeriesDefaults.min.js", "JavaScript", 0, 1, 0, 0, 0, 0, 0, 0, 0, 0, 1
"c:\Users\MSI SWORD 15 A12V\source\repos\SoftWhatsAppCRMDash\SoftWhatsAppCRMDash\wwwroot\lib\highcharts\es-modules\Series\Tilemap\TilemapShapes.js", "JavaScript", 0, 202, 0, 0, 0, 0, 0, 0, 84, 1, 287
"c:\Users\MSI SWORD 15 A12V\source\repos\SoftWhatsAppCRMDash\SoftWhatsAppCRMDash\wwwroot\lib\highcharts\es-modules\Series\Tilemap\TilemapShapes.min.js", "JavaScript", 0, 1, 0, 0, 0, 0, 0, 0, 0, 0, 1
"c:\Users\MSI SWORD 15 A12V\source\repos\SoftWhatsAppCRMDash\SoftWhatsAppCRMDash\wwwroot\lib\highcharts\es-modules\Series\Timeline\TimelinePoint.js", "JavaScript", 0, 110, 0, 0, 0, 0, 0, 0, 36, 1, 147
"c:\Users\MSI SWORD 15 A12V\source\repos\SoftWhatsAppCRMDash\SoftWhatsAppCRMDash\wwwroot\lib\highcharts\es-modules\Series\Timeline\TimelinePoint.min.js", "JavaScript", 0, 1, 0, 0, 0, 0, 0, 0, 0, 0, 1
"c:\Users\MSI SWORD 15 A12V\source\repos\SoftWhatsAppCRMDash\SoftWhatsAppCRMDash\wwwroot\lib\highcharts\es-modules\Series\Timeline\TimelineSeries.js", "JavaScript", 0, 185, 0, 0, 0, 0, 0, 0, 75, 1, 261
"c:\Users\MSI SWORD 15 A12V\source\repos\SoftWhatsAppCRMDash\SoftWhatsAppCRMDash\wwwroot\lib\highcharts\es-modules\Series\Timeline\TimelineSeries.min.js", "JavaScript", 0, 1, 0, 0, 0, 0, 0, 0, 0, 0, 1
"c:\Users\MSI SWORD 15 A12V\source\repos\SoftWhatsAppCRMDash\SoftWhatsAppCRMDash\wwwroot\lib\highcharts\es-modules\Series\Timeline\TimelineSeriesDefaults.js", "JavaScript", 0, 65, 0, 0, 0, 0, 0, 0, 189, 1, 255
"c:\Users\MSI SWORD 15 A12V\source\repos\SoftWhatsAppCRMDash\SoftWhatsAppCRMDash\wwwroot\lib\highcharts\es-modules\Series\Timeline\TimelineSeriesDefaults.min.js", "JavaScript", 0, 1, 0, 0, 0, 0, 0, 0, 0, 0, 1
"c:\Users\MSI SWORD 15 A12V\source\repos\SoftWhatsAppCRMDash\SoftWhatsAppCRMDash\wwwroot\lib\highcharts\es-modules\Series\TreeUtilities.js", "JavaScript", 0, 135, 0, 0, 0, 0, 0, 0, 79, 1, 215
"c:\Users\MSI SWORD 15 A12V\source\repos\SoftWhatsAppCRMDash\SoftWhatsAppCRMDash\wwwroot\lib\highcharts\es-modules\Series\TreeUtilities.min.js", "JavaScript", 0, 1, 0, 0, 0, 0, 0, 0, 0, 0, 1
"c:\Users\MSI SWORD 15 A12V\source\repos\SoftWhatsAppCRMDash\SoftWhatsAppCRMDash\wwwroot\lib\highcharts\es-modules\Series\Treegraph\TreegraphLayout.js", "JavaScript", 0, 180, 0, 0, 0, 0, 0, 0, 145, 1, 326
"c:\Users\MSI SWORD 15 A12V\source\repos\SoftWhatsAppCRMDash\SoftWhatsAppCRMDash\wwwroot\lib\highcharts\es-modules\Series\Treegraph\TreegraphLayout.min.js", "JavaScript", 0, 1, 0, 0, 0, 0, 0, 0, 0, 0, 1
"c:\Users\MSI SWORD 15 A12V\source\repos\SoftWhatsAppCRMDash\SoftWhatsAppCRMDash\wwwroot\lib\highcharts\es-modules\Series\Treegraph\TreegraphLink.js", "JavaScript", 0, 37, 0, 0, 0, 0, 0, 0, 38, 1, 76
"c:\Users\MSI SWORD 15 A12V\source\repos\SoftWhatsAppCRMDash\SoftWhatsAppCRMDash\wwwroot\lib\highcharts\es-modules\Series\Treegraph\TreegraphLink.min.js", "JavaScript", 0, 1, 0, 0, 0, 0, 0, 0, 0, 0, 1
"c:\Users\MSI SWORD 15 A12V\source\repos\SoftWhatsAppCRMDash\SoftWhatsAppCRMDash\wwwroot\lib\highcharts\es-modules\Series\Treegraph\TreegraphNode.js", "JavaScript", 0, 87, 0, 0, 0, 0, 0, 0, 100, 1, 188
"c:\Users\MSI SWORD 15 A12V\source\repos\SoftWhatsAppCRMDash\SoftWhatsAppCRMDash\wwwroot\lib\highcharts\es-modules\Series\Treegraph\TreegraphNode.min.js", "JavaScript", 0, 1, 0, 0, 0, 0, 0, 0, 0, 0, 1
"c:\Users\MSI SWORD 15 A12V\source\repos\SoftWhatsAppCRMDash\SoftWhatsAppCRMDash\wwwroot\lib\highcharts\es-modules\Series\Treegraph\TreegraphPoint.js", "JavaScript", 0, 136, 0, 0, 0, 0, 0, 0, 35, 1, 172
"c:\Users\MSI SWORD 15 A12V\source\repos\SoftWhatsAppCRMDash\SoftWhatsAppCRMDash\wwwroot\lib\highcharts\es-modules\Series\Treegraph\TreegraphPoint.min.js", "JavaScript", 0, 1, 0, 0, 0, 0, 0, 0, 0, 0, 1
"c:\Users\MSI SWORD 15 A12V\source\repos\SoftWhatsAppCRMDash\SoftWhatsAppCRMDash\wwwroot\lib\highcharts\es-modules\Series\Treegraph\TreegraphSeries.js", "JavaScript", 0, 364, 0, 0, 0, 0, 0, 0, 196, 1, 561
"c:\Users\MSI SWORD 15 A12V\source\repos\SoftWhatsAppCRMDash\SoftWhatsAppCRMDash\wwwroot\lib\highcharts\es-modules\Series\Treegraph\TreegraphSeries.min.js", "JavaScript", 0, 1, 0, 0, 0, 0, 0, 0, 0, 0, 1
"c:\Users\MSI SWORD 15 A12V\source\repos\SoftWhatsAppCRMDash\SoftWhatsAppCRMDash\wwwroot\lib\highcharts\es-modules\Series\Treegraph\TreegraphSeriesDefaults.js", "JavaScript", 0, 55, 0, 0, 0, 0, 0, 0, 231, 1, 287
"c:\Users\MSI SWORD 15 A12V\source\repos\SoftWhatsAppCRMDash\SoftWhatsAppCRMDash\wwwroot\lib\highcharts\es-modules\Series\Treegraph\TreegraphSeriesDefaults.min.js", "JavaScript", 0, 1, 0, 0, 0, 0, 0, 0, 0, 0, 1
"c:\Users\MSI SWORD 15 A12V\source\repos\SoftWhatsAppCRMDash\SoftWhatsAppCRMDash\wwwroot\lib\highcharts\es-modules\Series\Treemap\TreemapAlgorithmGroup.js", "JavaScript", 0, 56, 0, 0, 0, 0, 0, 0, 35, 1, 92
"c:\Users\MSI SWORD 15 A12V\source\repos\SoftWhatsAppCRMDash\SoftWhatsAppCRMDash\wwwroot\lib\highcharts\es-modules\Series\Treemap\TreemapAlgorithmGroup.min.js", "JavaScript", 0, 1, 0, 0, 0, 0, 0, 0, 0, 0, 1
"c:\Users\MSI SWORD 15 A12V\source\repos\SoftWhatsAppCRMDash\SoftWhatsAppCRMDash\wwwroot\lib\highcharts\es-modules\Series\Treemap\TreemapNode.js", "JavaScript", 0, 18, 0, 0, 0, 0, 0, 0, 29, 1, 48
"c:\Users\MSI SWORD 15 A12V\source\repos\SoftWhatsAppCRMDash\SoftWhatsAppCRMDash\wwwroot\lib\highcharts\es-modules\Series\Treemap\TreemapNode.min.js", "JavaScript", 0, 1, 0, 0, 0, 0, 0, 0, 0, 0, 1
"c:\Users\MSI SWORD 15 A12V\source\repos\SoftWhatsAppCRMDash\SoftWhatsAppCRMDash\wwwroot\lib\highcharts\es-modules\Series\Treemap\TreemapPoint.js", "JavaScript", 0, 54, 0, 0, 0, 0, 0, 0, 40, 1, 95
"c:\Users\MSI SWORD 15 A12V\source\repos\SoftWhatsAppCRMDash\SoftWhatsAppCRMDash\wwwroot\lib\highcharts\es-modules\Series\Treemap\TreemapPoint.min.js", "JavaScript", 0, 1, 0, 0, 0, 0, 0, 0, 0, 0, 1
"c:\Users\MSI SWORD 15 A12V\source\repos\SoftWhatsAppCRMDash\SoftWhatsAppCRMDash\wwwroot\lib\highcharts\es-modules\Series\Treemap\TreemapSeries.js", "JavaScript", 0, 803, 0, 0, 0, 0, 0, 0, 278, 1, 1082
"c:\Users\MSI SWORD 15 A12V\source\repos\SoftWhatsAppCRMDash\SoftWhatsAppCRMDash\wwwroot\lib\highcharts\es-modules\Series\Treemap\TreemapSeries.min.js", "JavaScript", 0, 1, 0, 0, 0, 0, 0, 0, 0, 0, 1
"c:\Users\MSI SWORD 15 A12V\source\repos\SoftWhatsAppCRMDash\SoftWhatsAppCRMDash\wwwroot\lib\highcharts\es-modules\Series\Treemap\TreemapSeriesDefaults.js", "JavaScript", 0, 81, 0, 0, 0, 0, 0, 0, 607, 1, 689
"c:\Users\MSI SWORD 15 A12V\source\repos\SoftWhatsAppCRMDash\SoftWhatsAppCRMDash\wwwroot\lib\highcharts\es-modules\Series\Treemap\TreemapSeriesDefaults.min.js", "JavaScript", 0, 1, 0, 0, 0, 0, 0, 0, 0, 0, 1
"c:\Users\MSI SWORD 15 A12V\source\repos\SoftWhatsAppCRMDash\SoftWhatsAppCRMDash\wwwroot\lib\highcharts\es-modules\Series\Treemap\TreemapUtilities.js", "JavaScript", 0, 12, 0, 0, 0, 0, 0, 0, 35, 1, 48
"c:\Users\MSI SWORD 15 A12V\source\repos\SoftWhatsAppCRMDash\SoftWhatsAppCRMDash\wwwroot\lib\highcharts\es-modules\Series\Treemap\TreemapUtilities.min.js", "JavaScript", 0, 1, 0, 0, 0, 0, 0, 0, 0, 0, 1
"c:\Users\MSI SWORD 15 A12V\source\repos\SoftWhatsAppCRMDash\SoftWhatsAppCRMDash\wwwroot\lib\highcharts\es-modules\Series\VariablePie\VariablePieSeries.js", "JavaScript", 0, 148, 0, 0, 0, 0, 0, 0, 118, 1, 267
"c:\Users\MSI SWORD 15 A12V\source\repos\SoftWhatsAppCRMDash\SoftWhatsAppCRMDash\wwwroot\lib\highcharts\es-modules\Series\VariablePie\VariablePieSeries.min.js", "JavaScript", 0, 1, 0, 0, 0, 0, 0, 0, 0, 0, 1
"c:\Users\MSI SWORD 15 A12V\source\repos\SoftWhatsAppCRMDash\SoftWhatsAppCRMDash\wwwroot\lib\highcharts\es-modules\Series\VariablePie\VariablePieSeriesDefaults.js", "JavaScript", 0, 13, 0, 0, 0, 0, 0, 0, 154, 1, 168
"c:\Users\MSI SWORD 15 A12V\source\repos\SoftWhatsAppCRMDash\SoftWhatsAppCRMDash\wwwroot\lib\highcharts\es-modules\Series\VariablePie\VariablePieSeriesDefaults.min.js", "JavaScript", 0, 1, 0, 0, 0, 0, 0, 0, 0, 0, 1
"c:\Users\MSI SWORD 15 A12V\source\repos\SoftWhatsAppCRMDash\SoftWhatsAppCRMDash\wwwroot\lib\highcharts\es-modules\Series\Variwide\VariwideComposition.js", "JavaScript", 0, 71, 0, 0, 0, 0, 0, 0, 45, 1, 117
"c:\Users\MSI SWORD 15 A12V\source\repos\SoftWhatsAppCRMDash\SoftWhatsAppCRMDash\wwwroot\lib\highcharts\es-modules\Series\Variwide\VariwideComposition.min.js", "JavaScript", 0, 1, 0, 0, 0, 0, 0, 0, 0, 0, 1
"c:\Users\MSI SWORD 15 A12V\source\repos\SoftWhatsAppCRMDash\SoftWhatsAppCRMDash\wwwroot\lib\highcharts\es-modules\Series\Variwide\VariwidePoint.js", "JavaScript", 0, 11, 0, 0, 0, 0, 0, 0, 26, 1, 38
"c:\Users\MSI SWORD 15 A12V\source\repos\SoftWhatsAppCRMDash\SoftWhatsAppCRMDash\wwwroot\lib\highcharts\es-modules\Series\Variwide\VariwidePoint.min.js", "JavaScript", 0, 1, 0, 0, 0, 0, 0, 0, 0, 0, 1
"c:\Users\MSI SWORD 15 A12V\source\repos\SoftWhatsAppCRMDash\SoftWhatsAppCRMDash\wwwroot\lib\highcharts\es-modules\Series\Variwide\VariwideSeries.js", "JavaScript", 0, 114, 0, 0, 0, 0, 0, 0, 72, 1, 187
"c:\Users\MSI SWORD 15 A12V\source\repos\SoftWhatsAppCRMDash\SoftWhatsAppCRMDash\wwwroot\lib\highcharts\es-modules\Series\Variwide\VariwideSeries.min.js", "JavaScript", 0, 1, 0, 0, 0, 0, 0, 0, 0, 0, 1
"c:\Users\MSI SWORD 15 A12V\source\repos\SoftWhatsAppCRMDash\SoftWhatsAppCRMDash\wwwroot\lib\highcharts\es-modules\Series\Variwide\VariwideSeriesDefaults.js", "JavaScript", 0, 7, 0, 0, 0, 0, 0, 0, 122, 1, 130
"c:\Users\MSI SWORD 15 A12V\source\repos\SoftWhatsAppCRMDash\SoftWhatsAppCRMDash\wwwroot\lib\highcharts\es-modules\Series\Variwide\VariwideSeriesDefaults.min.js", "JavaScript", 0, 1, 0, 0, 0, 0, 0, 0, 0, 0, 1
"c:\Users\MSI SWORD 15 A12V\source\repos\SoftWhatsAppCRMDash\SoftWhatsAppCRMDash\wwwroot\lib\highcharts\es-modules\Series\Vector\VectorSeries.js", "JavaScript", 0, 98, 0, 0, 0, 0, 0, 0, 98, 1, 197
"c:\Users\MSI SWORD 15 A12V\source\repos\SoftWhatsAppCRMDash\SoftWhatsAppCRMDash\wwwroot\lib\highcharts\es-modules\Series\Vector\VectorSeries.min.js", "JavaScript", 0, 1, 0, 0, 0, 0, 0, 0, 0, 0, 1
"c:\Users\MSI SWORD 15 A12V\source\repos\SoftWhatsAppCRMDash\SoftWhatsAppCRMDash\wwwroot\lib\highcharts\es-modules\Series\Vector\VectorSeriesDefaults.js", "JavaScript", 0, 17, 0, 0, 0, 0, 0, 0, 137, 1, 155
"c:\Users\MSI SWORD 15 A12V\source\repos\SoftWhatsAppCRMDash\SoftWhatsAppCRMDash\wwwroot\lib\highcharts\es-modules\Series\Vector\VectorSeriesDefaults.min.js", "JavaScript", 0, 1, 0, 0, 0, 0, 0, 0, 0, 0, 1
"c:\Users\MSI SWORD 15 A12V\source\repos\SoftWhatsAppCRMDash\SoftWhatsAppCRMDash\wwwroot\lib\highcharts\es-modules\Series\Venn\VennPoint.js", "JavaScript", 0, 14, 0, 0, 0, 0, 0, 0, 32, 1, 47
"c:\Users\MSI SWORD 15 A12V\source\repos\SoftWhatsAppCRMDash\SoftWhatsAppCRMDash\wwwroot\lib\highcharts\es-modules\Series\Venn\VennPoint.min.js", "JavaScript", 0, 1, 0, 0, 0, 0, 0, 0, 0, 0, 1
"c:\Users\MSI SWORD 15 A12V\source\repos\SoftWhatsAppCRMDash\SoftWhatsAppCRMDash\wwwroot\lib\highcharts\es-modules\Series\Venn\VennSeries.js", "JavaScript", 0, 286, 0, 0, 0, 0, 0, 0, 174, 1, 461
"c:\Users\MSI SWORD 15 A12V\source\repos\SoftWhatsAppCRMDash\SoftWhatsAppCRMDash\wwwroot\lib\highcharts\es-modules\Series\Venn\VennSeries.min.js", "JavaScript", 0, 1, 0, 0, 0, 0, 0, 0, 0, 0, 1
"c:\Users\MSI SWORD 15 A12V\source\repos\SoftWhatsAppCRMDash\SoftWhatsAppCRMDash\wwwroot\lib\highcharts\es-modules\Series\Venn\VennSeriesDefaults.js", "JavaScript", 0, 41, 0, 0, 0, 0, 0, 0, 146, 1, 188
"c:\Users\MSI SWORD 15 A12V\source\repos\SoftWhatsAppCRMDash\SoftWhatsAppCRMDash\wwwroot\lib\highcharts\es-modules\Series\Venn\VennSeriesDefaults.min.js", "JavaScript", 0, 1, 0, 0, 0, 0, 0, 0, 0, 0, 1
"c:\Users\MSI SWORD 15 A12V\source\repos\SoftWhatsAppCRMDash\SoftWhatsAppCRMDash\wwwroot\lib\highcharts\es-modules\Series\Venn\VennUtils.js", "JavaScript", 0, 388, 0, 0, 0, 0, 0, 0, 250, 1, 639
"c:\Users\MSI SWORD 15 A12V\source\repos\SoftWhatsAppCRMDash\SoftWhatsAppCRMDash\wwwroot\lib\highcharts\es-modules\Series\Venn\VennUtils.min.js", "JavaScript", 0, 1, 0, 0, 0, 0, 0, 0, 0, 0, 1
"c:\Users\MSI SWORD 15 A12V\source\repos\SoftWhatsAppCRMDash\SoftWhatsAppCRMDash\wwwroot\lib\highcharts\es-modules\Series\Waterfall\WaterfallPoint.js", "JavaScript", 0, 22, 0, 0, 0, 0, 0, 0, 25, 1, 48
"c:\Users\MSI SWORD 15 A12V\source\repos\SoftWhatsAppCRMDash\SoftWhatsAppCRMDash\wwwroot\lib\highcharts\es-modules\Series\Waterfall\WaterfallPoint.min.js", "JavaScript", 0, 1, 0, 0, 0, 0, 0, 0, 0, 0, 1
"c:\Users\MSI SWORD 15 A12V\source\repos\SoftWhatsAppCRMDash\SoftWhatsAppCRMDash\wwwroot\lib\highcharts\es-modules\Series\Waterfall\WaterfallSeries.js", "JavaScript", 0, 428, 0, 0, 0, 0, 0, 0, 108, 1, 537
"c:\Users\MSI SWORD 15 A12V\source\repos\SoftWhatsAppCRMDash\SoftWhatsAppCRMDash\wwwroot\lib\highcharts\es-modules\Series\Waterfall\WaterfallSeries.min.js", "JavaScript", 0, 1, 0, 0, 0, 0, 0, 0, 0, 0, 1
"c:\Users\MSI SWORD 15 A12V\source\repos\SoftWhatsAppCRMDash\SoftWhatsAppCRMDash\wwwroot\lib\highcharts\es-modules\Series\Waterfall\WaterfallSeriesDefaults.js", "JavaScript", 0, 17, 0, 0, 0, 0, 0, 0, 188, 1, 206
"c:\Users\MSI SWORD 15 A12V\source\repos\SoftWhatsAppCRMDash\SoftWhatsAppCRMDash\wwwroot\lib\highcharts\es-modules\Series\Waterfall\WaterfallSeriesDefaults.min.js", "JavaScript", 0, 1, 0, 0, 0, 0, 0, 0, 0, 0, 1
"c:\Users\MSI SWORD 15 A12V\source\repos\SoftWhatsAppCRMDash\SoftWhatsAppCRMDash\wwwroot\lib\highcharts\es-modules\Series\Windbarb\WindbarbPoint.js", "JavaScript", 0, 9, 0, 0, 0, 0, 0, 0, 26, 1, 36
"c:\Users\MSI SWORD 15 A12V\source\repos\SoftWhatsAppCRMDash\SoftWhatsAppCRMDash\wwwroot\lib\highcharts\es-modules\Series\Windbarb\WindbarbPoint.min.js", "JavaScript", 0, 1, 0, 0, 0, 0, 0, 0, 0, 0, 1
"c:\Users\MSI SWORD 15 A12V\source\repos\SoftWhatsAppCRMDash\SoftWhatsAppCRMDash\wwwroot\lib\highcharts\es-modules\Series\Windbarb\WindbarbSeries.js", "JavaScript", 0, 187, 0, 0, 0, 0, 0, 0, 67, 1, 255
"c:\Users\MSI SWORD 15 A12V\source\repos\SoftWhatsAppCRMDash\SoftWhatsAppCRMDash\wwwroot\lib\highcharts\es-modules\Series\Windbarb\WindbarbSeries.min.js", "JavaScript", 0, 1, 0, 0, 0, 0, 0, 0, 0, 0, 1
"c:\Users\MSI SWORD 15 A12V\source\repos\SoftWhatsAppCRMDash\SoftWhatsAppCRMDash\wwwroot\lib\highcharts\es-modules\Series\Windbarb\WindbarbSeriesDefaults.js", "JavaScript", 0, 24, 0, 0, 0, 0, 0, 0, 178, 1, 203
"c:\Users\MSI SWORD 15 A12V\source\repos\SoftWhatsAppCRMDash\SoftWhatsAppCRMDash\wwwroot\lib\highcharts\es-modules\Series\Windbarb\WindbarbSeriesDefaults.min.js", "JavaScript", 0, 1, 0, 0, 0, 0, 0, 0, 0, 0, 1
"c:\Users\MSI SWORD 15 A12V\source\repos\SoftWhatsAppCRMDash\SoftWhatsAppCRMDash\wwwroot\lib\highcharts\es-modules\Series\Wordcloud\WordcloudPoint.js", "JavaScript", 0, 14, 0, 0, 0, 0, 0, 0, 26, 1, 41
"c:\Users\MSI SWORD 15 A12V\source\repos\SoftWhatsAppCRMDash\SoftWhatsAppCRMDash\wwwroot\lib\highcharts\es-modules\Series\Wordcloud\WordcloudPoint.min.js", "JavaScript", 0, 1, 0, 0, 0, 0, 0, 0, 0, 0, 1
"c:\Users\MSI SWORD 15 A12V\source\repos\SoftWhatsAppCRMDash\SoftWhatsAppCRMDash\wwwroot\lib\highcharts\es-modules\Series\Wordcloud\WordcloudSeries.js", "JavaScript", 0, 198, 0, 0, 0, 0, 0, 0, 84, 1, 283
"c:\Users\MSI SWORD 15 A12V\source\repos\SoftWhatsAppCRMDash\SoftWhatsAppCRMDash\wwwroot\lib\highcharts\es-modules\Series\Wordcloud\WordcloudSeries.min.js", "JavaScript", 0, 1, 0, 0, 0, 0, 0, 0, 0, 0, 1
"c:\Users\MSI SWORD 15 A12V\source\repos\SoftWhatsAppCRMDash\SoftWhatsAppCRMDash\wwwroot\lib\highcharts\es-modules\Series\Wordcloud\WordcloudSeriesDefaults.js", "JavaScript", 0, 32, 0, 0, 0, 0, 0, 0, 173, 1, 206
"c:\Users\MSI SWORD 15 A12V\source\repos\SoftWhatsAppCRMDash\SoftWhatsAppCRMDash\wwwroot\lib\highcharts\es-modules\Series\Wordcloud\WordcloudSeriesDefaults.min.js", "JavaScript", 0, 1, 0, 0, 0, 0, 0, 0, 0, 0, 1
"c:\Users\MSI SWORD 15 A12V\source\repos\SoftWhatsAppCRMDash\SoftWhatsAppCRMDash\wwwroot\lib\highcharts\es-modules\Series\Wordcloud\WordcloudUtils.js", "JavaScript", 0, 339, 0, 0, 0, 0, 0, 0, 375, 1, 715
"c:\Users\MSI SWORD 15 A12V\source\repos\SoftWhatsAppCRMDash\SoftWhatsAppCRMDash\wwwroot\lib\highcharts\es-modules\Series\Wordcloud\WordcloudUtils.min.js", "JavaScript", 0, 1, 0, 0, 0, 0, 0, 0, 0, 0, 1
"c:\Users\MSI SWORD 15 A12V\source\repos\SoftWhatsAppCRMDash\SoftWhatsAppCRMDash\wwwroot\lib\highcharts\es-modules\Series\XRange\XRangePoint.js", "JavaScript", 0, 58, 0, 0, 0, 0, 0, 0, 88, 1, 147
"c:\Users\MSI SWORD 15 A12V\source\repos\SoftWhatsAppCRMDash\SoftWhatsAppCRMDash\wwwroot\lib\highcharts\es-modules\Series\XRange\XRangePoint.min.js", "JavaScript", 0, 1, 0, 0, 0, 0, 0, 0, 0, 0, 1
"c:\Users\MSI SWORD 15 A12V\source\repos\SoftWhatsAppCRMDash\SoftWhatsAppCRMDash\wwwroot\lib\highcharts\es-modules\Series\XRange\XRangeSeries.js", "JavaScript", 0, 296, 0, 0, 0, 0, 0, 0, 130, 1, 427
"c:\Users\MSI SWORD 15 A12V\source\repos\SoftWhatsAppCRMDash\SoftWhatsAppCRMDash\wwwroot\lib\highcharts\es-modules\Series\XRange\XRangeSeries.min.js", "JavaScript", 0, 1, 0, 0, 0, 0, 0, 0, 0, 0, 1
"c:\Users\MSI SWORD 15 A12V\source\repos\SoftWhatsAppCRMDash\SoftWhatsAppCRMDash\wwwroot\lib\highcharts\es-modules\Series\XRange\XRangeSeriesDefaults.js", "JavaScript", 0, 30, 0, 0, 0, 0, 0, 0, 184, 1, 215
"c:\Users\MSI SWORD 15 A12V\source\repos\SoftWhatsAppCRMDash\SoftWhatsAppCRMDash\wwwroot\lib\highcharts\es-modules\Series\XRange\XRangeSeriesDefaults.min.js", "JavaScript", 0, 1, 0, 0, 0, 0, 0, 0, 0, 0, 1
"c:\Users\MSI SWORD 15 A12V\source\repos\SoftWhatsAppCRMDash\SoftWhatsAppCRMDash\wwwroot\lib\highcharts\es-modules\Shared\BaseForm.js", "JavaScript", 0, 49, 0, 0, 0, 0, 0, 0, 74, 1, 124
"c:\Users\MSI SWORD 15 A12V\source\repos\SoftWhatsAppCRMDash\SoftWhatsAppCRMDash\wwwroot\lib\highcharts\es-modules\Shared\BaseForm.min.js", "JavaScript", 0, 1, 0, 0, 0, 0, 0, 0, 0, 0, 1
"c:\Users\MSI SWORD 15 A12V\source\repos\SoftWhatsAppCRMDash\SoftWhatsAppCRMDash\wwwroot\lib\highcharts\es-modules\Shared\Types.js", "JavaScript", 0, 2, 0, 0, 0, 0, 0, 0, 9, 1, 12
"c:\Users\MSI SWORD 15 A12V\source\repos\SoftWhatsAppCRMDash\SoftWhatsAppCRMDash\wwwroot\lib\highcharts\es-modules\Shared\Types.min.js", "JavaScript", 0, 1, 0, 0, 0, 0, 0, 0, 0, 0, 1
"c:\Users\MSI SWORD 15 A12V\source\repos\SoftWhatsAppCRMDash\SoftWhatsAppCRMDash\wwwroot\lib\highcharts\es-modules\Stock\Indicators\ABands\ABandsIndicator.js", "JavaScript", 0, 103, 0, 0, 0, 0, 0, 0, 121, 1, 225
"c:\Users\MSI SWORD 15 A12V\source\repos\SoftWhatsAppCRMDash\SoftWhatsAppCRMDash\wwwroot\lib\highcharts\es-modules\Stock\Indicators\ABands\ABandsIndicator.min.js", "JavaScript", 0, 1, 0, 0, 0, 0, 0, 0, 0, 0, 1
"c:\Users\MSI SWORD 15 A12V\source\repos\SoftWhatsAppCRMDash\SoftWhatsAppCRMDash\wwwroot\lib\highcharts\es-modules\Stock\Indicators\AD\ADIndicator.js", "JavaScript", 0, 57, 0, 0, 0, 0, 0, 0, 84, 1, 142
"c:\Users\MSI SWORD 15 A12V\source\repos\SoftWhatsAppCRMDash\SoftWhatsAppCRMDash\wwwroot\lib\highcharts\es-modules\Stock\Indicators\AD\ADIndicator.min.js", "JavaScript", 0, 1, 0, 0, 0, 0, 0, 0, 0, 0, 1
"c:\Users\MSI SWORD 15 A12V\source\repos\SoftWhatsAppCRMDash\SoftWhatsAppCRMDash\wwwroot\lib\highcharts\es-modules\Stock\Indicators\AO\AOIndicator.js", "JavaScript", 0, 101, 0, 0, 0, 0, 0, 0, 96, 1, 198
"c:\Users\MSI SWORD 15 A12V\source\repos\SoftWhatsAppCRMDash\SoftWhatsAppCRMDash\wwwroot\lib\highcharts\es-modules\Stock\Indicators\AO\AOIndicator.min.js", "JavaScript", 0, 1, 0, 0, 0, 0, 0, 0, 0, 0, 1
"c:\Users\MSI SWORD 15 A12V\source\repos\SoftWhatsAppCRMDash\SoftWhatsAppCRMDash\wwwroot\lib\highcharts\es-modules\Stock\Indicators\APO\APOIndicator.js", "JavaScript", 0, 54, 0, 0, 0, 0, 0, 0, 90, 1, 145
"c:\Users\MSI SWORD 15 A12V\source\repos\SoftWhatsAppCRMDash\SoftWhatsAppCRMDash\wwwroot\lib\highcharts\es-modules\Stock\Indicators\APO\APOIndicator.min.js", "JavaScript", 0, 1, 0, 0, 0, 0, 0, 0, 0, 0, 1
"c:\Users\MSI SWORD 15 A12V\source\repos\SoftWhatsAppCRMDash\SoftWhatsAppCRMDash\wwwroot\lib\highcharts\es-modules\Stock\Indicators\ATR\ATRIndicator.js", "JavaScript", 0, 62, 0, 0, 0, 0, 0, 0, 85, 1, 148
"c:\Users\MSI SWORD 15 A12V\source\repos\SoftWhatsAppCRMDash\SoftWhatsAppCRMDash\wwwroot\lib\highcharts\es-modules\Stock\Indicators\ATR\ATRIndicator.min.js", "JavaScript", 0, 1, 0, 0, 0, 0, 0, 0, 0, 0, 1
"c:\Users\MSI SWORD 15 A12V\source\repos\SoftWhatsAppCRMDash\SoftWhatsAppCRMDash\wwwroot\lib\highcharts\es-modules\Stock\Indicators\AroonOscillator\AroonOscillatorIndicator.js", "JavaScript", 0, 41, 0, 0, 0, 0, 0, 0, 78, 1, 120
"c:\Users\MSI SWORD 15 A12V\source\repos\SoftWhatsAppCRMDash\SoftWhatsAppCRMDash\wwwroot\lib\highcharts\es-modules\Stock\Indicators\AroonOscillator\AroonOscillatorIndicator.min.js", "JavaScript", 0, 1, 0, 0, 0, 0, 0, 0, 0, 0, 1
"c:\Users\MSI SWORD 15 A12V\source\repos\SoftWhatsAppCRMDash\SoftWhatsAppCRMDash\wwwroot\lib\highcharts\es-modules\Stock\Indicators\Aroon\AroonIndicator.js", "JavaScript", 0, 77, 0, 0, 0, 0, 0, 0, 107, 1, 185
"c:\Users\MSI SWORD 15 A12V\source\repos\SoftWhatsAppCRMDash\SoftWhatsAppCRMDash\wwwroot\lib\highcharts\es-modules\Stock\Indicators\Aroon\AroonIndicator.min.js", "JavaScript", 0, 1, 0, 0, 0, 0, 0, 0, 0, 0, 1
"c:\Users\MSI SWORD 15 A12V\source\repos\SoftWhatsAppCRMDash\SoftWhatsAppCRMDash\wwwroot\lib\highcharts\es-modules\Stock\Indicators\ArrayUtilities.js", "JavaScript", 0, 11, 0, 0, 0, 0, 0, 0, 36, 1, 48
"c:\Users\MSI SWORD 15 A12V\source\repos\SoftWhatsAppCRMDash\SoftWhatsAppCRMDash\wwwroot\lib\highcharts\es-modules\Stock\Indicators\ArrayUtilities.min.js", "JavaScript", 0, 1, 0, 0, 0, 0, 0, 0, 0, 0, 1
"c:\Users\MSI SWORD 15 A12V\source\repos\SoftWhatsAppCRMDash\SoftWhatsAppCRMDash\wwwroot\lib\highcharts\es-modules\Stock\Indicators\BB\BBIndicator.js", "JavaScript", 0, 103, 0, 0, 0, 0, 0, 0, 127, 1, 231
"c:\Users\MSI SWORD 15 A12V\source\repos\SoftWhatsAppCRMDash\SoftWhatsAppCRMDash\wwwroot\lib\highcharts\es-modules\Stock\Indicators\BB\BBIndicator.min.js", "JavaScript", 0, 1, 0, 0, 0, 0, 0, 0, 0, 0, 1
"c:\Users\MSI SWORD 15 A12V\source\repos\SoftWhatsAppCRMDash\SoftWhatsAppCRMDash\wwwroot\lib\highcharts\es-modules\Stock\Indicators\CCI\CCIIndicator.js", "JavaScript", 0, 59, 0, 0, 0, 0, 0, 0, 83, 1, 143
"c:\Users\MSI SWORD 15 A12V\source\repos\SoftWhatsAppCRMDash\SoftWhatsAppCRMDash\wwwroot\lib\highcharts\es-modules\Stock\Indicators\CCI\CCIIndicator.min.js", "JavaScript", 0, 1, 0, 0, 0, 0, 0, 0, 0, 0, 1
"c:\Users\MSI SWORD 15 A12V\source\repos\SoftWhatsAppCRMDash\SoftWhatsAppCRMDash\wwwroot\lib\highcharts\es-modules\Stock\Indicators\CMF\CMFIndicator.js", "JavaScript", 0, 89, 0, 0, 0, 0, 0, 0, 146, 1, 236
"c:\Users\MSI SWORD 15 A12V\source\repos\SoftWhatsAppCRMDash\SoftWhatsAppCRMDash\wwwroot\lib\highcharts\es-modules\Stock\Indicators\CMF\CMFIndicator.min.js", "JavaScript", 0, 1, 0, 0, 0, 0, 0, 0, 0, 0, 1
"c:\Users\MSI SWORD 15 A12V\source\repos\SoftWhatsAppCRMDash\SoftWhatsAppCRMDash\wwwroot\lib\highcharts\es-modules\Stock\Indicators\CMO\CMOIndicator.js", "JavaScript", 0, 75, 0, 0, 0, 0, 0, 0, 78, 1, 154
"c:\Users\MSI SWORD 15 A12V\source\repos\SoftWhatsAppCRMDash\SoftWhatsAppCRMDash\wwwroot\lib\highcharts\es-modules\Stock\Indicators\CMO\CMOIndicator.min.js", "JavaScript", 0, 1, 0, 0, 0, 0, 0, 0, 0, 0, 1
"c:\Users\MSI SWORD 15 A12V\source\repos\SoftWhatsAppCRMDash\SoftWhatsAppCRMDash\wwwroot\lib\highcharts\es-modules\Stock\Indicators\Chaikin\ChaikinIndicator.js", "JavaScript", 0, 62, 0, 0, 0, 0, 0, 0, 101, 1, 164
"c:\Users\MSI SWORD 15 A12V\source\repos\SoftWhatsAppCRMDash\SoftWhatsAppCRMDash\wwwroot\lib\highcharts\es-modules\Stock\Indicators\Chaikin\ChaikinIndicator.min.js", "JavaScript", 0, 1, 0, 0, 0, 0, 0, 0, 0, 0, 1
"c:\Users\MSI SWORD 15 A12V\source\repos\SoftWhatsAppCRMDash\SoftWhatsAppCRMDash\wwwroot\lib\highcharts\es-modules\Stock\Indicators\DEMA\DEMAIndicator.js", "JavaScript", 0, 62, 0, 0, 0, 0, 0, 0, 85, 1, 148
"c:\Users\MSI SWORD 15 A12V\source\repos\SoftWhatsAppCRMDash\SoftWhatsAppCRMDash\wwwroot\lib\highcharts\es-modules\Stock\Indicators\DEMA\DEMAIndicator.min.js", "JavaScript", 0, 1, 0, 0, 0, 0, 0, 0, 0, 0, 1
"c:\Users\MSI SWORD 15 A12V\source\repos\SoftWhatsAppCRMDash\SoftWhatsAppCRMDash\wwwroot\lib\highcharts\es-modules\Stock\Indicators\DMI\DMIIndicator.js", "JavaScript", 0, 135, 0, 0, 0, 0, 0, 0, 121, 1, 257
"c:\Users\MSI SWORD 15 A12V\source\repos\SoftWhatsAppCRMDash\SoftWhatsAppCRMDash\wwwroot\lib\highcharts\es-modules\Stock\Indicators\DMI\DMIIndicator.min.js", "JavaScript", 0, 1, 0, 0, 0, 0, 0, 0, 0, 0, 1
"c:\Users\MSI SWORD 15 A12V\source\repos\SoftWhatsAppCRMDash\SoftWhatsAppCRMDash\wwwroot\lib\highcharts\es-modules\Stock\Indicators\DPO\DPOIndicator.js", "JavaScript", 0, 53, 0, 0, 0, 0, 0, 0, 95, 1, 149
"c:\Users\MSI SWORD 15 A12V\source\repos\SoftWhatsAppCRMDash\SoftWhatsAppCRMDash\wwwroot\lib\highcharts\es-modules\Stock\Indicators\DPO\DPOIndicator.min.js", "JavaScript", 0, 1, 0, 0, 0, 0, 0, 0, 0, 0, 1
"c:\Users\MSI SWORD 15 A12V\source\repos\SoftWhatsAppCRMDash\SoftWhatsAppCRMDash\wwwroot\lib\highcharts\es-modules\Stock\Indicators\DisparityIndex\DisparityIndexIndicator.js", "JavaScript", 0, 61, 0, 0, 0, 0, 0, 0, 90, 1, 152
"c:\Users\MSI SWORD 15 A12V\source\repos\SoftWhatsAppCRMDash\SoftWhatsAppCRMDash\wwwroot\lib\highcharts\es-modules\Stock\Indicators\DisparityIndex\DisparityIndexIndicator.min.js", "JavaScript", 0, 1, 0, 0, 0, 0, 0, 0, 0, 0, 1
"c:\Users\MSI SWORD 15 A12V\source\repos\SoftWhatsAppCRMDash\SoftWhatsAppCRMDash\wwwroot\lib\highcharts\es-modules\Stock\Indicators\EMA\EMAIndicator.js", "JavaScript", 0, 57, 0, 0, 0, 0, 0, 0, 80, 1, 138
"c:\Users\MSI SWORD 15 A12V\source\repos\SoftWhatsAppCRMDash\SoftWhatsAppCRMDash\wwwroot\lib\highcharts\es-modules\Stock\Indicators\EMA\EMAIndicator.min.js", "JavaScript", 0, 1, 0, 0, 0, 0, 0, 0, 0, 0, 1
"c:\Users\MSI SWORD 15 A12V\source\repos\SoftWhatsAppCRMDash\SoftWhatsAppCRMDash\wwwroot\lib\highcharts\es-modules\Stock\Indicators\IKH\IKHIndicator.js", "JavaScript", 0, 441, 0, 0, 0, 0, 0, 0, 251, 1, 693
"c:\Users\MSI SWORD 15 A12V\source\repos\SoftWhatsAppCRMDash\SoftWhatsAppCRMDash\wwwroot\lib\highcharts\es-modules\Stock\Indicators\IKH\IKHIndicator.min.js", "JavaScript", 0, 1, 0, 0, 0, 0, 0, 0, 0, 0, 1
"c:\Users\MSI SWORD 15 A12V\source\repos\SoftWhatsAppCRMDash\SoftWhatsAppCRMDash\wwwroot\lib\highcharts\es-modules\Stock\Indicators\KeltnerChannels\KeltnerChannelsIndicator.js", "JavaScript", 0, 94, 0, 0, 0, 0, 0, 0, 121, 1, 216
"c:\Users\MSI SWORD 15 A12V\source\repos\SoftWhatsAppCRMDash\SoftWhatsAppCRMDash\wwwroot\lib\highcharts\es-modules\Stock\Indicators\KeltnerChannels\KeltnerChannelsIndicator.min.js", "JavaScript", 0, 1, 0, 0, 0, 0, 0, 0, 0, 0, 1
"c:\Users\MSI SWORD 15 A12V\source\repos\SoftWhatsAppCRMDash\SoftWhatsAppCRMDash\wwwroot\lib\highcharts\es-modules\Stock\Indicators\Klinger\KlingerIndicator.js", "JavaScript", 0, 136, 0, 0, 0, 0, 0, 0, 112, 1, 249
"c:\Users\MSI SWORD 15 A12V\source\repos\SoftWhatsAppCRMDash\SoftWhatsAppCRMDash\wwwroot\lib\highcharts\es-modules\Stock\Indicators\Klinger\KlingerIndicator.min.js", "JavaScript", 0, 1, 0, 0, 0, 0, 0, 0, 0, 0, 1
"c:\Users\MSI SWORD 15 A12V\source\repos\SoftWhatsAppCRMDash\SoftWhatsAppCRMDash\wwwroot\lib\highcharts\es-modules\Stock\Indicators\LinearRegressionAngle\LinearRegressionAngleIndicator.js", "JavaScript", 0, 25, 0, 0, 0, 0, 0, 0, 72, 1, 98
"c:\Users\MSI SWORD 15 A12V\source\repos\SoftWhatsAppCRMDash\SoftWhatsAppCRMDash\wwwroot\lib\highcharts\es-modules\Stock\Indicators\LinearRegressionAngle\LinearRegressionAngleIndicator.min.js", "JavaScript", 0, 1, 0, 0, 0, 0, 0, 0, 0, 0, 1
"c:\Users\MSI SWORD 15 A12V\source\repos\SoftWhatsAppCRMDash\SoftWhatsAppCRMDash\wwwroot\lib\highcharts\es-modules\Stock\Indicators\LinearRegressionIntercept\LinearRegressionInterceptIndicator.js", "JavaScript", 0, 17, 0, 0, 0, 0, 0, 0, 70, 1, 88
"c:\Users\MSI SWORD 15 A12V\source\repos\SoftWhatsAppCRMDash\SoftWhatsAppCRMDash\wwwroot\lib\highcharts\es-modules\Stock\Indicators\LinearRegressionIntercept\LinearRegressionInterceptIndicator.min.js", "JavaScript", 0, 1, 0, 0, 0, 0, 0, 0, 0, 0, 1
"c:\Users\MSI SWORD 15 A12V\source\repos\SoftWhatsAppCRMDash\SoftWhatsAppCRMDash\wwwroot\lib\highcharts\es-modules\Stock\Indicators\LinearRegressionSlopes\LinearRegressionSlopesIndicator.js", "JavaScript", 0, 17, 0, 0, 0, 0, 0, 0, 70, 1, 88
"c:\Users\MSI SWORD 15 A12V\source\repos\SoftWhatsAppCRMDash\SoftWhatsAppCRMDash\wwwroot\lib\highcharts\es-modules\Stock\Indicators\LinearRegressionSlopes\LinearRegressionSlopesIndicator.min.js", "JavaScript", 0, 1, 0, 0, 0, 0, 0, 0, 0, 0, 1
"c:\Users\MSI SWORD 15 A12V\source\repos\SoftWhatsAppCRMDash\SoftWhatsAppCRMDash\wwwroot\lib\highcharts\es-modules\Stock\Indicators\LinearRegression\LinearRegressionIndicator.js", "JavaScript", 0, 96, 0, 0, 0, 0, 0, 0, 175, 1, 272
"c:\Users\MSI SWORD 15 A12V\source\repos\SoftWhatsAppCRMDash\SoftWhatsAppCRMDash\wwwroot\lib\highcharts\es-modules\Stock\Indicators\LinearRegression\LinearRegressionIndicator.min.js", "JavaScript", 0, 1, 0, 0, 0, 0, 0, 0, 0, 0, 1
"c:\Users\MSI SWORD 15 A12V\source\repos\SoftWhatsAppCRMDash\SoftWhatsAppCRMDash\wwwroot\lib\highcharts\es-modules\Stock\Indicators\MACD\MACDIndicator.js", "JavaScript", 0, 231, 0, 0, 0, 0, 0, 0, 141, 1, 373
"c:\Users\MSI SWORD 15 A12V\source\repos\SoftWhatsAppCRMDash\SoftWhatsAppCRMDash\wwwroot\lib\highcharts\es-modules\Stock\Indicators\MACD\MACDIndicator.min.js", "JavaScript", 0, 1, 0, 0, 0, 0, 0, 0, 0, 0, 1
"c:\Users\MSI SWORD 15 A12V\source\repos\SoftWhatsAppCRMDash\SoftWhatsAppCRMDash\wwwroot\lib\highcharts\es-modules\Stock\Indicators\MFI\MFIIndicator.js", "JavaScript", 0, 84, 0, 0, 0, 0, 0, 0, 113, 1, 198
"c:\Users\MSI SWORD 15 A12V\source\repos\SoftWhatsAppCRMDash\SoftWhatsAppCRMDash\wwwroot\lib\highcharts\es-modules\Stock\Indicators\MFI\MFIIndicator.min.js", "JavaScript", 0, 1, 0, 0, 0, 0, 0, 0, 0, 0, 1
"c:\Users\MSI SWORD 15 A12V\source\repos\SoftWhatsAppCRMDash\SoftWhatsAppCRMDash\wwwroot\lib\highcharts\es-modules\Stock\Indicators\Momentum\MomentumIndicator.js", "JavaScript", 0, 47, 0, 0, 0, 0, 0, 0, 76, 1, 124
"c:\Users\MSI SWORD 15 A12V\source\repos\SoftWhatsAppCRMDash\SoftWhatsAppCRMDash\wwwroot\lib\highcharts\es-modules\Stock\Indicators\Momentum\MomentumIndicator.min.js", "JavaScript", 0, 1, 0, 0, 0, 0, 0, 0, 0, 0, 1
"c:\Users\MSI SWORD 15 A12V\source\repos\SoftWhatsAppCRMDash\SoftWhatsAppCRMDash\wwwroot\lib\highcharts\es-modules\Stock\Indicators\MultipleLinesComposition.js", "JavaScript", 0, 150, 0, 0, 0, 0, 0, 0, 129, 1, 280
"c:\Users\MSI SWORD 15 A12V\source\repos\SoftWhatsAppCRMDash\SoftWhatsAppCRMDash\wwwroot\lib\highcharts\es-modules\Stock\Indicators\MultipleLinesComposition.min.js", "JavaScript", 0, 1, 0, 0, 0, 0, 0, 0, 0, 0, 1
"c:\Users\MSI SWORD 15 A12V\source\repos\SoftWhatsAppCRMDash\SoftWhatsAppCRMDash\wwwroot\lib\highcharts\es-modules\Stock\Indicators\NATR\NATRIndicator.js", "JavaScript", 0, 28, 0, 0, 0, 0, 0, 0, 69, 1, 98
"c:\Users\MSI SWORD 15 A12V\source\repos\SoftWhatsAppCRMDash\SoftWhatsAppCRMDash\wwwroot\lib\highcharts\es-modules\Stock\Indicators\NATR\NATRIndicator.min.js", "JavaScript", 0, 1, 0, 0, 0, 0, 0, 0, 0, 0, 1
"c:\Users\MSI SWORD 15 A12V\source\repos\SoftWhatsAppCRMDash\SoftWhatsAppCRMDash\wwwroot\lib\highcharts\es-modules\Stock\Indicators\OBV\OBVIndicator.js", "JavaScript", 0, 69, 0, 0, 0, 0, 0, 0, 84, 1, 154
"c:\Users\MSI SWORD 15 A12V\source\repos\SoftWhatsAppCRMDash\SoftWhatsAppCRMDash\wwwroot\lib\highcharts\es-modules\Stock\Indicators\OBV\OBVIndicator.min.js", "JavaScript", 0, 1, 0, 0, 0, 0, 0, 0, 0, 0, 1
"c:\Users\MSI SWORD 15 A12V\source\repos\SoftWhatsAppCRMDash\SoftWhatsAppCRMDash\wwwroot\lib\highcharts\es-modules\Stock\Indicators\PC\PCIndicator.js", "JavaScript", 0, 69, 0, 0, 0, 0, 0, 0, 107, 1, 177
"c:\Users\MSI SWORD 15 A12V\source\repos\SoftWhatsAppCRMDash\SoftWhatsAppCRMDash\wwwroot\lib\highcharts\es-modules\Stock\Indicators\PC\PCIndicator.min.js", "JavaScript", 0, 1, 0, 0, 0, 0, 0, 0, 0, 0, 1
"c:\Users\MSI SWORD 15 A12V\source\repos\SoftWhatsAppCRMDash\SoftWhatsAppCRMDash\wwwroot\lib\highcharts\es-modules\Stock\Indicators\PPO\PPOIndicator.js", "JavaScript", 0, 56, 0, 0, 0, 0, 0, 0, 90, 1, 147
"c:\Users\MSI SWORD 15 A12V\source\repos\SoftWhatsAppCRMDash\SoftWhatsAppCRMDash\wwwroot\lib\highcharts\es-modules\Stock\Indicators\PPO\PPOIndicator.min.js", "JavaScript", 0, 1, 0, 0, 0, 0, 0, 0, 0, 0, 1
"c:\Users\MSI SWORD 15 A12V\source\repos\SoftWhatsAppCRMDash\SoftWhatsAppCRMDash\wwwroot\lib\highcharts\es-modules\Stock\Indicators\PSAR\PSARIndicator.js", "JavaScript", 0, 132, 0, 0, 0, 0, 0, 0, 157, 1, 290
"c:\Users\MSI SWORD 15 A12V\source\repos\SoftWhatsAppCRMDash\SoftWhatsAppCRMDash\wwwroot\lib\highcharts\es-modules\Stock\Indicators\PSAR\PSARIndicator.min.js", "JavaScript", 0, 1, 0, 0, 0, 0, 0, 0, 0, 0, 1
"c:\Users\MSI SWORD 15 A12V\source\repos\SoftWhatsAppCRMDash\SoftWhatsAppCRMDash\wwwroot\lib\highcharts\es-modules\Stock\Indicators\PivotPoints\PivotPointsIndicator.js", "JavaScript", 0, 197, 0, 0, 0, 0, 0, 0, 98, 1, 296
"c:\Users\MSI SWORD 15 A12V\source\repos\SoftWhatsAppCRMDash\SoftWhatsAppCRMDash\wwwroot\lib\highcharts\es-modules\Stock\Indicators\PivotPoints\PivotPointsIndicator.min.js", "JavaScript", 0, 1, 0, 0, 0, 0, 0, 0, 0, 0, 1
"c:\Users\MSI SWORD 15 A12V\source\repos\SoftWhatsAppCRMDash\SoftWhatsAppCRMDash\wwwroot\lib\highcharts\es-modules\Stock\Indicators\PivotPoints\PivotPointsPoint.js", "JavaScript", 0, 24, 0, 0, 0, 0, 0, 0, 32, 1, 57
"c:\Users\MSI SWORD 15 A12V\source\repos\SoftWhatsAppCRMDash\SoftWhatsAppCRMDash\wwwroot\lib\highcharts\es-modules\Stock\Indicators\PivotPoints\PivotPointsPoint.min.js", "JavaScript", 0, 1, 0, 0, 0, 0, 0, 0, 0, 0, 1
"c:\Users\MSI SWORD 15 A12V\source\repos\SoftWhatsAppCRMDash\SoftWhatsAppCRMDash\wwwroot\lib\highcharts\es-modules\Stock\Indicators\PriceEnvelopes\PriceEnvelopesIndicator.js", "JavaScript", 0, 94, 0, 0, 0, 0, 0, 0, 109, 1, 204
"c:\Users\MSI SWORD 15 A12V\source\repos\SoftWhatsAppCRMDash\SoftWhatsAppCRMDash\wwwroot\lib\highcharts\es-modules\Stock\Indicators\PriceEnvelopes\PriceEnvelopesIndicator.min.js", "JavaScript", 0, 1, 0, 0, 0, 0, 0, 0, 0, 0, 1
"c:\Users\MSI SWORD 15 A12V\source\repos\SoftWhatsAppCRMDash\SoftWhatsAppCRMDash\wwwroot\lib\highcharts\es-modules\Stock\Indicators\ROC\ROCIndicator.js", "JavaScript", 0, 56, 0, 0, 0, 0, 0, 0, 110, 1, 167
"c:\Users\MSI SWORD 15 A12V\source\repos\SoftWhatsAppCRMDash\SoftWhatsAppCRMDash\wwwroot\lib\highcharts\es-modules\Stock\Indicators\ROC\ROCIndicator.min.js", "JavaScript", 0, 1, 0, 0, 0, 0, 0, 0, 0, 0, 1
"c:\Users\MSI SWORD 15 A12V\source\repos\SoftWhatsAppCRMDash\SoftWhatsAppCRMDash\wwwroot\lib\highcharts\es-modules\Stock\Indicators\RSI\RSIIndicator.js", "JavaScript", 0, 77, 0, 0, 0, 0, 0, 0, 89, 1, 167
"c:\Users\MSI SWORD 15 A12V\source\repos\SoftWhatsAppCRMDash\SoftWhatsAppCRMDash\wwwroot\lib\highcharts\es-modules\Stock\Indicators\RSI\RSIIndicator.min.js", "JavaScript", 0, 1, 0, 0, 0, 0, 0, 0, 0, 0, 1
"c:\Users\MSI SWORD 15 A12V\source\repos\SoftWhatsAppCRMDash\SoftWhatsAppCRMDash\wwwroot\lib\highcharts\es-modules\Stock\Indicators\SMA\SMAIndicator.js", "JavaScript", 0, 224, 0, 0, 0, 0, 0, 0, 175, 1, 400
"c:\Users\MSI SWORD 15 A12V\source\repos\SoftWhatsAppCRMDash\SoftWhatsAppCRMDash\wwwroot\lib\highcharts\es-modules\Stock\Indicators\SMA\SMAIndicator.min.js", "JavaScript", 0, 1, 0, 0, 0, 0, 0, 0, 0, 0, 1
"c:\Users\MSI SWORD 15 A12V\source\repos\SoftWhatsAppCRMDash\SoftWhatsAppCRMDash\wwwroot\lib\highcharts\es-modules\Stock\Indicators\SlowStochastic\SlowStochasticIndicator.js", "JavaScript", 0, 52, 0, 0, 0, 0, 0, 0, 77, 1, 130
"c:\Users\MSI SWORD 15 A12V\source\repos\SoftWhatsAppCRMDash\SoftWhatsAppCRMDash\wwwroot\lib\highcharts\es-modules\Stock\Indicators\SlowStochastic\SlowStochasticIndicator.min.js", "JavaScript", 0, 1, 0, 0, 0, 0, 0, 0, 0, 0, 1
"c:\Users\MSI SWORD 15 A12V\source\repos\SoftWhatsAppCRMDash\SoftWhatsAppCRMDash\wwwroot\lib\highcharts\es-modules\Stock\Indicators\Stochastic\StochasticIndicator.js", "JavaScript", 0, 108, 0, 0, 0, 0, 0, 0, 111, 1, 220
"c:\Users\MSI SWORD 15 A12V\source\repos\SoftWhatsAppCRMDash\SoftWhatsAppCRMDash\wwwroot\lib\highcharts\es-modules\Stock\Indicators\Stochastic\StochasticIndicator.min.js", "JavaScript", 0, 1, 0, 0, 0, 0, 0, 0, 0, 0, 1
"c:\Users\MSI SWORD 15 A12V\source\repos\SoftWhatsAppCRMDash\SoftWhatsAppCRMDash\wwwroot\lib\highcharts\es-modules\Stock\Indicators\Supertrend\SupertrendIndicator.js", "JavaScript", 0, 274, 0, 0, 0, 0, 0, 0, 201, 1, 476
"c:\Users\MSI SWORD 15 A12V\source\repos\SoftWhatsAppCRMDash\SoftWhatsAppCRMDash\wwwroot\lib\highcharts\es-modules\Stock\Indicators\Supertrend\SupertrendIndicator.min.js", "JavaScript", 0, 1, 0, 0, 0, 0, 0, 0, 0, 0, 1
"c:\Users\MSI SWORD 15 A12V\source\repos\SoftWhatsAppCRMDash\SoftWhatsAppCRMDash\wwwroot\lib\highcharts\es-modules\Stock\Indicators\TEMA\TEMAIndicator.js", "JavaScript", 0, 87, 0, 0, 0, 0, 0, 0, 93, 1, 181
"c:\Users\MSI SWORD 15 A12V\source\repos\SoftWhatsAppCRMDash\SoftWhatsAppCRMDash\wwwroot\lib\highcharts\es-modules\Stock\Indicators\TEMA\TEMAIndicator.min.js", "JavaScript", 0, 1, 0, 0, 0, 0, 0, 0, 0, 0, 1
"c:\Users\MSI SWORD 15 A12V\source\repos\SoftWhatsAppCRMDash\SoftWhatsAppCRMDash\wwwroot\lib\highcharts\es-modules\Stock\Indicators\TRIX\TRIXIndicator.js", "JavaScript", 0, 21, 0, 0, 0, 0, 0, 0, 75, 1, 97
"c:\Users\MSI SWORD 15 A12V\source\repos\SoftWhatsAppCRMDash\SoftWhatsAppCRMDash\wwwroot\lib\highcharts\es-modules\Stock\Indicators\TRIX\TRIXIndicator.min.js", "JavaScript", 0, 1, 0, 0, 0, 0, 0, 0, 0, 0, 1
"c:\Users\MSI SWORD 15 A12V\source\repos\SoftWhatsAppCRMDash\SoftWhatsAppCRMDash\wwwroot\lib\highcharts\es-modules\Stock\Indicators\TrendLine\TrendLineIndicator.js", "JavaScript", 0, 58, 0, 0, 0, 0, 0, 0, 81, 1, 140
"c:\Users\MSI SWORD 15 A12V\source\repos\SoftWhatsAppCRMDash\SoftWhatsAppCRMDash\wwwroot\lib\highcharts\es-modules\Stock\Indicators\TrendLine\TrendLineIndicator.min.js", "JavaScript", 0, 1, 0, 0, 0, 0, 0, 0, 0, 0, 1
"c:\Users\MSI SWORD 15 A12V\source\repos\SoftWhatsAppCRMDash\SoftWhatsAppCRMDash\wwwroot\lib\highcharts\es-modules\Stock\Indicators\VBP\VBPIndicator.js", "JavaScript", 0, 419, 0, 0, 0, 0, 0, 0, 168, 1, 588
"c:\Users\MSI SWORD 15 A12V\source\repos\SoftWhatsAppCRMDash\SoftWhatsAppCRMDash\wwwroot\lib\highcharts\es-modules\Stock\Indicators\VBP\VBPIndicator.min.js", "JavaScript", 0, 1, 0, 0, 0, 0, 0, 0, 0, 0, 1
"c:\Users\MSI SWORD 15 A12V\source\repos\SoftWhatsAppCRMDash\SoftWhatsAppCRMDash\wwwroot\lib\highcharts\es-modules\Stock\Indicators\VBP\VBPPoint.js", "JavaScript", 0, 12, 0, 0, 0, 0, 0, 0, 24, 1, 37
"c:\Users\MSI SWORD 15 A12V\source\repos\SoftWhatsAppCRMDash\SoftWhatsAppCRMDash\wwwroot\lib\highcharts\es-modules\Stock\Indicators\VBP\VBPPoint.min.js", "JavaScript", 0, 1, 0, 0, 0, 0, 0, 0, 0, 0, 1
"c:\Users\MSI SWORD 15 A12V\source\repos\SoftWhatsAppCRMDash\SoftWhatsAppCRMDash\wwwroot\lib\highcharts\es-modules\Stock\Indicators\VWAP\VWAPIndicator.js", "JavaScript", 0, 68, 0, 0, 0, 0, 0, 0, 110, 1, 179
"c:\Users\MSI SWORD 15 A12V\source\repos\SoftWhatsAppCRMDash\SoftWhatsAppCRMDash\wwwroot\lib\highcharts\es-modules\Stock\Indicators\VWAP\VWAPIndicator.min.js", "JavaScript", 0, 1, 0, 0, 0, 0, 0, 0, 0, 0, 1
"c:\Users\MSI SWORD 15 A12V\source\repos\SoftWhatsAppCRMDash\SoftWhatsAppCRMDash\wwwroot\lib\highcharts\es-modules\Stock\Indicators\WMA\WMAIndicator.js", "JavaScript", 0, 63, 0, 0, 0, 0, 0, 0, 92, 1, 156
"c:\Users\MSI SWORD 15 A12V\source\repos\SoftWhatsAppCRMDash\SoftWhatsAppCRMDash\wwwroot\lib\highcharts\es-modules\Stock\Indicators\WMA\WMAIndicator.min.js", "JavaScript", 0, 1, 0, 0, 0, 0, 0, 0, 0, 0, 1
"c:\Users\MSI SWORD 15 A12V\source\repos\SoftWhatsAppCRMDash\SoftWhatsAppCRMDash\wwwroot\lib\highcharts\es-modules\Stock\Indicators\WilliamsR\WilliamsRIndicator.js", "JavaScript", 0, 51, 0, 0, 0, 0, 0, 0, 83, 1, 135
"c:\Users\MSI SWORD 15 A12V\source\repos\SoftWhatsAppCRMDash\SoftWhatsAppCRMDash\wwwroot\lib\highcharts\es-modules\Stock\Indicators\WilliamsR\WilliamsRIndicator.min.js", "JavaScript", 0, 1, 0, 0, 0, 0, 0, 0, 0, 0, 1
"c:\Users\MSI SWORD 15 A12V\source\repos\SoftWhatsAppCRMDash\SoftWhatsAppCRMDash\wwwroot\lib\highcharts\es-modules\Stock\Indicators\Zigzag\ZigzagIndicator.js", "JavaScript", 0, 98, 0, 0, 0, 0, 0, 0, 113, 1, 212
"c:\Users\MSI SWORD 15 A12V\source\repos\SoftWhatsAppCRMDash\SoftWhatsAppCRMDash\wwwroot\lib\highcharts\es-modules\Stock\Indicators\Zigzag\ZigzagIndicator.min.js", "JavaScript", 0, 1, 0, 0, 0, 0, 0, 0, 0, 0, 1
"c:\Users\MSI SWORD 15 A12V\source\repos\SoftWhatsAppCRMDash\SoftWhatsAppCRMDash\wwwroot\lib\highcharts\es-modules\Stock\Navigator\ChartNavigatorComposition.js", "JavaScript", 0, 121, 0, 0, 0, 0, 0, 0, 67, 1, 189
"c:\Users\MSI SWORD 15 A12V\source\repos\SoftWhatsAppCRMDash\SoftWhatsAppCRMDash\wwwroot\lib\highcharts\es-modules\Stock\Navigator\ChartNavigatorComposition.min.js", "JavaScript", 0, 1, 0, 0, 0, 0, 0, 0, 0, 0, 1
"c:\Users\MSI SWORD 15 A12V\source\repos\SoftWhatsAppCRMDash\SoftWhatsAppCRMDash\wwwroot\lib\highcharts\es-modules\Stock\Navigator\Navigator.js", "JavaScript", 0, 1005, 0, 0, 0, 0, 0, 0, 478, 1, 1484
"c:\Users\MSI SWORD 15 A12V\source\repos\SoftWhatsAppCRMDash\SoftWhatsAppCRMDash\wwwroot\lib\highcharts\es-modules\Stock\Navigator\Navigator.min.js", "JavaScript", 0, 1, 0, 0, 0, 0, 0, 0, 0, 0, 1
"c:\Users\MSI SWORD 15 A12V\source\repos\SoftWhatsAppCRMDash\SoftWhatsAppCRMDash\wwwroot\lib\highcharts\es-modules\Stock\Navigator\NavigatorComposition.js", "JavaScript", 0, 32, 0, 0, 0, 0, 0, 0, 31, 1, 64
"c:\Users\MSI SWORD 15 A12V\source\repos\SoftWhatsAppCRMDash\SoftWhatsAppCRMDash\wwwroot\lib\highcharts\es-modules\Stock\Navigator\NavigatorComposition.min.js", "JavaScript", 0, 1, 0, 0, 0, 0, 0, 0, 0, 0, 1
"c:\Users\MSI SWORD 15 A12V\source\repos\SoftWhatsAppCRMDash\SoftWhatsAppCRMDash\wwwroot\lib\highcharts\es-modules\Stock\Navigator\NavigatorDefaults.js", "JavaScript", 0, 104, 0, 0, 0, 0, 0, 0, 423, 1, 528
"c:\Users\MSI SWORD 15 A12V\source\repos\SoftWhatsAppCRMDash\SoftWhatsAppCRMDash\wwwroot\lib\highcharts\es-modules\Stock\Navigator\NavigatorDefaults.min.js", "JavaScript", 0, 1, 0, 0, 0, 0, 0, 0, 0, 0, 1
"c:\Users\MSI SWORD 15 A12V\source\repos\SoftWhatsAppCRMDash\SoftWhatsAppCRMDash\wwwroot\lib\highcharts\es-modules\Stock\Navigator\NavigatorSymbols.js", "JavaScript", 0, 19, 0, 0, 0, 0, 0, 0, 23, 1, 43
"c:\Users\MSI SWORD 15 A12V\source\repos\SoftWhatsAppCRMDash\SoftWhatsAppCRMDash\wwwroot\lib\highcharts\es-modules\Stock\Navigator\NavigatorSymbols.min.js", "JavaScript", 0, 1, 0, 0, 0, 0, 0, 0, 0, 0, 1
"c:\Users\MSI SWORD 15 A12V\source\repos\SoftWhatsAppCRMDash\SoftWhatsAppCRMDash\wwwroot\lib\highcharts\es-modules\Stock\Navigator\StandaloneNavigator.js", "JavaScript", 0, 164, 0, 0, 0, 0, 0, 0, 173, 1, 338
"c:\Users\MSI SWORD 15 A12V\source\repos\SoftWhatsAppCRMDash\SoftWhatsAppCRMDash\wwwroot\lib\highcharts\es-modules\Stock\Navigator\StandaloneNavigator.min.js", "JavaScript", 0, 1, 0, 0, 0, 0, 0, 0, 0, 0, 1
"c:\Users\MSI SWORD 15 A12V\source\repos\SoftWhatsAppCRMDash\SoftWhatsAppCRMDash\wwwroot\lib\highcharts\es-modules\Stock\Navigator\StandaloneNavigatorDefaults.js", "JavaScript", 0, 45, 0, 0, 0, 0, 0, 0, 19, 1, 65
"c:\Users\MSI SWORD 15 A12V\source\repos\SoftWhatsAppCRMDash\SoftWhatsAppCRMDash\wwwroot\lib\highcharts\es-modules\Stock\Navigator\StandaloneNavigatorDefaults.min.js", "JavaScript", 0, 1, 0, 0, 0, 0, 0, 0, 0, 0, 1
"c:\Users\MSI SWORD 15 A12V\source\repos\SoftWhatsAppCRMDash\SoftWhatsAppCRMDash\wwwroot\lib\highcharts\es-modules\Stock\RangeSelector\RangeSelector.js", "JavaScript", 0, 1165, 0, 0, 0, 0, 0, 0, 416, 1, 1582
"c:\Users\MSI SWORD 15 A12V\source\repos\SoftWhatsAppCRMDash\SoftWhatsAppCRMDash\wwwroot\lib\highcharts\es-modules\Stock\RangeSelector\RangeSelector.min.js", "JavaScript", 0, 1, 0, 0, 0, 0, 0, 0, 0, 0, 1
"c:\Users\MSI SWORD 15 A12V\source\repos\SoftWhatsAppCRMDash\SoftWhatsAppCRMDash\wwwroot\lib\highcharts\es-modules\Stock\RangeSelector\RangeSelectorComposition.js", "JavaScript", 0, 194, 0, 0, 0, 0, 0, 0, 71, 1, 266
"c:\Users\MSI SWORD 15 A12V\source\repos\SoftWhatsAppCRMDash\SoftWhatsAppCRMDash\wwwroot\lib\highcharts\es-modules\Stock\RangeSelector\RangeSelectorComposition.min.js", "JavaScript", 0, 1, 0, 0, 0, 0, 0, 0, 0, 0, 1
"c:\Users\MSI SWORD 15 A12V\source\repos\SoftWhatsAppCRMDash\SoftWhatsAppCRMDash\wwwroot\lib\highcharts\es-modules\Stock\RangeSelector\RangeSelectorDefaults.js", "JavaScript", 0, 85, 0, 0, 0, 0, 0, 0, 469, 1, 555
"c:\Users\MSI SWORD 15 A12V\source\repos\SoftWhatsAppCRMDash\SoftWhatsAppCRMDash\wwwroot\lib\highcharts\es-modules\Stock\RangeSelector\RangeSelectorDefaults.min.js", "JavaScript", 0, 1, 0, 0, 0, 0, 0, 0, 0, 0, 1
"c:\Users\MSI SWORD 15 A12V\source\repos\SoftWhatsAppCRMDash\SoftWhatsAppCRMDash\wwwroot\lib\highcharts\es-modules\Stock\Scrollbar\Scrollbar.js", "JavaScript", 0, 441, 0, 0, 0, 0, 0, 0, 219, 1, 661
"c:\Users\MSI SWORD 15 A12V\source\repos\SoftWhatsAppCRMDash\SoftWhatsAppCRMDash\wwwroot\lib\highcharts\es-modules\Stock\Scrollbar\Scrollbar.min.js", "JavaScript", 0, 1, 0, 0, 0, 0, 0, 0, 0, 0, 1
"c:\Users\MSI SWORD 15 A12V\source\repos\SoftWhatsAppCRMDash\SoftWhatsAppCRMDash\wwwroot\lib\highcharts\es-modules\Stock\Scrollbar\ScrollbarDefaults.js", "JavaScript", 0, 26, 0, 0, 0, 0, 0, 0, 195, 1, 222
"c:\Users\MSI SWORD 15 A12V\source\repos\SoftWhatsAppCRMDash\SoftWhatsAppCRMDash\wwwroot\lib\highcharts\es-modules\Stock\Scrollbar\ScrollbarDefaults.min.js", "JavaScript", 0, 1, 0, 0, 0, 0, 0, 0, 0, 0, 1
"c:\Users\MSI SWORD 15 A12V\source\repos\SoftWhatsAppCRMDash\SoftWhatsAppCRMDash\wwwroot\lib\highcharts\es-modules\Stock\StockTools\StockToolbar.js", "JavaScript", 0, 412, 0, 0, 0, 0, 0, 0, 213, 1, 626
"c:\Users\MSI SWORD 15 A12V\source\repos\SoftWhatsAppCRMDash\SoftWhatsAppCRMDash\wwwroot\lib\highcharts\es-modules\Stock\StockTools\StockToolbar.min.js", "JavaScript", 0, 1, 0, 0, 0, 0, 0, 0, 0, 0, 1
"c:\Users\MSI SWORD 15 A12V\source\repos\SoftWhatsAppCRMDash\SoftWhatsAppCRMDash\wwwroot\lib\highcharts\es-modules\Stock\StockTools\StockTools.js", "JavaScript", 0, 137, 0, 0, 0, 0, 0, 0, 108, 1, 246
"c:\Users\MSI SWORD 15 A12V\source\repos\SoftWhatsAppCRMDash\SoftWhatsAppCRMDash\wwwroot\lib\highcharts\es-modules\Stock\StockTools\StockTools.min.js", "JavaScript", 0, 1, 0, 0, 0, 0, 0, 0, 0, 0, 1
"c:\Users\MSI SWORD 15 A12V\source\repos\SoftWhatsAppCRMDash\SoftWhatsAppCRMDash\wwwroot\lib\highcharts\es-modules\Stock\StockTools\StockToolsBindings.js", "JavaScript", 0, 986, 0, 0, 0, 0, 0, 0, 517, 1, 1504
"c:\Users\MSI SWORD 15 A12V\source\repos\SoftWhatsAppCRMDash\SoftWhatsAppCRMDash\wwwroot\lib\highcharts\es-modules\Stock\StockTools\StockToolsBindings.min.js", "JavaScript", 0, 1, 0, 0, 0, 0, 0, 0, 0, 0, 1
"c:\Users\MSI SWORD 15 A12V\source\repos\SoftWhatsAppCRMDash\SoftWhatsAppCRMDash\wwwroot\lib\highcharts\es-modules\Stock\StockTools\StockToolsDefaults.js", "JavaScript", 0, 439, 0, 0, 0, 0, 0, 0, 758, 1, 1198
"c:\Users\MSI SWORD 15 A12V\source\repos\SoftWhatsAppCRMDash\SoftWhatsAppCRMDash\wwwroot\lib\highcharts\es-modules\Stock\StockTools\StockToolsDefaults.min.js", "JavaScript", 0, 1, 0, 0, 0, 0, 0, 0, 0, 0, 1
"c:\Users\MSI SWORD 15 A12V\source\repos\SoftWhatsAppCRMDash\SoftWhatsAppCRMDash\wwwroot\lib\highcharts\es-modules\Stock\StockTools\StockToolsGui.js", "JavaScript", 0, 122, 0, 0, 0, 0, 0, 0, 62, 1, 185
"c:\Users\MSI SWORD 15 A12V\source\repos\SoftWhatsAppCRMDash\SoftWhatsAppCRMDash\wwwroot\lib\highcharts\es-modules\Stock\StockTools\StockToolsGui.min.js", "JavaScript", 0, 1, 0, 0, 0, 0, 0, 0, 0, 0, 1
"c:\Users\MSI SWORD 15 A12V\source\repos\SoftWhatsAppCRMDash\SoftWhatsAppCRMDash\wwwroot\lib\highcharts\es-modules\Stock\StockTools\StockToolsUtilities.js", "JavaScript", 0, 306, 0, 0, 0, 0, 0, 0, 142, 1, 449
"c:\Users\MSI SWORD 15 A12V\source\repos\SoftWhatsAppCRMDash\SoftWhatsAppCRMDash\wwwroot\lib\highcharts\es-modules\Stock\StockTools\StockToolsUtilities.min.js", "JavaScript", 0, 1, 0, 0, 0, 0, 0, 0, 0, 0, 1
"c:\Users\MSI SWORD 15 A12V\source\repos\SoftWhatsAppCRMDash\SoftWhatsAppCRMDash\wwwroot\lib\highcharts\es-modules\Stock\Utilities\StockUtilities.js", "JavaScript", 0, 18, 0, 0, 0, 0, 0, 0, 23, 1, 42
"c:\Users\MSI SWORD 15 A12V\source\repos\SoftWhatsAppCRMDash\SoftWhatsAppCRMDash\wwwroot\lib\highcharts\es-modules\Stock\Utilities\StockUtilities.min.js", "JavaScript", 0, 1, 0, 0, 0, 0, 0, 0, 0, 0, 1
"c:\Users\MSI SWORD 15 A12V\source\repos\SoftWhatsAppCRMDash\SoftWhatsAppCRMDash\wwwroot\lib\highcharts\es-modules\masters\highcharts-3d.src.js", "JavaScript", 0, 23, 0, 0, 0, 0, 0, 0, 10, 1, 34
"c:\Users\MSI SWORD 15 A12V\source\repos\SoftWhatsAppCRMDash\SoftWhatsAppCRMDash\wwwroot\lib\highcharts\es-modules\masters\highcharts-3d.src.min.js", "JavaScript", 0, 1, 0, 0, 0, 0, 0, 0, 0, 0, 1
"c:\Users\MSI SWORD 15 A12V\source\repos\SoftWhatsAppCRMDash\SoftWhatsAppCRMDash\wwwroot\lib\highcharts\es-modules\masters\highcharts-gantt.src.js", "JavaScript", 0, 5, 0, 0, 0, 0, 0, 0, 8, 1, 14
"c:\Users\MSI SWORD 15 A12V\source\repos\SoftWhatsAppCRMDash\SoftWhatsAppCRMDash\wwwroot\lib\highcharts\es-modules\masters\highcharts-gantt.src.min.js", "JavaScript", 0, 1, 0, 0, 0, 0, 0, 0, 0, 0, 1
"c:\Users\MSI SWORD 15 A12V\source\repos\SoftWhatsAppCRMDash\SoftWhatsAppCRMDash\wwwroot\lib\highcharts\es-modules\masters\highcharts-more.src.js", "JavaScript", 0, 25, 0, 0, 0, 0, 0, 0, 9, 1, 35
"c:\Users\MSI SWORD 15 A12V\source\repos\SoftWhatsAppCRMDash\SoftWhatsAppCRMDash\wwwroot\lib\highcharts\es-modules\masters\highcharts-more.src.min.js", "JavaScript", 0, 1, 0, 0, 0, 0, 0, 0, 0, 0, 1
"c:\Users\MSI SWORD 15 A12V\source\repos\SoftWhatsAppCRMDash\SoftWhatsAppCRMDash\wwwroot\lib\highcharts\es-modules\masters\highcharts.src.js", "JavaScript", 0, 105, 0, 0, 0, 0, 0, 0, 12, 1, 118
"c:\Users\MSI SWORD 15 A12V\source\repos\SoftWhatsAppCRMDash\SoftWhatsAppCRMDash\wwwroot\lib\highcharts\es-modules\masters\highcharts.src.min.js", "JavaScript", 0, 1, 0, 0, 0, 0, 0, 0, 0, 0, 1
"c:\Users\MSI SWORD 15 A12V\source\repos\SoftWhatsAppCRMDash\SoftWhatsAppCRMDash\wwwroot\lib\highcharts\es-modules\masters\highmaps.src.js", "JavaScript", 0, 5, 0, 0, 0, 0, 0, 0, 8, 1, 14
"c:\Users\MSI SWORD 15 A12V\source\repos\SoftWhatsAppCRMDash\SoftWhatsAppCRMDash\wwwroot\lib\highcharts\es-modules\masters\highmaps.src.min.js", "JavaScript", 0, 1, 0, 0, 0, 0, 0, 0, 0, 0, 1
"c:\Users\MSI SWORD 15 A12V\source\repos\SoftWhatsAppCRMDash\SoftWhatsAppCRMDash\wwwroot\lib\highcharts\es-modules\masters\highstock.src.js", "JavaScript", 0, 5, 0, 0, 0, 0, 0, 0, 8, 1, 14
"c:\Users\MSI SWORD 15 A12V\source\repos\SoftWhatsAppCRMDash\SoftWhatsAppCRMDash\wwwroot\lib\highcharts\es-modules\masters\highstock.src.min.js", "JavaScript", 0, 1, 0, 0, 0, 0, 0, 0, 0, 0, 1
"c:\Users\MSI SWORD 15 A12V\source\repos\SoftWhatsAppCRMDash\SoftWhatsAppCRMDash\wwwroot\lib\highcharts\es-modules\masters\indicators\acceleration-bands.src.js", "JavaScript", 0, 4, 0, 0, 0, 0, 0, 0, 12, 1, 17
"c:\Users\MSI SWORD 15 A12V\source\repos\SoftWhatsAppCRMDash\SoftWhatsAppCRMDash\wwwroot\lib\highcharts\es-modules\masters\indicators\acceleration-bands.src.min.js", "JavaScript", 0, 1, 0, 0, 0, 0, 0, 0, 0, 0, 1
"c:\Users\MSI SWORD 15 A12V\source\repos\SoftWhatsAppCRMDash\SoftWhatsAppCRMDash\wwwroot\lib\highcharts\es-modules\masters\indicators\accumulation-distribution.src.js", "JavaScript", 0, 4, 0, 0, 0, 0, 0, 0, 12, 1, 17
"c:\Users\MSI SWORD 15 A12V\source\repos\SoftWhatsAppCRMDash\SoftWhatsAppCRMDash\wwwroot\lib\highcharts\es-modules\masters\indicators\accumulation-distribution.src.min.js", "JavaScript", 0, 1, 0, 0, 0, 0, 0, 0, 0, 0, 1
"c:\Users\MSI SWORD 15 A12V\source\repos\SoftWhatsAppCRMDash\SoftWhatsAppCRMDash\wwwroot\lib\highcharts\es-modules\masters\indicators\ao.src.js", "JavaScript", 0, 4, 0, 0, 0, 0, 0, 0, 12, 1, 17
"c:\Users\MSI SWORD 15 A12V\source\repos\SoftWhatsAppCRMDash\SoftWhatsAppCRMDash\wwwroot\lib\highcharts\es-modules\masters\indicators\ao.src.min.js", "JavaScript", 0, 1, 0, 0, 0, 0, 0, 0, 0, 0, 1
"c:\Users\MSI SWORD 15 A12V\source\repos\SoftWhatsAppCRMDash\SoftWhatsAppCRMDash\wwwroot\lib\highcharts\es-modules\masters\indicators\apo.src.js", "JavaScript", 0, 4, 0, 0, 0, 0, 0, 0, 12, 1, 17
"c:\Users\MSI SWORD 15 A12V\source\repos\SoftWhatsAppCRMDash\SoftWhatsAppCRMDash\wwwroot\lib\highcharts\es-modules\masters\indicators\apo.src.min.js", "JavaScript", 0, 1, 0, 0, 0, 0, 0, 0, 0, 0, 1
"c:\Users\MSI SWORD 15 A12V\source\repos\SoftWhatsAppCRMDash\SoftWhatsAppCRMDash\wwwroot\lib\highcharts\es-modules\masters\indicators\aroon-oscillator.src.js", "JavaScript", 0, 4, 0, 0, 0, 0, 0, 0, 12, 1, 17
"c:\Users\MSI SWORD 15 A12V\source\repos\SoftWhatsAppCRMDash\SoftWhatsAppCRMDash\wwwroot\lib\highcharts\es-modules\masters\indicators\aroon-oscillator.src.min.js", "JavaScript", 0, 1, 0, 0, 0, 0, 0, 0, 0, 0, 1
"c:\Users\MSI SWORD 15 A12V\source\repos\SoftWhatsAppCRMDash\SoftWhatsAppCRMDash\wwwroot\lib\highcharts\es-modules\masters\indicators\aroon.src.js", "JavaScript", 0, 4, 0, 0, 0, 0, 0, 0, 12, 1, 17
"c:\Users\MSI SWORD 15 A12V\source\repos\SoftWhatsAppCRMDash\SoftWhatsAppCRMDash\wwwroot\lib\highcharts\es-modules\masters\indicators\aroon.src.min.js", "JavaScript", 0, 1, 0, 0, 0, 0, 0, 0, 0, 0, 1
"c:\Users\MSI SWORD 15 A12V\source\repos\SoftWhatsAppCRMDash\SoftWhatsAppCRMDash\wwwroot\lib\highcharts\es-modules\masters\indicators\atr.src.js", "JavaScript", 0, 4, 0, 0, 0, 0, 0, 0, 12, 1, 17
"c:\Users\MSI SWORD 15 A12V\source\repos\SoftWhatsAppCRMDash\SoftWhatsAppCRMDash\wwwroot\lib\highcharts\es-modules\masters\indicators\atr.src.min.js", "JavaScript", 0, 1, 0, 0, 0, 0, 0, 0, 0, 0, 1
"c:\Users\MSI SWORD 15 A12V\source\repos\SoftWhatsAppCRMDash\SoftWhatsAppCRMDash\wwwroot\lib\highcharts\es-modules\masters\indicators\bollinger-bands.src.js", "JavaScript", 0, 4, 0, 0, 0, 0, 0, 0, 12, 1, 17
"c:\Users\MSI SWORD 15 A12V\source\repos\SoftWhatsAppCRMDash\SoftWhatsAppCRMDash\wwwroot\lib\highcharts\es-modules\masters\indicators\bollinger-bands.src.min.js", "JavaScript", 0, 1, 0, 0, 0, 0, 0, 0, 0, 0, 1
"c:\Users\MSI SWORD 15 A12V\source\repos\SoftWhatsAppCRMDash\SoftWhatsAppCRMDash\wwwroot\lib\highcharts\es-modules\masters\indicators\cci.src.js", "JavaScript", 0, 4, 0, 0, 0, 0, 0, 0, 12, 1, 17
"c:\Users\MSI SWORD 15 A12V\source\repos\SoftWhatsAppCRMDash\SoftWhatsAppCRMDash\wwwroot\lib\highcharts\es-modules\masters\indicators\cci.src.min.js", "JavaScript", 0, 1, 0, 0, 0, 0, 0, 0, 0, 0, 1
"c:\Users\MSI SWORD 15 A12V\source\repos\SoftWhatsAppCRMDash\SoftWhatsAppCRMDash\wwwroot\lib\highcharts\es-modules\masters\indicators\chaikin.src.js", "JavaScript", 0, 4, 0, 0, 0, 0, 0, 0, 12, 1, 17
"c:\Users\MSI SWORD 15 A12V\source\repos\SoftWhatsAppCRMDash\SoftWhatsAppCRMDash\wwwroot\lib\highcharts\es-modules\masters\indicators\chaikin.src.min.js", "JavaScript", 0, 1, 0, 0, 0, 0, 0, 0, 0, 0, 1
"c:\Users\MSI SWORD 15 A12V\source\repos\SoftWhatsAppCRMDash\SoftWhatsAppCRMDash\wwwroot\lib\highcharts\es-modules\masters\indicators\cmf.src.js", "JavaScript", 0, 4, 0, 0, 0, 0, 0, 0, 11, 1, 16
"c:\Users\MSI SWORD 15 A12V\source\repos\SoftWhatsAppCRMDash\SoftWhatsAppCRMDash\wwwroot\lib\highcharts\es-modules\masters\indicators\cmf.src.min.js", "JavaScript", 0, 1, 0, 0, 0, 0, 0, 0, 0, 0, 1
"c:\Users\MSI SWORD 15 A12V\source\repos\SoftWhatsAppCRMDash\SoftWhatsAppCRMDash\wwwroot\lib\highcharts\es-modules\masters\indicators\cmo.src.js", "JavaScript", 0, 4, 0, 0, 0, 0, 0, 0, 12, 1, 17
"c:\Users\MSI SWORD 15 A12V\source\repos\SoftWhatsAppCRMDash\SoftWhatsAppCRMDash\wwwroot\lib\highcharts\es-modules\masters\indicators\cmo.src.min.js", "JavaScript", 0, 1, 0, 0, 0, 0, 0, 0, 0, 0, 1
"c:\Users\MSI SWORD 15 A12V\source\repos\SoftWhatsAppCRMDash\SoftWhatsAppCRMDash\wwwroot\lib\highcharts\es-modules\masters\indicators\dema.src.js", "JavaScript", 0, 4, 0, 0, 0, 0, 0, 0, 12, 1, 17
"c:\Users\MSI SWORD 15 A12V\source\repos\SoftWhatsAppCRMDash\SoftWhatsAppCRMDash\wwwroot\lib\highcharts\es-modules\masters\indicators\dema.src.min.js", "JavaScript", 0, 1, 0, 0, 0, 0, 0, 0, 0, 0, 1
"c:\Users\MSI SWORD 15 A12V\source\repos\SoftWhatsAppCRMDash\SoftWhatsAppCRMDash\wwwroot\lib\highcharts\es-modules\masters\indicators\disparity-index.src.js", "JavaScript", 0, 4, 0, 0, 0, 0, 0, 0, 12, 1, 17
"c:\Users\MSI SWORD 15 A12V\source\repos\SoftWhatsAppCRMDash\SoftWhatsAppCRMDash\wwwroot\lib\highcharts\es-modules\masters\indicators\disparity-index.src.min.js", "JavaScript", 0, 1, 0, 0, 0, 0, 0, 0, 0, 0, 1
"c:\Users\MSI SWORD 15 A12V\source\repos\SoftWhatsAppCRMDash\SoftWhatsAppCRMDash\wwwroot\lib\highcharts\es-modules\masters\indicators\dmi.src.js", "JavaScript", 0, 4, 0, 0, 0, 0, 0, 0, 12, 1, 17
"c:\Users\MSI SWORD 15 A12V\source\repos\SoftWhatsAppCRMDash\SoftWhatsAppCRMDash\wwwroot\lib\highcharts\es-modules\masters\indicators\dmi.src.min.js", "JavaScript", 0, 1, 0, 0, 0, 0, 0, 0, 0, 0, 1
"c:\Users\MSI SWORD 15 A12V\source\repos\SoftWhatsAppCRMDash\SoftWhatsAppCRMDash\wwwroot\lib\highcharts\es-modules\masters\indicators\dpo.src.js", "JavaScript", 0, 4, 0, 0, 0, 0, 0, 0, 12, 1, 17
"c:\Users\MSI SWORD 15 A12V\source\repos\SoftWhatsAppCRMDash\SoftWhatsAppCRMDash\wwwroot\lib\highcharts\es-modules\masters\indicators\dpo.src.min.js", "JavaScript", 0, 1, 0, 0, 0, 0, 0, 0, 0, 0, 1
"c:\Users\MSI SWORD 15 A12V\source\repos\SoftWhatsAppCRMDash\SoftWhatsAppCRMDash\wwwroot\lib\highcharts\es-modules\masters\indicators\ema.src.js", "JavaScript", 0, 3, 0, 0, 0, 0, 0, 0, 7, 1, 11
"c:\Users\MSI SWORD 15 A12V\source\repos\SoftWhatsAppCRMDash\SoftWhatsAppCRMDash\wwwroot\lib\highcharts\es-modules\masters\indicators\ema.src.min.js", "JavaScript", 0, 1, 0, 0, 0, 0, 0, 0, 0, 0, 1
"c:\Users\MSI SWORD 15 A12V\source\repos\SoftWhatsAppCRMDash\SoftWhatsAppCRMDash\wwwroot\lib\highcharts\es-modules\masters\indicators\ichimoku-kinko-hyo.src.js", "JavaScript", 0, 4, 0, 0, 0, 0, 0, 0, 12, 1, 17
"c:\Users\MSI SWORD 15 A12V\source\repos\SoftWhatsAppCRMDash\SoftWhatsAppCRMDash\wwwroot\lib\highcharts\es-modules\masters\indicators\ichimoku-kinko-hyo.src.min.js", "JavaScript", 0, 1, 0, 0, 0, 0, 0, 0, 0, 0, 1
"c:\Users\MSI SWORD 15 A12V\source\repos\SoftWhatsAppCRMDash\SoftWhatsAppCRMDash\wwwroot\lib\highcharts\es-modules\masters\indicators\indicators-all.src.js", "JavaScript", 0, 55, 0, 0, 0, 0, 0, 0, 12, 1, 68
"c:\Users\MSI SWORD 15 A12V\source\repos\SoftWhatsAppCRMDash\SoftWhatsAppCRMDash\wwwroot\lib\highcharts\es-modules\masters\indicators\indicators-all.src.min.js", "JavaScript", 0, 1, 0, 0, 0, 0, 0, 0, 0, 0, 1
"c:\Users\MSI SWORD 15 A12V\source\repos\SoftWhatsAppCRMDash\SoftWhatsAppCRMDash\wwwroot\lib\highcharts\es-modules\masters\indicators\indicators.src.js", "JavaScript", 0, 9, 0, 0, 0, 0, 0, 0, 12, 1, 22
"c:\Users\MSI SWORD 15 A12V\source\repos\SoftWhatsAppCRMDash\SoftWhatsAppCRMDash\wwwroot\lib\highcharts\es-modules\masters\indicators\indicators.src.min.js", "JavaScript", 0, 1, 0, 0, 0, 0, 0, 0, 0, 0, 1
"c:\Users\MSI SWORD 15 A12V\source\repos\SoftWhatsAppCRMDash\SoftWhatsAppCRMDash\wwwroot\lib\highcharts\es-modules\masters\indicators\keltner-channels.src.js", "JavaScript", 0, 4, 0, 0, 0, 0, 0, 0, 12, 1, 17
"c:\Users\MSI SWORD 15 A12V\source\repos\SoftWhatsAppCRMDash\SoftWhatsAppCRMDash\wwwroot\lib\highcharts\es-modules\masters\indicators\keltner-channels.src.min.js", "JavaScript", 0, 1, 0, 0, 0, 0, 0, 0, 0, 0, 1
"c:\Users\MSI SWORD 15 A12V\source\repos\SoftWhatsAppCRMDash\SoftWhatsAppCRMDash\wwwroot\lib\highcharts\es-modules\masters\indicators\klinger.src.js", "JavaScript", 0, 4, 0, 0, 0, 0, 0, 0, 12, 1, 17
"c:\Users\MSI SWORD 15 A12V\source\repos\SoftWhatsAppCRMDash\SoftWhatsAppCRMDash\wwwroot\lib\highcharts\es-modules\masters\indicators\klinger.src.min.js", "JavaScript", 0, 1, 0, 0, 0, 0, 0, 0, 0, 0, 1
"c:\Users\MSI SWORD 15 A12V\source\repos\SoftWhatsAppCRMDash\SoftWhatsAppCRMDash\wwwroot\lib\highcharts\es-modules\masters\indicators\macd.src.js", "JavaScript", 0, 4, 0, 0, 0, 0, 0, 0, 12, 1, 17
"c:\Users\MSI SWORD 15 A12V\source\repos\SoftWhatsAppCRMDash\SoftWhatsAppCRMDash\wwwroot\lib\highcharts\es-modules\masters\indicators\macd.src.min.js", "JavaScript", 0, 1, 0, 0, 0, 0, 0, 0, 0, 0, 1
"c:\Users\MSI SWORD 15 A12V\source\repos\SoftWhatsAppCRMDash\SoftWhatsAppCRMDash\wwwroot\lib\highcharts\es-modules\masters\indicators\mfi.src.js", "JavaScript", 0, 4, 0, 0, 0, 0, 0, 0, 12, 1, 17
"c:\Users\MSI SWORD 15 A12V\source\repos\SoftWhatsAppCRMDash\SoftWhatsAppCRMDash\wwwroot\lib\highcharts\es-modules\masters\indicators\mfi.src.min.js", "JavaScript", 0, 1, 0, 0, 0, 0, 0, 0, 0, 0, 1
"c:\Users\MSI SWORD 15 A12V\source\repos\SoftWhatsAppCRMDash\SoftWhatsAppCRMDash\wwwroot\lib\highcharts\es-modules\masters\indicators\momentum.src.js", "JavaScript", 0, 4, 0, 0, 0, 0, 0, 0, 12, 1, 17
"c:\Users\MSI SWORD 15 A12V\source\repos\SoftWhatsAppCRMDash\SoftWhatsAppCRMDash\wwwroot\lib\highcharts\es-modules\masters\indicators\momentum.src.min.js", "JavaScript", 0, 1, 0, 0, 0, 0, 0, 0, 0, 0, 1
"c:\Users\MSI SWORD 15 A12V\source\repos\SoftWhatsAppCRMDash\SoftWhatsAppCRMDash\wwwroot\lib\highcharts\es-modules\masters\indicators\natr.src.js", "JavaScript", 0, 4, 0, 0, 0, 0, 0, 0, 12, 1, 17
"c:\Users\MSI SWORD 15 A12V\source\repos\SoftWhatsAppCRMDash\SoftWhatsAppCRMDash\wwwroot\lib\highcharts\es-modules\masters\indicators\natr.src.min.js", "JavaScript", 0, 1, 0, 0, 0, 0, 0, 0, 0, 0, 1
"c:\Users\MSI SWORD 15 A12V\source\repos\SoftWhatsAppCRMDash\SoftWhatsAppCRMDash\wwwroot\lib\highcharts\es-modules\masters\indicators\obv.src.js", "JavaScript", 0, 4, 0, 0, 0, 0, 0, 0, 12, 1, 17
"c:\Users\MSI SWORD 15 A12V\source\repos\SoftWhatsAppCRMDash\SoftWhatsAppCRMDash\wwwroot\lib\highcharts\es-modules\masters\indicators\obv.src.min.js", "JavaScript", 0, 1, 0, 0, 0, 0, 0, 0, 0, 0, 1
"c:\Users\MSI SWORD 15 A12V\source\repos\SoftWhatsAppCRMDash\SoftWhatsAppCRMDash\wwwroot\lib\highcharts\es-modules\masters\indicators\pivot-points.src.js", "JavaScript", 0, 4, 0, 0, 0, 0, 0, 0, 12, 1, 17
"c:\Users\MSI SWORD 15 A12V\source\repos\SoftWhatsAppCRMDash\SoftWhatsAppCRMDash\wwwroot\lib\highcharts\es-modules\masters\indicators\pivot-points.src.min.js", "JavaScript", 0, 1, 0, 0, 0, 0, 0, 0, 0, 0, 1
"c:\Users\MSI SWORD 15 A12V\source\repos\SoftWhatsAppCRMDash\SoftWhatsAppCRMDash\wwwroot\lib\highcharts\es-modules\masters\indicators\ppo.src.js", "JavaScript", 0, 4, 0, 0, 0, 0, 0, 0, 12, 1, 17
"c:\Users\MSI SWORD 15 A12V\source\repos\SoftWhatsAppCRMDash\SoftWhatsAppCRMDash\wwwroot\lib\highcharts\es-modules\masters\indicators\ppo.src.min.js", "JavaScript", 0, 1, 0, 0, 0, 0, 0, 0, 0, 0, 1
"c:\Users\MSI SWORD 15 A12V\source\repos\SoftWhatsAppCRMDash\SoftWhatsAppCRMDash\wwwroot\lib\highcharts\es-modules\masters\indicators\price-channel.src.js", "JavaScript", 0, 4, 0, 0, 0, 0, 0, 0, 12, 1, 17
"c:\Users\MSI SWORD 15 A12V\source\repos\SoftWhatsAppCRMDash\SoftWhatsAppCRMDash\wwwroot\lib\highcharts\es-modules\masters\indicators\price-channel.src.min.js", "JavaScript", 0, 1, 0, 0, 0, 0, 0, 0, 0, 0, 1
"c:\Users\MSI SWORD 15 A12V\source\repos\SoftWhatsAppCRMDash\SoftWhatsAppCRMDash\wwwroot\lib\highcharts\es-modules\masters\indicators\price-envelopes.src.js", "JavaScript", 0, 4, 0, 0, 0, 0, 0, 0, 12, 1, 17
"c:\Users\MSI SWORD 15 A12V\source\repos\SoftWhatsAppCRMDash\SoftWhatsAppCRMDash\wwwroot\lib\highcharts\es-modules\masters\indicators\price-envelopes.src.min.js", "JavaScript", 0, 1, 0, 0, 0, 0, 0, 0, 0, 0, 1
"c:\Users\MSI SWORD 15 A12V\source\repos\SoftWhatsAppCRMDash\SoftWhatsAppCRMDash\wwwroot\lib\highcharts\es-modules\masters\indicators\psar.src.js", "JavaScript", 0, 4, 0, 0, 0, 0, 0, 0, 12, 1, 17
"c:\Users\MSI SWORD 15 A12V\source\repos\SoftWhatsAppCRMDash\SoftWhatsAppCRMDash\wwwroot\lib\highcharts\es-modules\masters\indicators\psar.src.min.js", "JavaScript", 0, 1, 0, 0, 0, 0, 0, 0, 0, 0, 1
"c:\Users\MSI SWORD 15 A12V\source\repos\SoftWhatsAppCRMDash\SoftWhatsAppCRMDash\wwwroot\lib\highcharts\es-modules\masters\indicators\regressions.src.js", "JavaScript", 0, 7, 0, 0, 0, 0, 0, 0, 14, 1, 22
"c:\Users\MSI SWORD 15 A12V\source\repos\SoftWhatsAppCRMDash\SoftWhatsAppCRMDash\wwwroot\lib\highcharts\es-modules\masters\indicators\regressions.src.min.js", "JavaScript", 0, 1, 0, 0, 0, 0, 0, 0, 0, 0, 1
"c:\Users\MSI SWORD 15 A12V\source\repos\SoftWhatsAppCRMDash\SoftWhatsAppCRMDash\wwwroot\lib\highcharts\es-modules\masters\indicators\roc.src.js", "JavaScript", 0, 4, 0, 0, 0, 0, 0, 0, 12, 1, 17
"c:\Users\MSI SWORD 15 A12V\source\repos\SoftWhatsAppCRMDash\SoftWhatsAppCRMDash\wwwroot\lib\highcharts\es-modules\masters\indicators\roc.src.min.js", "JavaScript", 0, 1, 0, 0, 0, 0, 0, 0, 0, 0, 1
"c:\Users\MSI SWORD 15 A12V\source\repos\SoftWhatsAppCRMDash\SoftWhatsAppCRMDash\wwwroot\lib\highcharts\es-modules\masters\indicators\rsi.src.js", "JavaScript", 0, 4, 0, 0, 0, 0, 0, 0, 12, 1, 17
"c:\Users\MSI SWORD 15 A12V\source\repos\SoftWhatsAppCRMDash\SoftWhatsAppCRMDash\wwwroot\lib\highcharts\es-modules\masters\indicators\rsi.src.min.js", "JavaScript", 0, 1, 0, 0, 0, 0, 0, 0, 0, 0, 1
"c:\Users\MSI SWORD 15 A12V\source\repos\SoftWhatsAppCRMDash\SoftWhatsAppCRMDash\wwwroot\lib\highcharts\es-modules\masters\indicators\slow-stochastic.src.js", "JavaScript", 0, 4, 0, 0, 0, 0, 0, 0, 12, 1, 17
"c:\Users\MSI SWORD 15 A12V\source\repos\SoftWhatsAppCRMDash\SoftWhatsAppCRMDash\wwwroot\lib\highcharts\es-modules\masters\indicators\slow-stochastic.src.min.js", "JavaScript", 0, 1, 0, 0, 0, 0, 0, 0, 0, 0, 1
"c:\Users\MSI SWORD 15 A12V\source\repos\SoftWhatsAppCRMDash\SoftWhatsAppCRMDash\wwwroot\lib\highcharts\es-modules\masters\indicators\stochastic.src.js", "JavaScript", 0, 4, 0, 0, 0, 0, 0, 0, 12, 1, 17
"c:\Users\MSI SWORD 15 A12V\source\repos\SoftWhatsAppCRMDash\SoftWhatsAppCRMDash\wwwroot\lib\highcharts\es-modules\masters\indicators\stochastic.src.min.js", "JavaScript", 0, 1, 0, 0, 0, 0, 0, 0, 0, 0, 1
"c:\Users\MSI SWORD 15 A12V\source\repos\SoftWhatsAppCRMDash\SoftWhatsAppCRMDash\wwwroot\lib\highcharts\es-modules\masters\indicators\supertrend.src.js", "JavaScript", 0, 4, 0, 0, 0, 0, 0, 0, 12, 1, 17
"c:\Users\MSI SWORD 15 A12V\source\repos\SoftWhatsAppCRMDash\SoftWhatsAppCRMDash\wwwroot\lib\highcharts\es-modules\masters\indicators\supertrend.src.min.js", "JavaScript", 0, 1, 0, 0, 0, 0, 0, 0, 0, 0, 1
"c:\Users\MSI SWORD 15 A12V\source\repos\SoftWhatsAppCRMDash\SoftWhatsAppCRMDash\wwwroot\lib\highcharts\es-modules\masters\indicators\tema.src.js", "JavaScript", 0, 4, 0, 0, 0, 0, 0, 0, 12, 1, 17
"c:\Users\MSI SWORD 15 A12V\source\repos\SoftWhatsAppCRMDash\SoftWhatsAppCRMDash\wwwroot\lib\highcharts\es-modules\masters\indicators\tema.src.min.js", "JavaScript", 0, 1, 0, 0, 0, 0, 0, 0, 0, 0, 1
"c:\Users\MSI SWORD 15 A12V\source\repos\SoftWhatsAppCRMDash\SoftWhatsAppCRMDash\wwwroot\lib\highcharts\es-modules\masters\indicators\trendline.src.js", "JavaScript", 0, 4, 0, 0, 0, 0, 0, 0, 12, 1, 17
"c:\Users\MSI SWORD 15 A12V\source\repos\SoftWhatsAppCRMDash\SoftWhatsAppCRMDash\wwwroot\lib\highcharts\es-modules\masters\indicators\trendline.src.min.js", "JavaScript", 0, 1, 0, 0, 0, 0, 0, 0, 0, 0, 1
"c:\Users\MSI SWORD 15 A12V\source\repos\SoftWhatsAppCRMDash\SoftWhatsAppCRMDash\wwwroot\lib\highcharts\es-modules\masters\indicators\trix.src.js", "JavaScript", 0, 4, 0, 0, 0, 0, 0, 0, 12, 1, 17
"c:\Users\MSI SWORD 15 A12V\source\repos\SoftWhatsAppCRMDash\SoftWhatsAppCRMDash\wwwroot\lib\highcharts\es-modules\masters\indicators\trix.src.min.js", "JavaScript", 0, 1, 0, 0, 0, 0, 0, 0, 0, 0, 1
"c:\Users\MSI SWORD 15 A12V\source\repos\SoftWhatsAppCRMDash\SoftWhatsAppCRMDash\wwwroot\lib\highcharts\es-modules\masters\indicators\volume-by-price.src.js", "JavaScript", 0, 4, 0, 0, 0, 0, 0, 0, 12, 1, 17
"c:\Users\MSI SWORD 15 A12V\source\repos\SoftWhatsAppCRMDash\SoftWhatsAppCRMDash\wwwroot\lib\highcharts\es-modules\masters\indicators\volume-by-price.src.min.js", "JavaScript", 0, 1, 0, 0, 0, 0, 0, 0, 0, 0, 1
"c:\Users\MSI SWORD 15 A12V\source\repos\SoftWhatsAppCRMDash\SoftWhatsAppCRMDash\wwwroot\lib\highcharts\es-modules\masters\indicators\vwap.src.js", "JavaScript", 0, 4, 0, 0, 0, 0, 0, 0, 12, 1, 17
"c:\Users\MSI SWORD 15 A12V\source\repos\SoftWhatsAppCRMDash\SoftWhatsAppCRMDash\wwwroot\lib\highcharts\es-modules\masters\indicators\vwap.src.min.js", "JavaScript", 0, 1, 0, 0, 0, 0, 0, 0, 0, 0, 1
"c:\Users\MSI SWORD 15 A12V\source\repos\SoftWhatsAppCRMDash\SoftWhatsAppCRMDash\wwwroot\lib\highcharts\es-modules\masters\indicators\williams-r.src.js", "JavaScript", 0, 4, 0, 0, 0, 0, 0, 0, 12, 1, 17
"c:\Users\MSI SWORD 15 A12V\source\repos\SoftWhatsAppCRMDash\SoftWhatsAppCRMDash\wwwroot\lib\highcharts\es-modules\masters\indicators\williams-r.src.min.js", "JavaScript", 0, 1, 0, 0, 0, 0, 0, 0, 0, 0, 1
"c:\Users\MSI SWORD 15 A12V\source\repos\SoftWhatsAppCRMDash\SoftWhatsAppCRMDash\wwwroot\lib\highcharts\es-modules\masters\indicators\wma.src.js", "JavaScript", 0, 4, 0, 0, 0, 0, 0, 0, 12, 1, 17
"c:\Users\MSI SWORD 15 A12V\source\repos\SoftWhatsAppCRMDash\SoftWhatsAppCRMDash\wwwroot\lib\highcharts\es-modules\masters\indicators\wma.src.min.js", "JavaScript", 0, 1, 0, 0, 0, 0, 0, 0, 0, 0, 1
"c:\Users\MSI SWORD 15 A12V\source\repos\SoftWhatsAppCRMDash\SoftWhatsAppCRMDash\wwwroot\lib\highcharts\es-modules\masters\indicators\zigzag.src.js", "JavaScript", 0, 4, 0, 0, 0, 0, 0, 0, 12, 1, 17
"c:\Users\MSI SWORD 15 A12V\source\repos\SoftWhatsAppCRMDash\SoftWhatsAppCRMDash\wwwroot\lib\highcharts\es-modules\masters\indicators\zigzag.src.min.js", "JavaScript", 0, 1, 0, 0, 0, 0, 0, 0, 0, 0, 1
"c:\Users\MSI SWORD 15 A12V\source\repos\SoftWhatsAppCRMDash\SoftWhatsAppCRMDash\wwwroot\lib\highcharts\es-modules\masters\modules\accessibility.src.js", "JavaScript", 0, 17, 0, 0, 0, 0, 0, 0, 14, 1, 32
"c:\Users\MSI SWORD 15 A12V\source\repos\SoftWhatsAppCRMDash\SoftWhatsAppCRMDash\wwwroot\lib\highcharts\es-modules\masters\modules\accessibility.src.min.js", "JavaScript", 0, 1, 0, 0, 0, 0, 0, 0, 0, 0, 1
"c:\Users\MSI SWORD 15 A12V\source\repos\SoftWhatsAppCRMDash\SoftWhatsAppCRMDash\wwwroot\lib\highcharts\es-modules\masters\modules\annotations-advanced.src.js", "JavaScript", 0, 15, 0, 0, 0, 0, 0, 0, 11, 1, 27
"c:\Users\MSI SWORD 15 A12V\source\repos\SoftWhatsAppCRMDash\SoftWhatsAppCRMDash\wwwroot\lib\highcharts\es-modules\masters\modules\annotations-advanced.src.min.js", "JavaScript", 0, 1, 0, 0, 0, 0, 0, 0, 0, 0, 1
"c:\Users\MSI SWORD 15 A12V\source\repos\SoftWhatsAppCRMDash\SoftWhatsAppCRMDash\wwwroot\lib\highcharts\es-modules\masters\modules\annotations.src.js", "JavaScript", 0, 9, 0, 0, 0, 0, 0, 0, 11, 1, 21
"c:\Users\MSI SWORD 15 A12V\source\repos\SoftWhatsAppCRMDash\SoftWhatsAppCRMDash\wwwroot\lib\highcharts\es-modules\masters\modules\annotations.src.min.js", "JavaScript", 0, 1, 0, 0, 0, 0, 0, 0, 0, 0, 1
"c:\Users\MSI SWORD 15 A12V\source\repos\SoftWhatsAppCRMDash\SoftWhatsAppCRMDash\wwwroot\lib\highcharts\es-modules\masters\modules\arc-diagram.src.js", "JavaScript", 0, 4, 0, 0, 0, 0, 0, 0, 11, 1, 16
"c:\Users\MSI SWORD 15 A12V\source\repos\SoftWhatsAppCRMDash\SoftWhatsAppCRMDash\wwwroot\lib\highcharts\es-modules\masters\modules\arc-diagram.src.min.js", "JavaScript", 0, 1, 0, 0, 0, 0, 0, 0, 0, 0, 1
"c:\Users\MSI SWORD 15 A12V\source\repos\SoftWhatsAppCRMDash\SoftWhatsAppCRMDash\wwwroot\lib\highcharts\es-modules\masters\modules\arrow-symbols.src.js", "JavaScript", 0, 6, 0, 0, 0, 0, 0, 0, 11, 1, 18
"c:\Users\MSI SWORD 15 A12V\source\repos\SoftWhatsAppCRMDash\SoftWhatsAppCRMDash\wwwroot\lib\highcharts\es-modules\masters\modules\arrow-symbols.src.min.js", "JavaScript", 0, 1, 0, 0, 0, 0, 0, 0, 0, 0, 1
"c:\Users\MSI SWORD 15 A12V\source\repos\SoftWhatsAppCRMDash\SoftWhatsAppCRMDash\wwwroot\lib\highcharts\es-modules\masters\modules\boost-canvas.src.js", "JavaScript", 0, 8, 0, 0, 0, 0, 0, 0, 17, 1, 26
"c:\Users\MSI SWORD 15 A12V\source\repos\SoftWhatsAppCRMDash\SoftWhatsAppCRMDash\wwwroot\lib\highcharts\es-modules\masters\modules\boost-canvas.src.min.js", "JavaScript", 0, 1, 0, 0, 0, 0, 0, 0, 0, 0, 1
"c:\Users\MSI SWORD 15 A12V\source\repos\SoftWhatsAppCRMDash\SoftWhatsAppCRMDash\wwwroot\lib\highcharts\es-modules\masters\modules\boost.src.js", "JavaScript", 0, 7, 0, 0, 0, 0, 0, 0, 13, 1, 21
"c:\Users\MSI SWORD 15 A12V\source\repos\SoftWhatsAppCRMDash\SoftWhatsAppCRMDash\wwwroot\lib\highcharts\es-modules\masters\modules\boost.src.min.js", "JavaScript", 0, 1, 0, 0, 0, 0, 0, 0, 0, 0, 1
"c:\Users\MSI SWORD 15 A12V\source\repos\SoftWhatsAppCRMDash\SoftWhatsAppCRMDash\wwwroot\lib\highcharts\es-modules\masters\modules\broken-axis.src.js", "JavaScript", 0, 7, 0, 0, 0, 0, 0, 0, 9, 1, 17
"c:\Users\MSI SWORD 15 A12V\source\repos\SoftWhatsAppCRMDash\SoftWhatsAppCRMDash\wwwroot\lib\highcharts\es-modules\masters\modules\broken-axis.src.min.js", "JavaScript", 0, 1, 0, 0, 0, 0, 0, 0, 0, 0, 1
"c:\Users\MSI SWORD 15 A12V\source\repos\SoftWhatsAppCRMDash\SoftWhatsAppCRMDash\wwwroot\lib\highcharts\es-modules\masters\modules\bullet.src.js", "JavaScript", 0, 4, 0, 0, 0, 0, 0, 0, 11, 1, 16
"c:\Users\MSI SWORD 15 A12V\source\repos\SoftWhatsAppCRMDash\SoftWhatsAppCRMDash\wwwroot\lib\highcharts\es-modules\masters\modules\bullet.src.min.js", "JavaScript", 0, 1, 0, 0, 0, 0, 0, 0, 0, 0, 1
"c:\Users\MSI SWORD 15 A12V\source\repos\SoftWhatsAppCRMDash\SoftWhatsAppCRMDash\wwwroot\lib\highcharts\es-modules\masters\modules\coloraxis.src.js", "JavaScript", 0, 7, 0, 0, 0, 0, 0, 0, 11, 1, 19
"c:\Users\MSI SWORD 15 A12V\source\repos\SoftWhatsAppCRMDash\SoftWhatsAppCRMDash\wwwroot\lib\highcharts\es-modules\masters\modules\coloraxis.src.min.js", "JavaScript", 0, 1, 0, 0, 0, 0, 0, 0, 0, 0, 1
"c:\Users\MSI SWORD 15 A12V\source\repos\SoftWhatsAppCRMDash\SoftWhatsAppCRMDash\wwwroot\lib\highcharts\es-modules\masters\modules\current-date-indicator.src.js", "JavaScript", 0, 6, 0, 0, 0, 0, 0, 0, 11, 1, 18
"c:\Users\MSI SWORD 15 A12V\source\repos\SoftWhatsAppCRMDash\SoftWhatsAppCRMDash\wwwroot\lib\highcharts\es-modules\masters\modules\current-date-indicator.src.min.js", "JavaScript", 0, 1, 0, 0, 0, 0, 0, 0, 0, 0, 1
"c:\Users\MSI SWORD 15 A12V\source\repos\SoftWhatsAppCRMDash\SoftWhatsAppCRMDash\wwwroot\lib\highcharts\es-modules\masters\modules\cylinder.src.js", "JavaScript", 0, 6, 0, 0, 0, 0, 0, 0, 12, 1, 19
"c:\Users\MSI SWORD 15 A12V\source\repos\SoftWhatsAppCRMDash\SoftWhatsAppCRMDash\wwwroot\lib\highcharts\es-modules\masters\modules\cylinder.src.min.js", "JavaScript", 0, 1, 0, 0, 0, 0, 0, 0, 0, 0, 1
"c:\Users\MSI SWORD 15 A12V\source\repos\SoftWhatsAppCRMDash\SoftWhatsAppCRMDash\wwwroot\lib\highcharts\es-modules\masters\modules\data-tools.src.js", "JavaScript", 0, 27, 0, 0, 0, 0, 0, 0, 11, 1, 39
"c:\Users\MSI SWORD 15 A12V\source\repos\SoftWhatsAppCRMDash\SoftWhatsAppCRMDash\wwwroot\lib\highcharts\es-modules\masters\modules\data-tools.src.min.js", "JavaScript", 0, 1, 0, 0, 0, 0, 0, 0, 0, 0, 1
"c:\Users\MSI SWORD 15 A12V\source\repos\SoftWhatsAppCRMDash\SoftWhatsAppCRMDash\wwwroot\lib\highcharts\es-modules\masters\modules\data.src.js", "JavaScript", 0, 12, 0, 0, 0, 0, 0, 0, 13, 1, 26
"c:\Users\MSI SWORD 15 A12V\source\repos\SoftWhatsAppCRMDash\SoftWhatsAppCRMDash\wwwroot\lib\highcharts\es-modules\masters\modules\data.src.min.js", "JavaScript", 0, 1, 0, 0, 0, 0, 0, 0, 0, 0, 1
"c:\Users\MSI SWORD 15 A12V\source\repos\SoftWhatsAppCRMDash\SoftWhatsAppCRMDash\wwwroot\lib\highcharts\es-modules\masters\modules\datagrouping.src.js", "JavaScript", 0, 13, 0, 0, 0, 0, 0, 0, 11, 1, 25
"c:\Users\MSI SWORD 15 A12V\source\repos\SoftWhatsAppCRMDash\SoftWhatsAppCRMDash\wwwroot\lib\highcharts\es-modules\masters\modules\datagrouping.src.min.js", "JavaScript", 0, 1, 0, 0, 0, 0, 0, 0, 0, 0, 1
"c:\Users\MSI SWORD 15 A12V\source\repos\SoftWhatsAppCRMDash\SoftWhatsAppCRMDash\wwwroot\lib\highcharts\es-modules\masters\modules\debugger.src.js", "JavaScript", 0, 8, 0, 0, 0, 0, 0, 0, 11, 1, 20
"c:\Users\MSI SWORD 15 A12V\source\repos\SoftWhatsAppCRMDash\SoftWhatsAppCRMDash\wwwroot\lib\highcharts\es-modules\masters\modules\debugger.src.min.js", "JavaScript", 0, 1, 0, 0, 0, 0, 0, 0, 0, 0, 1
"c:\Users\MSI SWORD 15 A12V\source\repos\SoftWhatsAppCRMDash\SoftWhatsAppCRMDash\wwwroot\lib\highcharts\es-modules\masters\modules\dependency-wheel.src.js", "JavaScript", 0, 4, 0, 0, 0, 0, 0, 0, 12, 1, 17
"c:\Users\MSI SWORD 15 A12V\source\repos\SoftWhatsAppCRMDash\SoftWhatsAppCRMDash\wwwroot\lib\highcharts\es-modules\masters\modules\dependency-wheel.src.min.js", "JavaScript", 0, 1, 0, 0, 0, 0, 0, 0, 0, 0, 1
"c:\Users\MSI SWORD 15 A12V\source\repos\SoftWhatsAppCRMDash\SoftWhatsAppCRMDash\wwwroot\lib\highcharts\es-modules\masters\modules\dotplot.src.js", "JavaScript", 0, 4, 0, 0, 0, 0, 0, 0, 11, 1, 16
"c:\Users\MSI SWORD 15 A12V\source\repos\SoftWhatsAppCRMDash\SoftWhatsAppCRMDash\wwwroot\lib\highcharts\es-modules\masters\modules\dotplot.src.min.js", "JavaScript", 0, 1, 0, 0, 0, 0, 0, 0, 0, 0, 1
"c:\Users\MSI SWORD 15 A12V\source\repos\SoftWhatsAppCRMDash\SoftWhatsAppCRMDash\wwwroot\lib\highcharts\es-modules\masters\modules\drag-panes.src.js", "JavaScript", 0, 8, 0, 0, 0, 0, 0, 0, 13, 1, 22
"c:\Users\MSI SWORD 15 A12V\source\repos\SoftWhatsAppCRMDash\SoftWhatsAppCRMDash\wwwroot\lib\highcharts\es-modules\masters\modules\drag-panes.src.min.js", "JavaScript", 0, 1, 0, 0, 0, 0, 0, 0, 0, 0, 1
"c:\Users\MSI SWORD 15 A12V\source\repos\SoftWhatsAppCRMDash\SoftWhatsAppCRMDash\wwwroot\lib\highcharts\es-modules\masters\modules\draggable-points.src.js", "JavaScript", 0, 6, 0, 0, 0, 0, 0, 0, 9, 1, 16
"c:\Users\MSI SWORD 15 A12V\source\repos\SoftWhatsAppCRMDash\SoftWhatsAppCRMDash\wwwroot\lib\highcharts\es-modules\masters\modules\draggable-points.src.min.js", "JavaScript", 0, 1, 0, 0, 0, 0, 0, 0, 0, 0, 1
"c:\Users\MSI SWORD 15 A12V\source\repos\SoftWhatsAppCRMDash\SoftWhatsAppCRMDash\wwwroot\lib\highcharts\es-modules\masters\modules\drilldown.src.js", "JavaScript", 0, 8, 0, 0, 0, 0, 0, 0, 11, 1, 20
"c:\Users\MSI SWORD 15 A12V\source\repos\SoftWhatsAppCRMDash\SoftWhatsAppCRMDash\wwwroot\lib\highcharts\es-modules\masters\modules\drilldown.src.min.js", "JavaScript", 0, 1, 0, 0, 0, 0, 0, 0, 0, 0, 1
"c:\Users\MSI SWORD 15 A12V\source\repos\SoftWhatsAppCRMDash\SoftWhatsAppCRMDash\wwwroot\lib\highcharts\es-modules\masters\modules\dumbbell.src.js", "JavaScript", 0, 4, 0, 0, 0, 0, 0, 0, 9, 1, 14
"c:\Users\MSI SWORD 15 A12V\source\repos\SoftWhatsAppCRMDash\SoftWhatsAppCRMDash\wwwroot\lib\highcharts\es-modules\masters\modules\dumbbell.src.min.js", "JavaScript", 0, 1, 0, 0, 0, 0, 0, 0, 0, 0, 1
"c:\Users\MSI SWORD 15 A12V\source\repos\SoftWhatsAppCRMDash\SoftWhatsAppCRMDash\wwwroot\lib\highcharts\es-modules\masters\modules\export-data.src.js", "JavaScript", 0, 9, 0, 0, 0, 0, 0, 0, 14, 1, 24
"c:\Users\MSI SWORD 15 A12V\source\repos\SoftWhatsAppCRMDash\SoftWhatsAppCRMDash\wwwroot\lib\highcharts\es-modules\masters\modules\export-data.src.min.js", "JavaScript", 0, 1, 0, 0, 0, 0, 0, 0, 0, 0, 1
"c:\Users\MSI SWORD 15 A12V\source\repos\SoftWhatsAppCRMDash\SoftWhatsAppCRMDash\wwwroot\lib\highcharts\es-modules\masters\modules\exporting.src.js", "JavaScript", 0, 11, 0, 0, 0, 0, 0, 0, 11, 1, 23
"c:\Users\MSI SWORD 15 A12V\source\repos\SoftWhatsAppCRMDash\SoftWhatsAppCRMDash\wwwroot\lib\highcharts\es-modules\masters\modules\exporting.src.min.js", "JavaScript", 0, 1, 0, 0, 0, 0, 0, 0, 0, 0, 1
"c:\Users\MSI SWORD 15 A12V\source\repos\SoftWhatsAppCRMDash\SoftWhatsAppCRMDash\wwwroot\lib\highcharts\es-modules\masters\modules\flowmap.src.js", "JavaScript", 0, 4, 0, 0, 0, 0, 0, 0, 9, 1, 14
"c:\Users\MSI SWORD 15 A12V\source\repos\SoftWhatsAppCRMDash\SoftWhatsAppCRMDash\wwwroot\lib\highcharts\es-modules\masters\modules\flowmap.src.min.js", "JavaScript", 0, 1, 0, 0, 0, 0, 0, 0, 0, 0, 1
"c:\Users\MSI SWORD 15 A12V\source\repos\SoftWhatsAppCRMDash\SoftWhatsAppCRMDash\wwwroot\lib\highcharts\es-modules\masters\modules\full-screen.src.js", "JavaScript", 0, 7, 0, 0, 0, 0, 0, 0, 12, 1, 20
"c:\Users\MSI SWORD 15 A12V\source\repos\SoftWhatsAppCRMDash\SoftWhatsAppCRMDash\wwwroot\lib\highcharts\es-modules\masters\modules\full-screen.src.min.js", "JavaScript", 0, 1, 0, 0, 0, 0, 0, 0, 0, 0, 1
"c:\Users\MSI SWORD 15 A12V\source\repos\SoftWhatsAppCRMDash\SoftWhatsAppCRMDash\wwwroot\lib\highcharts\es-modules\masters\modules\funnel.src.js", "JavaScript", 0, 7, 0, 0, 0, 0, 0, 0, 11, 1, 19
"c:\Users\MSI SWORD 15 A12V\source\repos\SoftWhatsAppCRMDash\SoftWhatsAppCRMDash\wwwroot\lib\highcharts\es-modules\masters\modules\funnel.src.min.js", "JavaScript", 0, 1, 0, 0, 0, 0, 0, 0, 0, 0, 1
"c:\Users\MSI SWORD 15 A12V\source\repos\SoftWhatsAppCRMDash\SoftWhatsAppCRMDash\wwwroot\lib\highcharts\es-modules\masters\modules\funnel3d.src.js", "JavaScript", 0, 6, 0, 0, 0, 0, 0, 0, 13, 1, 20
"c:\Users\MSI SWORD 15 A12V\source\repos\SoftWhatsAppCRMDash\SoftWhatsAppCRMDash\wwwroot\lib\highcharts\es-modules\masters\modules\funnel3d.src.min.js", "JavaScript", 0, 1, 0, 0, 0, 0, 0, 0, 0, 0, 1
"c:\Users\MSI SWORD 15 A12V\source\repos\SoftWhatsAppCRMDash\SoftWhatsAppCRMDash\wwwroot\lib\highcharts\es-modules\masters\modules\gantt.src.js", "JavaScript", 0, 27, 0, 0, 0, 0, 0, 0, 15, 1, 43
"c:\Users\MSI SWORD 15 A12V\source\repos\SoftWhatsAppCRMDash\SoftWhatsAppCRMDash\wwwroot\lib\highcharts\es-modules\masters\modules\gantt.src.min.js", "JavaScript", 0, 1, 0, 0, 0, 0, 0, 0, 0, 0, 1
"c:\Users\MSI SWORD 15 A12V\source\repos\SoftWhatsAppCRMDash\SoftWhatsAppCRMDash\wwwroot\lib\highcharts\es-modules\masters\modules\geoheatmap.src.js", "JavaScript", 0, 4, 0, 0, 0, 0, 0, 0, 9, 1, 14
"c:\Users\MSI SWORD 15 A12V\source\repos\SoftWhatsAppCRMDash\SoftWhatsAppCRMDash\wwwroot\lib\highcharts\es-modules\masters\modules\geoheatmap.src.min.js", "JavaScript", 0, 1, 0, 0, 0, 0, 0, 0, 0, 0, 1
"c:\Users\MSI SWORD 15 A12V\source\repos\SoftWhatsAppCRMDash\SoftWhatsAppCRMDash\wwwroot\lib\highcharts\es-modules\masters\modules\grid-axis.src.js", "JavaScript", 0, 6, 0, 0, 0, 0, 0, 0, 12, 1, 19
"c:\Users\MSI SWORD 15 A12V\source\repos\SoftWhatsAppCRMDash\SoftWhatsAppCRMDash\wwwroot\lib\highcharts\es-modules\masters\modules\grid-axis.src.min.js", "JavaScript", 0, 1, 0, 0, 0, 0, 0, 0, 0, 0, 1
"c:\Users\MSI SWORD 15 A12V\source\repos\SoftWhatsAppCRMDash\SoftWhatsAppCRMDash\wwwroot\lib\highcharts\es-modules\masters\modules\heatmap.src.js", "JavaScript", 0, 5, 0, 0, 0, 0, 0, 0, 9, 1, 15
"c:\Users\MSI SWORD 15 A12V\source\repos\SoftWhatsAppCRMDash\SoftWhatsAppCRMDash\wwwroot\lib\highcharts\es-modules\masters\modules\heatmap.src.min.js", "JavaScript", 0, 1, 0, 0, 0, 0, 0, 0, 0, 0, 1
"c:\Users\MSI SWORD 15 A12V\source\repos\SoftWhatsAppCRMDash\SoftWhatsAppCRMDash\wwwroot\lib\highcharts\es-modules\masters\modules\heikinashi.src.js", "JavaScript", 0, 6, 0, 0, 0, 0, 0, 0, 12, 1, 19
"c:\Users\MSI SWORD 15 A12V\source\repos\SoftWhatsAppCRMDash\SoftWhatsAppCRMDash\wwwroot\lib\highcharts\es-modules\masters\modules\heikinashi.src.min.js", "JavaScript", 0, 1, 0, 0, 0, 0, 0, 0, 0, 0, 1
"c:\Users\MSI SWORD 15 A12V\source\repos\SoftWhatsAppCRMDash\SoftWhatsAppCRMDash\wwwroot\lib\highcharts\es-modules\masters\modules\histogram-bellcurve.src.js", "JavaScript", 0, 5, 0, 0, 0, 0, 0, 0, 10, 1, 16
"c:\Users\MSI SWORD 15 A12V\source\repos\SoftWhatsAppCRMDash\SoftWhatsAppCRMDash\wwwroot\lib\highcharts\es-modules\masters\modules\histogram-bellcurve.src.min.js", "JavaScript", 0, 1, 0, 0, 0, 0, 0, 0, 0, 0, 1
"c:\Users\MSI SWORD 15 A12V\source\repos\SoftWhatsAppCRMDash\SoftWhatsAppCRMDash\wwwroot\lib\highcharts\es-modules\masters\modules\hollowcandlestick.src.js", "JavaScript", 0, 4, 0, 0, 0, 0, 0, 0, 12, 1, 17
"c:\Users\MSI SWORD 15 A12V\source\repos\SoftWhatsAppCRMDash\SoftWhatsAppCRMDash\wwwroot\lib\highcharts\es-modules\masters\modules\hollowcandlestick.src.min.js", "JavaScript", 0, 1, 0, 0, 0, 0, 0, 0, 0, 0, 1
"c:\Users\MSI SWORD 15 A12V\source\repos\SoftWhatsAppCRMDash\SoftWhatsAppCRMDash\wwwroot\lib\highcharts\es-modules\masters\modules\item-series.src.js", "JavaScript", 0, 4, 0, 0, 0, 0, 0, 0, 11, 1, 16
"c:\Users\MSI SWORD 15 A12V\source\repos\SoftWhatsAppCRMDash\SoftWhatsAppCRMDash\wwwroot\lib\highcharts\es-modules\masters\modules\item-series.src.min.js", "JavaScript", 0, 1, 0, 0, 0, 0, 0, 0, 0, 0, 1
"c:\Users\MSI SWORD 15 A12V\source\repos\SoftWhatsAppCRMDash\SoftWhatsAppCRMDash\wwwroot\lib\highcharts\es-modules\masters\modules\lollipop.src.js", "JavaScript", 0, 4, 0, 0, 0, 0, 0, 0, 9, 1, 14
"c:\Users\MSI SWORD 15 A12V\source\repos\SoftWhatsAppCRMDash\SoftWhatsAppCRMDash\wwwroot\lib\highcharts\es-modules\masters\modules\lollipop.src.min.js", "JavaScript", 0, 1, 0, 0, 0, 0, 0, 0, 0, 0, 1
"c:\Users\MSI SWORD 15 A12V\source\repos\SoftWhatsAppCRMDash\SoftWhatsAppCRMDash\wwwroot\lib\highcharts\es-modules\masters\modules\map.src.js", "JavaScript", 0, 29, 0, 0, 0, 0, 0, 0, 15, 1, 45
"c:\Users\MSI SWORD 15 A12V\source\repos\SoftWhatsAppCRMDash\SoftWhatsAppCRMDash\wwwroot\lib\highcharts\es-modules\masters\modules\map.src.min.js", "JavaScript", 0, 1, 0, 0, 0, 0, 0, 0, 0, 0, 1
"c:\Users\MSI SWORD 15 A12V\source\repos\SoftWhatsAppCRMDash\SoftWhatsAppCRMDash\wwwroot\lib\highcharts\es-modules\masters\modules\marker-clusters.src.js", "JavaScript", 0, 8, 0, 0, 0, 0, 0, 0, 11, 1, 20
"c:\Users\MSI SWORD 15 A12V\source\repos\SoftWhatsAppCRMDash\SoftWhatsAppCRMDash\wwwroot\lib\highcharts\es-modules\masters\modules\marker-clusters.src.min.js", "JavaScript", 0, 1, 0, 0, 0, 0, 0, 0, 0, 0, 1
"c:\Users\MSI SWORD 15 A12V\source\repos\SoftWhatsAppCRMDash\SoftWhatsAppCRMDash\wwwroot\lib\highcharts\es-modules\masters\modules\mouse-wheel-zoom.src.js", "JavaScript", 0, 7, 0, 0, 0, 0, 0, 0, 11, 1, 19
"c:\Users\MSI SWORD 15 A12V\source\repos\SoftWhatsAppCRMDash\SoftWhatsAppCRMDash\wwwroot\lib\highcharts\es-modules\masters\modules\mouse-wheel-zoom.src.min.js", "JavaScript", 0, 1, 0, 0, 0, 0, 0, 0, 0, 0, 1
"c:\Users\MSI SWORD 15 A12V\source\repos\SoftWhatsAppCRMDash\SoftWhatsAppCRMDash\wwwroot\lib\highcharts\es-modules\masters\modules\navigator.src.js", "JavaScript", 0, 9, 0, 0, 0, 0, 0, 0, 11, 1, 21
"c:\Users\MSI SWORD 15 A12V\source\repos\SoftWhatsAppCRMDash\SoftWhatsAppCRMDash\wwwroot\lib\highcharts\es-modules\masters\modules\navigator.src.min.js", "JavaScript", 0, 1, 0, 0, 0, 0, 0, 0, 0, 0, 1
"c:\Users\MSI SWORD 15 A12V\source\repos\SoftWhatsAppCRMDash\SoftWhatsAppCRMDash\wwwroot\lib\highcharts\es-modules\masters\modules\networkgraph.src.js", "JavaScript", 0, 6, 0, 0, 0, 0, 0, 0, 11, 1, 18
"c:\Users\MSI SWORD 15 A12V\source\repos\SoftWhatsAppCRMDash\SoftWhatsAppCRMDash\wwwroot\lib\highcharts\es-modules\masters\modules\networkgraph.src.min.js", "JavaScript", 0, 1, 0, 0, 0, 0, 0, 0, 0, 0, 1
"c:\Users\MSI SWORD 15 A12V\source\repos\SoftWhatsAppCRMDash\SoftWhatsAppCRMDash\wwwroot\lib\highcharts\es-modules\masters\modules\no-data-to-display.src.js", "JavaScript", 0, 6, 0, 0, 0, 0, 0, 0, 12, 1, 19
"c:\Users\MSI SWORD 15 A12V\source\repos\SoftWhatsAppCRMDash\SoftWhatsAppCRMDash\wwwroot\lib\highcharts\es-modules\masters\modules\no-data-to-display.src.min.js", "JavaScript", 0, 1, 0, 0, 0, 0, 0, 0, 0, 0, 1
"c:\Users\MSI SWORD 15 A12V\source\repos\SoftWhatsAppCRMDash\SoftWhatsAppCRMDash\wwwroot\lib\highcharts\es-modules\masters\modules\offline-exporting.src.js", "JavaScript", 0, 10, 0, 0, 0, 0, 0, 0, 14, 1, 25
"c:\Users\MSI SWORD 15 A12V\source\repos\SoftWhatsAppCRMDash\SoftWhatsAppCRMDash\wwwroot\lib\highcharts\es-modules\masters\modules\offline-exporting.src.min.js", "JavaScript", 0, 1, 0, 0, 0, 0, 0, 0, 0, 0, 1
"c:\Users\MSI SWORD 15 A12V\source\repos\SoftWhatsAppCRMDash\SoftWhatsAppCRMDash\wwwroot\lib\highcharts\es-modules\masters\modules\organization.src.js", "JavaScript", 0, 4, 0, 0, 0, 0, 0, 0, 11, 1, 16
"c:\Users\MSI SWORD 15 A12V\source\repos\SoftWhatsAppCRMDash\SoftWhatsAppCRMDash\wwwroot\lib\highcharts\es-modules\masters\modules\organization.src.min.js", "JavaScript", 0, 1, 0, 0, 0, 0, 0, 0, 0, 0, 1
"c:\Users\MSI SWORD 15 A12V\source\repos\SoftWhatsAppCRMDash\SoftWhatsAppCRMDash\wwwroot\lib\highcharts\es-modules\masters\modules\overlapping-datalabels.src.js", "JavaScript", 0, 7, 0, 0, 0, 0, 0, 0, 9, 1, 17
"c:\Users\MSI SWORD 15 A12V\source\repos\SoftWhatsAppCRMDash\SoftWhatsAppCRMDash\wwwroot\lib\highcharts\es-modules\masters\modules\overlapping-datalabels.src.min.js", "JavaScript", 0, 1, 0, 0, 0, 0, 0, 0, 0, 0, 1
"c:\Users\MSI SWORD 15 A12V\source\repos\SoftWhatsAppCRMDash\SoftWhatsAppCRMDash\wwwroot\lib\highcharts\es-modules\masters\modules\parallel-coordinates.src.js", "JavaScript", 0, 6, 0, 0, 0, 0, 0, 0, 11, 1, 18
"c:\Users\MSI SWORD 15 A12V\source\repos\SoftWhatsAppCRMDash\SoftWhatsAppCRMDash\wwwroot\lib\highcharts\es-modules\masters\modules\parallel-coordinates.src.min.js", "JavaScript", 0, 1, 0, 0, 0, 0, 0, 0, 0, 0, 1
"c:\Users\MSI SWORD 15 A12V\source\repos\SoftWhatsAppCRMDash\SoftWhatsAppCRMDash\wwwroot\lib\highcharts\es-modules\masters\modules\pareto.src.js", "JavaScript", 0, 4, 0, 0, 0, 0, 0, 0, 11, 1, 16
"c:\Users\MSI SWORD 15 A12V\source\repos\SoftWhatsAppCRMDash\SoftWhatsAppCRMDash\wwwroot\lib\highcharts\es-modules\masters\modules\pareto.src.min.js", "JavaScript", 0, 1, 0, 0, 0, 0, 0, 0, 0, 0, 1
"c:\Users\MSI SWORD 15 A12V\source\repos\SoftWhatsAppCRMDash\SoftWhatsAppCRMDash\wwwroot\lib\highcharts\es-modules\masters\modules\pathfinder.src.js", "JavaScript", 0, 9, 0, 0, 0, 0, 0, 0, 11, 1, 21
"c:\Users\MSI SWORD 15 A12V\source\repos\SoftWhatsAppCRMDash\SoftWhatsAppCRMDash\wwwroot\lib\highcharts\es-modules\masters\modules\pathfinder.src.min.js", "JavaScript", 0, 1, 0, 0, 0, 0, 0, 0, 0, 0, 1
"c:\Users\MSI SWORD 15 A12V\source\repos\SoftWhatsAppCRMDash\SoftWhatsAppCRMDash\wwwroot\lib\highcharts\es-modules\masters\modules\pattern-fill.src.js", "JavaScript", 0, 7, 0, 0, 0, 0, 0, 0, 12, 1, 20
"c:\Users\MSI SWORD 15 A12V\source\repos\SoftWhatsAppCRMDash\SoftWhatsAppCRMDash\wwwroot\lib\highcharts\es-modules\masters\modules\pattern-fill.src.min.js", "JavaScript", 0, 1, 0, 0, 0, 0, 0, 0, 0, 0, 1
"c:\Users\MSI SWORD 15 A12V\source\repos\SoftWhatsAppCRMDash\SoftWhatsAppCRMDash\wwwroot\lib\highcharts\es-modules\masters\modules\pictorial.src.js", "JavaScript", 0, 4, 0, 0, 0, 0, 0, 0, 11, 1, 16
"c:\Users\MSI SWORD 15 A12V\source\repos\SoftWhatsAppCRMDash\SoftWhatsAppCRMDash\wwwroot\lib\highcharts\es-modules\masters\modules\pictorial.src.min.js", "JavaScript", 0, 1, 0, 0, 0, 0, 0, 0, 0, 0, 1
"c:\Users\MSI SWORD 15 A12V\source\repos\SoftWhatsAppCRMDash\SoftWhatsAppCRMDash\wwwroot\lib\highcharts\es-modules\masters\modules\pointandfigure.src.js", "JavaScript", 0, 6, 0, 0, 0, 0, 0, 0, 12, 1, 19
"c:\Users\MSI SWORD 15 A12V\source\repos\SoftWhatsAppCRMDash\SoftWhatsAppCRMDash\wwwroot\lib\highcharts\es-modules\masters\modules\pointandfigure.src.min.js", "JavaScript", 0, 1, 0, 0, 0, 0, 0, 0, 0, 0, 1
"c:\Users\MSI SWORD 15 A12V\source\repos\SoftWhatsAppCRMDash\SoftWhatsAppCRMDash\wwwroot\lib\highcharts\es-modules\masters\modules\price-indicator.src.js", "JavaScript", 0, 6, 0, 0, 0, 0, 0, 0, 13, 1, 20
"c:\Users\MSI SWORD 15 A12V\source\repos\SoftWhatsAppCRMDash\SoftWhatsAppCRMDash\wwwroot\lib\highcharts\es-modules\masters\modules\price-indicator.src.min.js", "JavaScript", 0, 1, 0, 0, 0, 0, 0, 0, 0, 0, 1
"c:\Users\MSI SWORD 15 A12V\source\repos\SoftWhatsAppCRMDash\SoftWhatsAppCRMDash\wwwroot\lib\highcharts\es-modules\masters\modules\pyramid3d.src.js", "JavaScript", 0, 4, 0, 0, 0, 0, 0, 0, 14, 1, 19
"c:\Users\MSI SWORD 15 A12V\source\repos\SoftWhatsAppCRMDash\SoftWhatsAppCRMDash\wwwroot\lib\highcharts\es-modules\masters\modules\pyramid3d.src.min.js", "JavaScript", 0, 1, 0, 0, 0, 0, 0, 0, 0, 0, 1
"c:\Users\MSI SWORD 15 A12V\source\repos\SoftWhatsAppCRMDash\SoftWhatsAppCRMDash\wwwroot\lib\highcharts\es-modules\masters\modules\renko.src.js", "JavaScript", 0, 4, 0, 0, 0, 0, 0, 0, 12, 1, 17
"c:\Users\MSI SWORD 15 A12V\source\repos\SoftWhatsAppCRMDash\SoftWhatsAppCRMDash\wwwroot\lib\highcharts\es-modules\masters\modules\renko.src.min.js", "JavaScript", 0, 1, 0, 0, 0, 0, 0, 0, 0, 0, 1
"c:\Users\MSI SWORD 15 A12V\source\repos\SoftWhatsAppCRMDash\SoftWhatsAppCRMDash\wwwroot\lib\highcharts\es-modules\masters\modules\sankey.src.js", "JavaScript", 0, 4, 0, 0, 0, 0, 0, 0, 11, 1, 16
"c:\Users\MSI SWORD 15 A12V\source\repos\SoftWhatsAppCRMDash\SoftWhatsAppCRMDash\wwwroot\lib\highcharts\es-modules\masters\modules\sankey.src.min.js", "JavaScript", 0, 1, 0, 0, 0, 0, 0, 0, 0, 0, 1
"c:\Users\MSI SWORD 15 A12V\source\repos\SoftWhatsAppCRMDash\SoftWhatsAppCRMDash\wwwroot\lib\highcharts\es-modules\masters\modules\series-label.src.js", "JavaScript", 0, 6, 0, 0, 0, 0, 0, 0, 9, 1, 16
"c:\Users\MSI SWORD 15 A12V\source\repos\SoftWhatsAppCRMDash\SoftWhatsAppCRMDash\wwwroot\lib\highcharts\es-modules\masters\modules\series-label.src.min.js", "JavaScript", 0, 1, 0, 0, 0, 0, 0, 0, 0, 0, 1
"c:\Users\MSI SWORD 15 A12V\source\repos\SoftWhatsAppCRMDash\SoftWhatsAppCRMDash\wwwroot\lib\highcharts\es-modules\masters\modules\series-on-point.src.js", "JavaScript", 0, 6, 0, 0, 0, 0, 0, 0, 12, 1, 19
"c:\Users\MSI SWORD 15 A12V\source\repos\SoftWhatsAppCRMDash\SoftWhatsAppCRMDash\wwwroot\lib\highcharts\es-modules\masters\modules\series-on-point.src.min.js", "JavaScript", 0, 1, 0, 0, 0, 0, 0, 0, 0, 0, 1
"c:\Users\MSI SWORD 15 A12V\source\repos\SoftWhatsAppCRMDash\SoftWhatsAppCRMDash\wwwroot\lib\highcharts\es-modules\masters\modules\solid-gauge.src.js", "JavaScript", 0, 4, 0, 0, 0, 0, 0, 0, 12, 1, 17
"c:\Users\MSI SWORD 15 A12V\source\repos\SoftWhatsAppCRMDash\SoftWhatsAppCRMDash\wwwroot\lib\highcharts\es-modules\masters\modules\solid-gauge.src.min.js", "JavaScript", 0, 1, 0, 0, 0, 0, 0, 0, 0, 0, 1
"c:\Users\MSI SWORD 15 A12V\source\repos\SoftWhatsAppCRMDash\SoftWhatsAppCRMDash\wwwroot\lib\highcharts\es-modules\masters\modules\sonification.src.js", "JavaScript", 0, 21, 0, 0, 0, 0, 0, 0, 13, 1, 35
"c:\Users\MSI SWORD 15 A12V\source\repos\SoftWhatsAppCRMDash\SoftWhatsAppCRMDash\wwwroot\lib\highcharts\es-modules\masters\modules\sonification.src.min.js", "JavaScript", 0, 1, 0, 0, 0, 0, 0, 0, 0, 0, 1
"c:\Users\MSI SWORD 15 A12V\source\repos\SoftWhatsAppCRMDash\SoftWhatsAppCRMDash\wwwroot\lib\highcharts\es-modules\masters\modules\static-scale.src.js", "JavaScript", 0, 6, 0, 0, 0, 0, 0, 0, 11, 1, 18
"c:\Users\MSI SWORD 15 A12V\source\repos\SoftWhatsAppCRMDash\SoftWhatsAppCRMDash\wwwroot\lib\highcharts\es-modules\masters\modules\static-scale.src.min.js", "JavaScript", 0, 1, 0, 0, 0, 0, 0, 0, 0, 0, 1
"c:\Users\MSI SWORD 15 A12V\source\repos\SoftWhatsAppCRMDash\SoftWhatsAppCRMDash\wwwroot\lib\highcharts\es-modules\masters\modules\stock-tools.src.js", "JavaScript", 0, 12, 0, 0, 0, 0, 0, 0, 13, 1, 26
"c:\Users\MSI SWORD 15 A12V\source\repos\SoftWhatsAppCRMDash\SoftWhatsAppCRMDash\wwwroot\lib\highcharts\es-modules\masters\modules\stock-tools.src.min.js", "JavaScript", 0, 1, 0, 0, 0, 0, 0, 0, 0, 0, 1
"c:\Users\MSI SWORD 15 A12V\source\repos\SoftWhatsAppCRMDash\SoftWhatsAppCRMDash\wwwroot\lib\highcharts\es-modules\masters\modules\stock.src.js", "JavaScript", 0, 32, 0, 0, 0, 0, 0, 0, 14, 1, 47
"c:\Users\MSI SWORD 15 A12V\source\repos\SoftWhatsAppCRMDash\SoftWhatsAppCRMDash\wwwroot\lib\highcharts\es-modules\masters\modules\stock.src.min.js", "JavaScript", 0, 1, 0, 0, 0, 0, 0, 0, 0, 0, 1
"c:\Users\MSI SWORD 15 A12V\source\repos\SoftWhatsAppCRMDash\SoftWhatsAppCRMDash\wwwroot\lib\highcharts\es-modules\masters\modules\streamgraph.src.js", "JavaScript", 0, 4, 0, 0, 0, 0, 0, 0, 11, 1, 16
"c:\Users\MSI SWORD 15 A12V\source\repos\SoftWhatsAppCRMDash\SoftWhatsAppCRMDash\wwwroot\lib\highcharts\es-modules\masters\modules\streamgraph.src.min.js", "JavaScript", 0, 1, 0, 0, 0, 0, 0, 0, 0, 0, 1
"c:\Users\MSI SWORD 15 A12V\source\repos\SoftWhatsAppCRMDash\SoftWhatsAppCRMDash\wwwroot\lib\highcharts\es-modules\masters\modules\sunburst.src.js", "JavaScript", 0, 9, 0, 0, 0, 0, 0, 0, 10, 1, 20
"c:\Users\MSI SWORD 15 A12V\source\repos\SoftWhatsAppCRMDash\SoftWhatsAppCRMDash\wwwroot\lib\highcharts\es-modules\masters\modules\sunburst.src.min.js", "JavaScript", 0, 1, 0, 0, 0, 0, 0, 0, 0, 0, 1
"c:\Users\MSI SWORD 15 A12V\source\repos\SoftWhatsAppCRMDash\SoftWhatsAppCRMDash\wwwroot\lib\highcharts\es-modules\masters\modules\textpath.src.js", "JavaScript", 0, 7, 0, 0, 0, 0, 0, 0, 9, 1, 17
"c:\Users\MSI SWORD 15 A12V\source\repos\SoftWhatsAppCRMDash\SoftWhatsAppCRMDash\wwwroot\lib\highcharts\es-modules\masters\modules\textpath.src.min.js", "JavaScript", 0, 1, 0, 0, 0, 0, 0, 0, 0, 0, 1
"c:\Users\MSI SWORD 15 A12V\source\repos\SoftWhatsAppCRMDash\SoftWhatsAppCRMDash\wwwroot\lib\highcharts\es-modules\masters\modules\tiledwebmap.src.js", "JavaScript", 0, 8, 0, 0, 0, 0, 0, 0, 9, 1, 18
"c:\Users\MSI SWORD 15 A12V\source\repos\SoftWhatsAppCRMDash\SoftWhatsAppCRMDash\wwwroot\lib\highcharts\es-modules\masters\modules\tiledwebmap.src.min.js", "JavaScript", 0, 1, 0, 0, 0, 0, 0, 0, 0, 0, 1
"c:\Users\MSI SWORD 15 A12V\source\repos\SoftWhatsAppCRMDash\SoftWhatsAppCRMDash\wwwroot\lib\highcharts\es-modules\masters\modules\tilemap.src.js", "JavaScript", 0, 6, 0, 0, 0, 0, 0, 0, 12, 1, 19
"c:\Users\MSI SWORD 15 A12V\source\repos\SoftWhatsAppCRMDash\SoftWhatsAppCRMDash\wwwroot\lib\highcharts\es-modules\masters\modules\tilemap.src.min.js", "JavaScript", 0, 1, 0, 0, 0, 0, 0, 0, 0, 0, 1
"c:\Users\MSI SWORD 15 A12V\source\repos\SoftWhatsAppCRMDash\SoftWhatsAppCRMDash\wwwroot\lib\highcharts\es-modules\masters\modules\timeline.src.js", "JavaScript", 0, 4, 0, 0, 0, 0, 0, 0, 12, 1, 17
"c:\Users\MSI SWORD 15 A12V\source\repos\SoftWhatsAppCRMDash\SoftWhatsAppCRMDash\wwwroot\lib\highcharts\es-modules\masters\modules\timeline.src.min.js", "JavaScript", 0, 1, 0, 0, 0, 0, 0, 0, 0, 0, 1
"c:\Users\MSI SWORD 15 A12V\source\repos\SoftWhatsAppCRMDash\SoftWhatsAppCRMDash\wwwroot\lib\highcharts\es-modules\masters\modules\treegraph.src.js", "JavaScript", 0, 4, 0, 0, 0, 0, 0, 0, 11, 1, 16
"c:\Users\MSI SWORD 15 A12V\source\repos\SoftWhatsAppCRMDash\SoftWhatsAppCRMDash\wwwroot\lib\highcharts\es-modules\masters\modules\treegraph.src.min.js", "JavaScript", 0, 1, 0, 0, 0, 0, 0, 0, 0, 0, 1
"c:\Users\MSI SWORD 15 A12V\source\repos\SoftWhatsAppCRMDash\SoftWhatsAppCRMDash\wwwroot\lib\highcharts\es-modules\masters\modules\treegrid.src.js", "JavaScript", 0, 6, 0, 0, 0, 0, 0, 0, 11, 1, 18
"c:\Users\MSI SWORD 15 A12V\source\repos\SoftWhatsAppCRMDash\SoftWhatsAppCRMDash\wwwroot\lib\highcharts\es-modules\masters\modules\treegrid.src.min.js", "JavaScript", 0, 1, 0, 0, 0, 0, 0, 0, 0, 0, 1
"c:\Users\MSI SWORD 15 A12V\source\repos\SoftWhatsAppCRMDash\SoftWhatsAppCRMDash\wwwroot\lib\highcharts\es-modules\masters\modules\treemap.src.js", "JavaScript", 0, 9, 0, 0, 0, 0, 0, 0, 10, 1, 20
"c:\Users\MSI SWORD 15 A12V\source\repos\SoftWhatsAppCRMDash\SoftWhatsAppCRMDash\wwwroot\lib\highcharts\es-modules\masters\modules\treemap.src.min.js", "JavaScript", 0, 1, 0, 0, 0, 0, 0, 0, 0, 0, 1
"c:\Users\MSI SWORD 15 A12V\source\repos\SoftWhatsAppCRMDash\SoftWhatsAppCRMDash\wwwroot\lib\highcharts\es-modules\masters\modules\variable-pie.src.js", "JavaScript", 0, 4, 0, 0, 0, 0, 0, 0, 11, 1, 16
"c:\Users\MSI SWORD 15 A12V\source\repos\SoftWhatsAppCRMDash\SoftWhatsAppCRMDash\wwwroot\lib\highcharts\es-modules\masters\modules\variable-pie.src.min.js", "JavaScript", 0, 1, 0, 0, 0, 0, 0, 0, 0, 0, 1
"c:\Users\MSI SWORD 15 A12V\source\repos\SoftWhatsAppCRMDash\SoftWhatsAppCRMDash\wwwroot\lib\highcharts\es-modules\masters\modules\variwide.src.js", "JavaScript", 0, 6, 0, 0, 0, 0, 0, 0, 11, 1, 18
"c:\Users\MSI SWORD 15 A12V\source\repos\SoftWhatsAppCRMDash\SoftWhatsAppCRMDash\wwwroot\lib\highcharts\es-modules\masters\modules\variwide.src.min.js", "JavaScript", 0, 1, 0, 0, 0, 0, 0, 0, 0, 0, 1
"c:\Users\MSI SWORD 15 A12V\source\repos\SoftWhatsAppCRMDash\SoftWhatsAppCRMDash\wwwroot\lib\highcharts\es-modules\masters\modules\vector.src.js", "JavaScript", 0, 4, 0, 0, 0, 0, 0, 0, 11, 1, 16
"c:\Users\MSI SWORD 15 A12V\source\repos\SoftWhatsAppCRMDash\SoftWhatsAppCRMDash\wwwroot\lib\highcharts\es-modules\masters\modules\vector.src.min.js", "JavaScript", 0, 1, 0, 0, 0, 0, 0, 0, 0, 0, 1
"c:\Users\MSI SWORD 15 A12V\source\repos\SoftWhatsAppCRMDash\SoftWhatsAppCRMDash\wwwroot\lib\highcharts\es-modules\masters\modules\venn.src.js", "JavaScript", 0, 4, 0, 0, 0, 0, 0, 0, 10, 1, 15
"c:\Users\MSI SWORD 15 A12V\source\repos\SoftWhatsAppCRMDash\SoftWhatsAppCRMDash\wwwroot\lib\highcharts\es-modules\masters\modules\venn.src.min.js", "JavaScript", 0, 1, 0, 0, 0, 0, 0, 0, 0, 0, 1
"c:\Users\MSI SWORD 15 A12V\source\repos\SoftWhatsAppCRMDash\SoftWhatsAppCRMDash\wwwroot\lib\highcharts\es-modules\masters\modules\windbarb.src.js", "JavaScript", 0, 4, 0, 0, 0, 0, 0, 0, 11, 1, 16
"c:\Users\MSI SWORD 15 A12V\source\repos\SoftWhatsAppCRMDash\SoftWhatsAppCRMDash\wwwroot\lib\highcharts\es-modules\masters\modules\windbarb.src.min.js", "JavaScript", 0, 1, 0, 0, 0, 0, 0, 0, 0, 0, 1
"c:\Users\MSI SWORD 15 A12V\source\repos\SoftWhatsAppCRMDash\SoftWhatsAppCRMDash\wwwroot\lib\highcharts\es-modules\masters\modules\wordcloud.src.js", "JavaScript", 0, 4, 0, 0, 0, 0, 0, 0, 10, 1, 15
"c:\Users\MSI SWORD 15 A12V\source\repos\SoftWhatsAppCRMDash\SoftWhatsAppCRMDash\wwwroot\lib\highcharts\es-modules\masters\modules\wordcloud.src.min.js", "JavaScript", 0, 1, 0, 0, 0, 0, 0, 0, 0, 0, 1
"c:\Users\MSI SWORD 15 A12V\source\repos\SoftWhatsAppCRMDash\SoftWhatsAppCRMDash\wwwroot\lib\highcharts\es-modules\masters\modules\xrange.src.js", "JavaScript", 0, 6, 0, 0, 0, 0, 0, 0, 11, 1, 18
"c:\Users\MSI SWORD 15 A12V\source\repos\SoftWhatsAppCRMDash\SoftWhatsAppCRMDash\wwwroot\lib\highcharts\es-modules\masters\modules\xrange.src.min.js", "JavaScript", 0, 1, 0, 0, 0, 0, 0, 0, 0, 0, 1
"c:\Users\MSI SWORD 15 A12V\source\repos\SoftWhatsAppCRMDash\SoftWhatsAppCRMDash\wwwroot\lib\highcharts\es-modules\masters\standalone-navigator.src.js", "JavaScript", 0, 4, 0, 0, 0, 0, 0, 0, 9, 1, 14
"c:\Users\MSI SWORD 15 A12V\source\repos\SoftWhatsAppCRMDash\SoftWhatsAppCRMDash\wwwroot\lib\highcharts\es-modules\masters\standalone-navigator.src.min.js", "JavaScript", 0, 1, 0, 0, 0, 0, 0, 0, 0, 0, 1
"c:\Users\MSI SWORD 15 A12V\source\repos\SoftWhatsAppCRMDash\SoftWhatsAppCRMDash\wwwroot\lib\highcharts\es-modules\masters\themes\avocado.src.js", "JavaScript", 0, 6, 0, 0, 0, 0, 0, 0, 9, 1, 16
"c:\Users\MSI SWORD 15 A12V\source\repos\SoftWhatsAppCRMDash\SoftWhatsAppCRMDash\wwwroot\lib\highcharts\es-modules\masters\themes\avocado.src.min.js", "JavaScript", 0, 1, 0, 0, 0, 0, 0, 0, 0, 0, 1
"c:\Users\MSI SWORD 15 A12V\source\repos\SoftWhatsAppCRMDash\SoftWhatsAppCRMDash\wwwroot\lib\highcharts\es-modules\masters\themes\brand-dark.src.js", "JavaScript", 0, 6, 0, 0, 0, 0, 0, 0, 9, 1, 16
"c:\Users\MSI SWORD 15 A12V\source\repos\SoftWhatsAppCRMDash\SoftWhatsAppCRMDash\wwwroot\lib\highcharts\es-modules\masters\themes\brand-dark.src.min.js", "JavaScript", 0, 1, 0, 0, 0, 0, 0, 0, 0, 0, 1
"c:\Users\MSI SWORD 15 A12V\source\repos\SoftWhatsAppCRMDash\SoftWhatsAppCRMDash\wwwroot\lib\highcharts\es-modules\masters\themes\brand-light.src.js", "JavaScript", 0, 6, 0, 0, 0, 0, 0, 0, 9, 1, 16
"c:\Users\MSI SWORD 15 A12V\source\repos\SoftWhatsAppCRMDash\SoftWhatsAppCRMDash\wwwroot\lib\highcharts\es-modules\masters\themes\brand-light.src.min.js", "JavaScript", 0, 1, 0, 0, 0, 0, 0, 0, 0, 0, 1
"c:\Users\MSI SWORD 15 A12V\source\repos\SoftWhatsAppCRMDash\SoftWhatsAppCRMDash\wwwroot\lib\highcharts\es-modules\masters\themes\dark-blue.src.js", "JavaScript", 0, 6, 0, 0, 0, 0, 0, 0, 9, 1, 16
"c:\Users\MSI SWORD 15 A12V\source\repos\SoftWhatsAppCRMDash\SoftWhatsAppCRMDash\wwwroot\lib\highcharts\es-modules\masters\themes\dark-blue.src.min.js", "JavaScript", 0, 1, 0, 0, 0, 0, 0, 0, 0, 0, 1
"c:\Users\MSI SWORD 15 A12V\source\repos\SoftWhatsAppCRMDash\SoftWhatsAppCRMDash\wwwroot\lib\highcharts\es-modules\masters\themes\dark-green.src.js", "JavaScript", 0, 6, 0, 0, 0, 0, 0, 0, 9, 1, 16
"c:\Users\MSI SWORD 15 A12V\source\repos\SoftWhatsAppCRMDash\SoftWhatsAppCRMDash\wwwroot\lib\highcharts\es-modules\masters\themes\dark-green.src.min.js", "JavaScript", 0, 1, 0, 0, 0, 0, 0, 0, 0, 0, 1
"c:\Users\MSI SWORD 15 A12V\source\repos\SoftWhatsAppCRMDash\SoftWhatsAppCRMDash\wwwroot\lib\highcharts\es-modules\masters\themes\dark-unica.src.js", "JavaScript", 0, 6, 0, 0, 0, 0, 0, 0, 9, 1, 16
"c:\Users\MSI SWORD 15 A12V\source\repos\SoftWhatsAppCRMDash\SoftWhatsAppCRMDash\wwwroot\lib\highcharts\es-modules\masters\themes\dark-unica.src.min.js", "JavaScript", 0, 1, 0, 0, 0, 0, 0, 0, 0, 0, 1
"c:\Users\MSI SWORD 15 A12V\source\repos\SoftWhatsAppCRMDash\SoftWhatsAppCRMDash\wwwroot\lib\highcharts\es-modules\masters\themes\gray.src.js", "JavaScript", 0, 6, 0, 0, 0, 0, 0, 0, 9, 1, 16
"c:\Users\MSI SWORD 15 A12V\source\repos\SoftWhatsAppCRMDash\SoftWhatsAppCRMDash\wwwroot\lib\highcharts\es-modules\masters\themes\gray.src.min.js", "JavaScript", 0, 1, 0, 0, 0, 0, 0, 0, 0, 0, 1
"c:\Users\MSI SWORD 15 A12V\source\repos\SoftWhatsAppCRMDash\SoftWhatsAppCRMDash\wwwroot\lib\highcharts\es-modules\masters\themes\grid-light.src.js", "JavaScript", 0, 6, 0, 0, 0, 0, 0, 0, 9, 1, 16
"c:\Users\MSI SWORD 15 A12V\source\repos\SoftWhatsAppCRMDash\SoftWhatsAppCRMDash\wwwroot\lib\highcharts\es-modules\masters\themes\grid-light.src.min.js", "JavaScript", 0, 1, 0, 0, 0, 0, 0, 0, 0, 0, 1
"c:\Users\MSI SWORD 15 A12V\source\repos\SoftWhatsAppCRMDash\SoftWhatsAppCRMDash\wwwroot\lib\highcharts\es-modules\masters\themes\grid.src.js", "JavaScript", 0, 6, 0, 0, 0, 0, 0, 0, 9, 1, 16
"c:\Users\MSI SWORD 15 A12V\source\repos\SoftWhatsAppCRMDash\SoftWhatsAppCRMDash\wwwroot\lib\highcharts\es-modules\masters\themes\grid.src.min.js", "JavaScript", 0, 1, 0, 0, 0, 0, 0, 0, 0, 0, 1
"c:\Users\MSI SWORD 15 A12V\source\repos\SoftWhatsAppCRMDash\SoftWhatsAppCRMDash\wwwroot\lib\highcharts\es-modules\masters\themes\high-contrast-dark.src.js", "JavaScript", 0, 6, 0, 0, 0, 0, 0, 0, 9, 1, 16
"c:\Users\MSI SWORD 15 A12V\source\repos\SoftWhatsAppCRMDash\SoftWhatsAppCRMDash\wwwroot\lib\highcharts\es-modules\masters\themes\high-contrast-dark.src.min.js", "JavaScript", 0, 1, 0, 0, 0, 0, 0, 0, 0, 0, 1
"c:\Users\MSI SWORD 15 A12V\source\repos\SoftWhatsAppCRMDash\SoftWhatsAppCRMDash\wwwroot\lib\highcharts\es-modules\masters\themes\high-contrast-light.src.js", "JavaScript", 0, 6, 0, 0, 0, 0, 0, 0, 9, 1, 16
"c:\Users\MSI SWORD 15 A12V\source\repos\SoftWhatsAppCRMDash\SoftWhatsAppCRMDash\wwwroot\lib\highcharts\es-modules\masters\themes\high-contrast-light.src.min.js", "JavaScript", 0, 1, 0, 0, 0, 0, 0, 0, 0, 0, 1
"c:\Users\MSI SWORD 15 A12V\source\repos\SoftWhatsAppCRMDash\SoftWhatsAppCRMDash\wwwroot\lib\highcharts\es-modules\masters\themes\sand-signika.src.js", "JavaScript", 0, 6, 0, 0, 0, 0, 0, 0, 9, 1, 16
"c:\Users\MSI SWORD 15 A12V\source\repos\SoftWhatsAppCRMDash\SoftWhatsAppCRMDash\wwwroot\lib\highcharts\es-modules\masters\themes\sand-signika.src.min.js", "JavaScript", 0, 1, 0, 0, 0, 0, 0, 0, 0, 0, 1
"c:\Users\MSI SWORD 15 A12V\source\repos\SoftWhatsAppCRMDash\SoftWhatsAppCRMDash\wwwroot\lib\highcharts\es-modules\masters\themes\skies.src.js", "JavaScript", 0, 6, 0, 0, 0, 0, 0, 0, 9, 1, 16
"c:\Users\MSI SWORD 15 A12V\source\repos\SoftWhatsAppCRMDash\SoftWhatsAppCRMDash\wwwroot\lib\highcharts\es-modules\masters\themes\skies.src.min.js", "JavaScript", 0, 1, 0, 0, 0, 0, 0, 0, 0, 0, 1
"c:\Users\MSI SWORD 15 A12V\source\repos\SoftWhatsAppCRMDash\SoftWhatsAppCRMDash\wwwroot\lib\highcharts\es-modules\masters\themes\sunset.src.js", "JavaScript", 0, 6, 0, 0, 0, 0, 0, 0, 9, 1, 16
"c:\Users\MSI SWORD 15 A12V\source\repos\SoftWhatsAppCRMDash\SoftWhatsAppCRMDash\wwwroot\lib\highcharts\es-modules\masters\themes\sunset.src.min.js", "JavaScript", 0, 1, 0, 0, 0, 0, 0, 0, 0, 0, 1
"c:\Users\MSI SWORD 15 A12V\source\repos\SoftWhatsAppCRMDash\SoftWhatsAppCRMDash\wwwroot\lib\highcharts\highcharts-3d.js", "JavaScript", 0, 2, 0, 0, 0, 0, 0, 0, 7, 0, 9
"c:\Users\MSI SWORD 15 A12V\source\repos\SoftWhatsAppCRMDash\SoftWhatsAppCRMDash\wwwroot\lib\highcharts\highcharts-3d.min.js", "JavaScript", 0, 1, 0, 0, 0, 0, 0, 0, 0, 0, 1
"c:\Users\MSI SWORD 15 A12V\source\repos\SoftWhatsAppCRMDash\SoftWhatsAppCRMDash\wwwroot\lib\highcharts\highcharts-3d.src.js", "JavaScript", 0, 3374, 0, 0, 0, 0, 0, 0, 1658, 124, 5156
"c:\Users\MSI SWORD 15 A12V\source\repos\SoftWhatsAppCRMDash\SoftWhatsAppCRMDash\wwwroot\lib\highcharts\highcharts-3d.src.min.js", "JavaScript", 0, 1, 0, 0, 0, 0, 0, 0, 0, 0, 1
"c:\Users\MSI SWORD 15 A12V\source\repos\SoftWhatsAppCRMDash\SoftWhatsAppCRMDash\wwwroot\lib\highcharts\highcharts-gantt.js", "JavaScript", 0, 4, 0, 0, 0, 0, 0, 0, 12, 0, 16
"c:\Users\MSI SWORD 15 A12V\source\repos\SoftWhatsAppCRMDash\SoftWhatsAppCRMDash\wwwroot\lib\highcharts\highcharts-gantt.min.js", "JavaScript", 0, 2, 0, 0, 0, 0, 0, 0, 0, 0, 2
"c:\Users\MSI SWORD 15 A12V\source\repos\SoftWhatsAppCRMDash\SoftWhatsAppCRMDash\wwwroot\lib\highcharts\highcharts-gantt.src.js", "JavaScript", 0, 26340, 0, 0, 0, 0, 0, 0, 34059, 557, 60956
"c:\Users\MSI SWORD 15 A12V\source\repos\SoftWhatsAppCRMDash\SoftWhatsAppCRMDash\wwwroot\lib\highcharts\highcharts-gantt.src.min.js", "JavaScript", 0, 2, 0, 0, 0, 0, 0, 0, 0, 0, 2
"c:\Users\MSI SWORD 15 A12V\source\repos\SoftWhatsAppCRMDash\SoftWhatsAppCRMDash\wwwroot\lib\highcharts\highcharts-more.js", "JavaScript", 0, 2, 0, 0, 0, 0, 0, 0, 7, 0, 9
"c:\Users\MSI SWORD 15 A12V\source\repos\SoftWhatsAppCRMDash\SoftWhatsAppCRMDash\wwwroot\lib\highcharts\highcharts-more.min.js", "JavaScript", 0, 1, 0, 0, 0, 0, 0, 0, 0, 0, 1
"c:\Users\MSI SWORD 15 A12V\source\repos\SoftWhatsAppCRMDash\SoftWhatsAppCRMDash\wwwroot\lib\highcharts\highcharts-more.src.js", "JavaScript", 0, 6165, 0, 0, 0, 0, 0, 0, 5910, 261, 12336
"c:\Users\MSI SWORD 15 A12V\source\repos\SoftWhatsAppCRMDash\SoftWhatsAppCRMDash\wwwroot\lib\highcharts\highcharts-more.src.min.js", "JavaScript", 0, 1, 0, 0, 0, 0, 0, 0, 0, 0, 1
"c:\Users\MSI SWORD 15 A12V\source\repos\SoftWhatsAppCRMDash\SoftWhatsAppCRMDash\wwwroot\lib\highcharts\highcharts.js", "JavaScript", 0, 3, 0, 0, 0, 0, 0, 0, 6, 0, 9
"c:\Users\MSI SWORD 15 A12V\source\repos\SoftWhatsAppCRMDash\SoftWhatsAppCRMDash\wwwroot\lib\highcharts\highcharts.min.js", "JavaScript", 0, 2, 0, 0, 0, 0, 0, 0, 0, 0, 2
"c:\Users\MSI SWORD 15 A12V\source\repos\SoftWhatsAppCRMDash\SoftWhatsAppCRMDash\wwwroot\lib\highcharts\highcharts.src.js", "JavaScript", 0, 18630, 0, 0, 0, 0, 0, 0, 27732, 355, 46717
"c:\Users\MSI SWORD 15 A12V\source\repos\SoftWhatsAppCRMDash\SoftWhatsAppCRMDash\wwwroot\lib\highcharts\highcharts.src.min.js", "JavaScript", 0, 2, 0, 0, 0, 0, 0, 0, 0, 0, 2
"c:\Users\MSI SWORD 15 A12V\source\repos\SoftWhatsAppCRMDash\SoftWhatsAppCRMDash\wwwroot\lib\highcharts\highmaps.js", "JavaScript", 0, 4, 0, 0, 0, 0, 0, 0, 12, 0, 16
"c:\Users\MSI SWORD 15 A12V\source\repos\SoftWhatsAppCRMDash\SoftWhatsAppCRMDash\wwwroot\lib\highcharts\highmaps.min.js", "JavaScript", 0, 2, 0, 0, 0, 0, 0, 0, 0, 0, 2
"c:\Users\MSI SWORD 15 A12V\source\repos\SoftWhatsAppCRMDash\SoftWhatsAppCRMDash\wwwroot\lib\highcharts\highmaps.src.js", "JavaScript", 0, 23428, 0, 0, 0, 0, 0, 0, 33795, 572, 57795
"c:\Users\MSI SWORD 15 A12V\source\repos\SoftWhatsAppCRMDash\SoftWhatsAppCRMDash\wwwroot\lib\highcharts\highmaps.src.min.js", "JavaScript", 0, 2, 0, 0, 0, 0, 0, 0, 0, 0, 2
"c:\Users\MSI SWORD 15 A12V\source\repos\SoftWhatsAppCRMDash\SoftWhatsAppCRMDash\wwwroot\lib\highcharts\highstock.js", "JavaScript", 0, 4, 0, 0, 0, 0, 0, 0, 12, 0, 16
"c:\Users\MSI SWORD 15 A12V\source\repos\SoftWhatsAppCRMDash\SoftWhatsAppCRMDash\wwwroot\lib\highcharts\highstock.min.js", "JavaScript", 0, 2, 0, 0, 0, 0, 0, 0, 0, 0, 2
"c:\Users\MSI SWORD 15 A12V\source\repos\SoftWhatsAppCRMDash\SoftWhatsAppCRMDash\wwwroot\lib\highcharts\highstock.src.js", "JavaScript", 0, 25329, 0, 0, 0, 0, 0, 0, 33652, 576, 59557
"c:\Users\MSI SWORD 15 A12V\source\repos\SoftWhatsAppCRMDash\SoftWhatsAppCRMDash\wwwroot\lib\highcharts\highstock.src.min.js", "JavaScript", 0, 2, 0, 0, 0, 0, 0, 0, 0, 0, 2
"c:\Users\MSI SWORD 15 A12V\source\repos\SoftWhatsAppCRMDash\SoftWhatsAppCRMDash\wwwroot\lib\highcharts\indicators\acceleration-bands.js", "JavaScript", 0, 2, 0, 0, 0, 0, 0, 0, 10, 0, 12
"c:\Users\MSI SWORD 15 A12V\source\repos\SoftWhatsAppCRMDash\SoftWhatsAppCRMDash\wwwroot\lib\highcharts\indicators\acceleration-bands.min.js", "JavaScript", 0, 1, 0, 0, 0, 0, 0, 0, 0, 0, 1
"c:\Users\MSI SWORD 15 A12V\source\repos\SoftWhatsAppCRMDash\SoftWhatsAppCRMDash\wwwroot\lib\highcharts\indicators\acceleration-bands.src.js", "JavaScript", 0, 331, 0, 0, 0, 0, 0, 0, 275, 23, 629
"c:\Users\MSI SWORD 15 A12V\source\repos\SoftWhatsAppCRMDash\SoftWhatsAppCRMDash\wwwroot\lib\highcharts\indicators\acceleration-bands.src.min.js", "JavaScript", 0, 1, 0, 0, 0, 0, 0, 0, 0, 0, 1
"c:\Users\MSI SWORD 15 A12V\source\repos\SoftWhatsAppCRMDash\SoftWhatsAppCRMDash\wwwroot\lib\highcharts\indicators\accumulation-distribution.js", "JavaScript", 0, 2, 0, 0, 0, 0, 0, 0, 10, 0, 12
"c:\Users\MSI SWORD 15 A12V\source\repos\SoftWhatsAppCRMDash\SoftWhatsAppCRMDash\wwwroot\lib\highcharts\indicators\accumulation-distribution.min.js", "JavaScript", 0, 1, 0, 0, 0, 0, 0, 0, 0, 0, 1
"c:\Users\MSI SWORD 15 A12V\source\repos\SoftWhatsAppCRMDash\SoftWhatsAppCRMDash\wwwroot\lib\highcharts\indicators\accumulation-distribution.src.js", "JavaScript", 0, 138, 0, 0, 0, 0, 0, 0, 109, 18, 265
"c:\Users\MSI SWORD 15 A12V\source\repos\SoftWhatsAppCRMDash\SoftWhatsAppCRMDash\wwwroot\lib\highcharts\indicators\accumulation-distribution.src.min.js", "JavaScript", 0, 1, 0, 0, 0, 0, 0, 0, 0, 0, 1
"c:\Users\MSI SWORD 15 A12V\source\repos\SoftWhatsAppCRMDash\SoftWhatsAppCRMDash\wwwroot\lib\highcharts\indicators\ao.js", "JavaScript", 0, 2, 0, 0, 0, 0, 0, 0, 10, 0, 12
"c:\Users\MSI SWORD 15 A12V\source\repos\SoftWhatsAppCRMDash\SoftWhatsAppCRMDash\wwwroot\lib\highcharts\indicators\ao.min.js", "JavaScript", 0, 1, 0, 0, 0, 0, 0, 0, 0, 0, 1
"c:\Users\MSI SWORD 15 A12V\source\repos\SoftWhatsAppCRMDash\SoftWhatsAppCRMDash\wwwroot\lib\highcharts\indicators\ao.src.js", "JavaScript", 0, 181, 0, 0, 0, 0, 0, 0, 121, 19, 321
"c:\Users\MSI SWORD 15 A12V\source\repos\SoftWhatsAppCRMDash\SoftWhatsAppCRMDash\wwwroot\lib\highcharts\indicators\ao.src.min.js", "JavaScript", 0, 1, 0, 0, 0, 0, 0, 0, 0, 0, 1
"c:\Users\MSI SWORD 15 A12V\source\repos\SoftWhatsAppCRMDash\SoftWhatsAppCRMDash\wwwroot\lib\highcharts\indicators\apo.js", "JavaScript", 0, 2, 0, 0, 0, 0, 0, 0, 10, 0, 12
"c:\Users\MSI SWORD 15 A12V\source\repos\SoftWhatsAppCRMDash\SoftWhatsAppCRMDash\wwwroot\lib\highcharts\indicators\apo.min.js", "JavaScript", 0, 1, 0, 0, 0, 0, 0, 0, 0, 0, 1
"c:\Users\MSI SWORD 15 A12V\source\repos\SoftWhatsAppCRMDash\SoftWhatsAppCRMDash\wwwroot\lib\highcharts\indicators\apo.src.js", "JavaScript", 0, 135, 0, 0, 0, 0, 0, 0, 115, 18, 268
"c:\Users\MSI SWORD 15 A12V\source\repos\SoftWhatsAppCRMDash\SoftWhatsAppCRMDash\wwwroot\lib\highcharts\indicators\apo.src.min.js", "JavaScript", 0, 1, 0, 0, 0, 0, 0, 0, 0, 0, 1
"c:\Users\MSI SWORD 15 A12V\source\repos\SoftWhatsAppCRMDash\SoftWhatsAppCRMDash\wwwroot\lib\highcharts\indicators\aroon-oscillator.js", "JavaScript", 0, 2, 0, 0, 0, 0, 0, 0, 10, 0, 12
"c:\Users\MSI SWORD 15 A12V\source\repos\SoftWhatsAppCRMDash\SoftWhatsAppCRMDash\wwwroot\lib\highcharts\indicators\aroon-oscillator.min.js", "JavaScript", 0, 1, 0, 0, 0, 0, 0, 0, 0, 0, 1
"c:\Users\MSI SWORD 15 A12V\source\repos\SoftWhatsAppCRMDash\SoftWhatsAppCRMDash\wwwroot\lib\highcharts\indicators\aroon-oscillator.src.js", "JavaScript", 0, 269, 0, 0, 0, 0, 0, 0, 232, 23, 524
"c:\Users\MSI SWORD 15 A12V\source\repos\SoftWhatsAppCRMDash\SoftWhatsAppCRMDash\wwwroot\lib\highcharts\indicators\aroon-oscillator.src.min.js", "JavaScript", 0, 1, 0, 0, 0, 0, 0, 0, 0, 0, 1
"c:\Users\MSI SWORD 15 A12V\source\repos\SoftWhatsAppCRMDash\SoftWhatsAppCRMDash\wwwroot\lib\highcharts\indicators\aroon.js", "JavaScript", 0, 2, 0, 0, 0, 0, 0, 0, 10, 0, 12
"c:\Users\MSI SWORD 15 A12V\source\repos\SoftWhatsAppCRMDash\SoftWhatsAppCRMDash\wwwroot\lib\highcharts\indicators\aroon.min.js", "JavaScript", 0, 1, 0, 0, 0, 0, 0, 0, 0, 0, 1
"c:\Users\MSI SWORD 15 A12V\source\repos\SoftWhatsAppCRMDash\SoftWhatsAppCRMDash\wwwroot\lib\highcharts\indicators\aroon.src.js", "JavaScript", 0, 305, 0, 0, 0, 0, 0, 0, 261, 23, 589
"c:\Users\MSI SWORD 15 A12V\source\repos\SoftWhatsAppCRMDash\SoftWhatsAppCRMDash\wwwroot\lib\highcharts\indicators\aroon.src.min.js", "JavaScript", 0, 1, 0, 0, 0, 0, 0, 0, 0, 0, 1
"c:\Users\MSI SWORD 15 A12V\source\repos\SoftWhatsAppCRMDash\SoftWhatsAppCRMDash\wwwroot\lib\highcharts\indicators\atr.js", "JavaScript", 0, 2, 0, 0, 0, 0, 0, 0, 10, 0, 12
"c:\Users\MSI SWORD 15 A12V\source\repos\SoftWhatsAppCRMDash\SoftWhatsAppCRMDash\wwwroot\lib\highcharts\indicators\atr.min.js", "JavaScript", 0, 1, 0, 0, 0, 0, 0, 0, 0, 0, 1
"c:\Users\MSI SWORD 15 A12V\source\repos\SoftWhatsAppCRMDash\SoftWhatsAppCRMDash\wwwroot\lib\highcharts\indicators\atr.src.js", "JavaScript", 0, 143, 0, 0, 0, 0, 0, 0, 110, 18, 271
"c:\Users\MSI SWORD 15 A12V\source\repos\SoftWhatsAppCRMDash\SoftWhatsAppCRMDash\wwwroot\lib\highcharts\indicators\atr.src.min.js", "JavaScript", 0, 1, 0, 0, 0, 0, 0, 0, 0, 0, 1
"c:\Users\MSI SWORD 15 A12V\source\repos\SoftWhatsAppCRMDash\SoftWhatsAppCRMDash\wwwroot\lib\highcharts\indicators\bollinger-bands.js", "JavaScript", 0, 2, 0, 0, 0, 0, 0, 0, 10, 0, 12
"c:\Users\MSI SWORD 15 A12V\source\repos\SoftWhatsAppCRMDash\SoftWhatsAppCRMDash\wwwroot\lib\highcharts\indicators\bollinger-bands.min.js", "JavaScript", 0, 1, 0, 0, 0, 0, 0, 0, 0, 0, 1
"c:\Users\MSI SWORD 15 A12V\source\repos\SoftWhatsAppCRMDash\SoftWhatsAppCRMDash\wwwroot\lib\highcharts\indicators\bollinger-bands.src.js", "JavaScript", 0, 331, 0, 0, 0, 0, 0, 0, 281, 23, 635
"c:\Users\MSI SWORD 15 A12V\source\repos\SoftWhatsAppCRMDash\SoftWhatsAppCRMDash\wwwroot\lib\highcharts\indicators\bollinger-bands.src.min.js", "JavaScript", 0, 1, 0, 0, 0, 0, 0, 0, 0, 0, 1
"c:\Users\MSI SWORD 15 A12V\source\repos\SoftWhatsAppCRMDash\SoftWhatsAppCRMDash\wwwroot\lib\highcharts\indicators\cci.js", "JavaScript", 0, 2, 0, 0, 0, 0, 0, 0, 10, 0, 12
"c:\Users\MSI SWORD 15 A12V\source\repos\SoftWhatsAppCRMDash\SoftWhatsAppCRMDash\wwwroot\lib\highcharts\indicators\cci.min.js", "JavaScript", 0, 1, 0, 0, 0, 0, 0, 0, 0, 0, 1
"c:\Users\MSI SWORD 15 A12V\source\repos\SoftWhatsAppCRMDash\SoftWhatsAppCRMDash\wwwroot\lib\highcharts\indicators\cci.src.js", "JavaScript", 0, 140, 0, 0, 0, 0, 0, 0, 108, 18, 266
"c:\Users\MSI SWORD 15 A12V\source\repos\SoftWhatsAppCRMDash\SoftWhatsAppCRMDash\wwwroot\lib\highcharts\indicators\cci.src.min.js", "JavaScript", 0, 1, 0, 0, 0, 0, 0, 0, 0, 0, 1
"c:\Users\MSI SWORD 15 A12V\source\repos\SoftWhatsAppCRMDash\SoftWhatsAppCRMDash\wwwroot\lib\highcharts\indicators\chaikin.js", "JavaScript", 0, 2, 0, 0, 0, 0, 0, 0, 10, 0, 12
"c:\Users\MSI SWORD 15 A12V\source\repos\SoftWhatsAppCRMDash\SoftWhatsAppCRMDash\wwwroot\lib\highcharts\indicators\chaikin.min.js", "JavaScript", 0, 1, 0, 0, 0, 0, 0, 0, 0, 0, 1
"c:\Users\MSI SWORD 15 A12V\source\repos\SoftWhatsAppCRMDash\SoftWhatsAppCRMDash\wwwroot\lib\highcharts\indicators\chaikin.src.js", "JavaScript", 0, 197, 0, 0, 0, 0, 0, 0, 211, 22, 430
"c:\Users\MSI SWORD 15 A12V\source\repos\SoftWhatsAppCRMDash\SoftWhatsAppCRMDash\wwwroot\lib\highcharts\indicators\chaikin.src.min.js", "JavaScript", 0, 1, 0, 0, 0, 0, 0, 0, 0, 0, 1
"c:\Users\MSI SWORD 15 A12V\source\repos\SoftWhatsAppCRMDash\SoftWhatsAppCRMDash\wwwroot\lib\highcharts\indicators\cmf.js", "JavaScript", 0, 2, 0, 0, 0, 0, 0, 0, 9, 0, 11
"c:\Users\MSI SWORD 15 A12V\source\repos\SoftWhatsAppCRMDash\SoftWhatsAppCRMDash\wwwroot\lib\highcharts\indicators\cmf.min.js", "JavaScript", 0, 1, 0, 0, 0, 0, 0, 0, 0, 0, 1
"c:\Users\MSI SWORD 15 A12V\source\repos\SoftWhatsAppCRMDash\SoftWhatsAppCRMDash\wwwroot\lib\highcharts\indicators\cmf.src.js", "JavaScript", 0, 170, 0, 0, 0, 0, 0, 0, 170, 18, 358
"c:\Users\MSI SWORD 15 A12V\source\repos\SoftWhatsAppCRMDash\SoftWhatsAppCRMDash\wwwroot\lib\highcharts\indicators\cmf.src.min.js", "JavaScript", 0, 1, 0, 0, 0, 0, 0, 0, 0, 0, 1
"c:\Users\MSI SWORD 15 A12V\source\repos\SoftWhatsAppCRMDash\SoftWhatsAppCRMDash\wwwroot\lib\highcharts\indicators\cmo.js", "JavaScript", 0, 2, 0, 0, 0, 0, 0, 0, 10, 0, 12
"c:\Users\MSI SWORD 15 A12V\source\repos\SoftWhatsAppCRMDash\SoftWhatsAppCRMDash\wwwroot\lib\highcharts\indicators\cmo.min.js", "JavaScript", 0, 1, 0, 0, 0, 0, 0, 0, 0, 0, 1
"c:\Users\MSI SWORD 15 A12V\source\repos\SoftWhatsAppCRMDash\SoftWhatsAppCRMDash\wwwroot\lib\highcharts\indicators\cmo.src.js", "JavaScript", 0, 156, 0, 0, 0, 0, 0, 0, 103, 18, 277
"c:\Users\MSI SWORD 15 A12V\source\repos\SoftWhatsAppCRMDash\SoftWhatsAppCRMDash\wwwroot\lib\highcharts\indicators\cmo.src.min.js", "JavaScript", 0, 1, 0, 0, 0, 0, 0, 0, 0, 0, 1
"c:\Users\MSI SWORD 15 A12V\source\repos\SoftWhatsAppCRMDash\SoftWhatsAppCRMDash\wwwroot\lib\highcharts\indicators\dema.js", "JavaScript", 0, 2, 0, 0, 0, 0, 0, 0, 10, 0, 12
"c:\Users\MSI SWORD 15 A12V\source\repos\SoftWhatsAppCRMDash\SoftWhatsAppCRMDash\wwwroot\lib\highcharts\indicators\dema.min.js", "JavaScript", 0, 1, 0, 0, 0, 0, 0, 0, 0, 0, 1
"c:\Users\MSI SWORD 15 A12V\source\repos\SoftWhatsAppCRMDash\SoftWhatsAppCRMDash\wwwroot\lib\highcharts\indicators\dema.src.js", "JavaScript", 0, 143, 0, 0, 0, 0, 0, 0, 110, 18, 271
"c:\Users\MSI SWORD 15 A12V\source\repos\SoftWhatsAppCRMDash\SoftWhatsAppCRMDash\wwwroot\lib\highcharts\indicators\dema.src.min.js", "JavaScript", 0, 1, 0, 0, 0, 0, 0, 0, 0, 0, 1
"c:\Users\MSI SWORD 15 A12V\source\repos\SoftWhatsAppCRMDash\SoftWhatsAppCRMDash\wwwroot\lib\highcharts\indicators\disparity-index.js", "JavaScript", 0, 2, 0, 0, 0, 0, 0, 0, 10, 0, 12
"c:\Users\MSI SWORD 15 A12V\source\repos\SoftWhatsAppCRMDash\SoftWhatsAppCRMDash\wwwroot\lib\highcharts\indicators\disparity-index.min.js", "JavaScript", 0, 1, 0, 0, 0, 0, 0, 0, 0, 0, 1
"c:\Users\MSI SWORD 15 A12V\source\repos\SoftWhatsAppCRMDash\SoftWhatsAppCRMDash\wwwroot\lib\highcharts\indicators\disparity-index.src.js", "JavaScript", 0, 141, 0, 0, 0, 0, 0, 0, 115, 18, 274
"c:\Users\MSI SWORD 15 A12V\source\repos\SoftWhatsAppCRMDash\SoftWhatsAppCRMDash\wwwroot\lib\highcharts\indicators\disparity-index.src.min.js", "JavaScript", 0, 1, 0, 0, 0, 0, 0, 0, 0, 0, 1
"c:\Users\MSI SWORD 15 A12V\source\repos\SoftWhatsAppCRMDash\SoftWhatsAppCRMDash\wwwroot\lib\highcharts\indicators\dmi.js", "JavaScript", 0, 2, 0, 0, 0, 0, 0, 0, 10, 0, 12
"c:\Users\MSI SWORD 15 A12V\source\repos\SoftWhatsAppCRMDash\SoftWhatsAppCRMDash\wwwroot\lib\highcharts\indicators\dmi.min.js", "JavaScript", 0, 1, 0, 0, 0, 0, 0, 0, 0, 0, 1
"c:\Users\MSI SWORD 15 A12V\source\repos\SoftWhatsAppCRMDash\SoftWhatsAppCRMDash\wwwroot\lib\highcharts\indicators\dmi.src.js", "JavaScript", 0, 363, 0, 0, 0, 0, 0, 0, 275, 23, 661
"c:\Users\MSI SWORD 15 A12V\source\repos\SoftWhatsAppCRMDash\SoftWhatsAppCRMDash\wwwroot\lib\highcharts\indicators\dmi.src.min.js", "JavaScript", 0, 1, 0, 0, 0, 0, 0, 0, 0, 0, 1
"c:\Users\MSI SWORD 15 A12V\source\repos\SoftWhatsAppCRMDash\SoftWhatsAppCRMDash\wwwroot\lib\highcharts\indicators\dpo.js", "JavaScript", 0, 2, 0, 0, 0, 0, 0, 0, 10, 0, 12
"c:\Users\MSI SWORD 15 A12V\source\repos\SoftWhatsAppCRMDash\SoftWhatsAppCRMDash\wwwroot\lib\highcharts\indicators\dpo.min.js", "JavaScript", 0, 1, 0, 0, 0, 0, 0, 0, 0, 0, 1
"c:\Users\MSI SWORD 15 A12V\source\repos\SoftWhatsAppCRMDash\SoftWhatsAppCRMDash\wwwroot\lib\highcharts\indicators\dpo.src.js", "JavaScript", 0, 134, 0, 0, 0, 0, 0, 0, 120, 18, 272
"c:\Users\MSI SWORD 15 A12V\source\repos\SoftWhatsAppCRMDash\SoftWhatsAppCRMDash\wwwroot\lib\highcharts\indicators\dpo.src.min.js", "JavaScript", 0, 1, 0, 0, 0, 0, 0, 0, 0, 0, 1
"c:\Users\MSI SWORD 15 A12V\source\repos\SoftWhatsAppCRMDash\SoftWhatsAppCRMDash\wwwroot\lib\highcharts\indicators\ema.js", "JavaScript", 0, 1, 0, 0, 0, 0, 0, 0, 0, 0, 1
"c:\Users\MSI SWORD 15 A12V\source\repos\SoftWhatsAppCRMDash\SoftWhatsAppCRMDash\wwwroot\lib\highcharts\indicators\ema.min.js", "JavaScript", 0, 1, 0, 0, 0, 0, 0, 0, 0, 0, 1
"c:\Users\MSI SWORD 15 A12V\source\repos\SoftWhatsAppCRMDash\SoftWhatsAppCRMDash\wwwroot\lib\highcharts\indicators\ema.src.js", "JavaScript", 0, 76, 0, 0, 0, 0, 0, 0, 17, 7, 100
"c:\Users\MSI SWORD 15 A12V\source\repos\SoftWhatsAppCRMDash\SoftWhatsAppCRMDash\wwwroot\lib\highcharts\indicators\ema.src.min.js", "JavaScript", 0, 1, 0, 0, 0, 0, 0, 0, 0, 0, 1
"c:\Users\MSI SWORD 15 A12V\source\repos\SoftWhatsAppCRMDash\SoftWhatsAppCRMDash\wwwroot\lib\highcharts\indicators\ichimoku-kinko-hyo.js", "JavaScript", 0, 2, 0, 0, 0, 0, 0, 0, 10, 0, 12
"c:\Users\MSI SWORD 15 A12V\source\repos\SoftWhatsAppCRMDash\SoftWhatsAppCRMDash\wwwroot\lib\highcharts\indicators\ichimoku-kinko-hyo.min.js", "JavaScript", 0, 1, 0, 0, 0, 0, 0, 0, 0, 0, 1
"c:\Users\MSI SWORD 15 A12V\source\repos\SoftWhatsAppCRMDash\SoftWhatsAppCRMDash\wwwroot\lib\highcharts\indicators\ichimoku-kinko-hyo.src.js", "JavaScript", 0, 532, 0, 0, 0, 0, 0, 0, 278, 26, 836
"c:\Users\MSI SWORD 15 A12V\source\repos\SoftWhatsAppCRMDash\SoftWhatsAppCRMDash\wwwroot\lib\highcharts\indicators\ichimoku-kinko-hyo.src.min.js", "JavaScript", 0, 1, 0, 0, 0, 0, 0, 0, 0, 0, 1
"c:\Users\MSI SWORD 15 A12V\source\repos\SoftWhatsAppCRMDash\SoftWhatsAppCRMDash\wwwroot\lib\highcharts\indicators\indicators-all.js", "JavaScript", 0, 2, 0, 0, 0, 0, 0, 0, 10, 0, 12
"c:\Users\MSI SWORD 15 A12V\source\repos\SoftWhatsAppCRMDash\SoftWhatsAppCRMDash\wwwroot\lib\highcharts\indicators\indicators-all.min.js", "JavaScript", 0, 1, 0, 0, 0, 0, 0, 0, 0, 0, 1
"c:\Users\MSI SWORD 15 A12V\source\repos\SoftWhatsAppCRMDash\SoftWhatsAppCRMDash\wwwroot\lib\highcharts\indicators\indicators-all.src.js", "JavaScript", 0, 4932, 0, 0, 0, 0, 0, 0, 5417, 299, 10648
"c:\Users\MSI SWORD 15 A12V\source\repos\SoftWhatsAppCRMDash\SoftWhatsAppCRMDash\wwwroot\lib\highcharts\indicators\indicators-all.src.min.js", "JavaScript", 0, 1, 0, 0, 0, 0, 0, 0, 0, 0, 1
"c:\Users\MSI SWORD 15 A12V\source\repos\SoftWhatsAppCRMDash\SoftWhatsAppCRMDash\wwwroot\lib\highcharts\indicators\indicators.js", "JavaScript", 0, 2, 0, 0, 0, 0, 0, 0, 10, 0, 12
"c:\Users\MSI SWORD 15 A12V\source\repos\SoftWhatsAppCRMDash\SoftWhatsAppCRMDash\wwwroot\lib\highcharts\indicators\indicators.min.js", "JavaScript", 0, 1, 0, 0, 0, 0, 0, 0, 0, 0, 1
"c:\Users\MSI SWORD 15 A12V\source\repos\SoftWhatsAppCRMDash\SoftWhatsAppCRMDash\wwwroot\lib\highcharts\indicators\indicators.src.js", "JavaScript", 0, 516, 0, 0, 0, 0, 0, 0, 410, 32, 958
"c:\Users\MSI SWORD 15 A12V\source\repos\SoftWhatsAppCRMDash\SoftWhatsAppCRMDash\wwwroot\lib\highcharts\indicators\indicators.src.min.js", "JavaScript", 0, 1, 0, 0, 0, 0, 0, 0, 0, 0, 1
"c:\Users\MSI SWORD 15 A12V\source\repos\SoftWhatsAppCRMDash\SoftWhatsAppCRMDash\wwwroot\lib\highcharts\indicators\keltner-channels.js", "JavaScript", 0, 2, 0, 0, 0, 0, 0, 0, 10, 0, 12
"c:\Users\MSI SWORD 15 A12V\source\repos\SoftWhatsAppCRMDash\SoftWhatsAppCRMDash\wwwroot\lib\highcharts\indicators\keltner-channels.min.js", "JavaScript", 0, 1, 0, 0, 0, 0, 0, 0, 0, 0, 1
"c:\Users\MSI SWORD 15 A12V\source\repos\SoftWhatsAppCRMDash\SoftWhatsAppCRMDash\wwwroot\lib\highcharts\indicators\keltner-channels.src.js", "JavaScript", 0, 322, 0, 0, 0, 0, 0, 0, 275, 23, 620
"c:\Users\MSI SWORD 15 A12V\source\repos\SoftWhatsAppCRMDash\SoftWhatsAppCRMDash\wwwroot\lib\highcharts\indicators\keltner-channels.src.min.js", "JavaScript", 0, 1, 0, 0, 0, 0, 0, 0, 0, 0, 1
"c:\Users\MSI SWORD 15 A12V\source\repos\SoftWhatsAppCRMDash\SoftWhatsAppCRMDash\wwwroot\lib\highcharts\indicators\klinger.js", "JavaScript", 0, 2, 0, 0, 0, 0, 0, 0, 10, 0, 12
"c:\Users\MSI SWORD 15 A12V\source\repos\SoftWhatsAppCRMDash\SoftWhatsAppCRMDash\wwwroot\lib\highcharts\indicators\klinger.min.js", "JavaScript", 0, 1, 0, 0, 0, 0, 0, 0, 0, 0, 1
"c:\Users\MSI SWORD 15 A12V\source\repos\SoftWhatsAppCRMDash\SoftWhatsAppCRMDash\wwwroot\lib\highcharts\indicators\klinger.src.js", "JavaScript", 0, 364, 0, 0, 0, 0, 0, 0, 266, 23, 653
"c:\Users\MSI SWORD 15 A12V\source\repos\SoftWhatsAppCRMDash\SoftWhatsAppCRMDash\wwwroot\lib\highcharts\indicators\klinger.src.min.js", "JavaScript", 0, 1, 0, 0, 0, 0, 0, 0, 0, 0, 1
"c:\Users\MSI SWORD 15 A12V\source\repos\SoftWhatsAppCRMDash\SoftWhatsAppCRMDash\wwwroot\lib\highcharts\indicators\macd.js", "JavaScript", 0, 2, 0, 0, 0, 0, 0, 0, 10, 0, 12
"c:\Users\MSI SWORD 15 A12V\source\repos\SoftWhatsAppCRMDash\SoftWhatsAppCRMDash\wwwroot\lib\highcharts\indicators\macd.min.js", "JavaScript", 0, 1, 0, 0, 0, 0, 0, 0, 0, 0, 1
"c:\Users\MSI SWORD 15 A12V\source\repos\SoftWhatsAppCRMDash\SoftWhatsAppCRMDash\wwwroot\lib\highcharts\indicators\macd.src.js", "JavaScript", 0, 311, 0, 0, 0, 0, 0, 0, 166, 19, 496
"c:\Users\MSI SWORD 15 A12V\source\repos\SoftWhatsAppCRMDash\SoftWhatsAppCRMDash\wwwroot\lib\highcharts\indicators\macd.src.min.js", "JavaScript", 0, 1, 0, 0, 0, 0, 0, 0, 0, 0, 1
"c:\Users\MSI SWORD 15 A12V\source\repos\SoftWhatsAppCRMDash\SoftWhatsAppCRMDash\wwwroot\lib\highcharts\indicators\mfi.js", "JavaScript", 0, 2, 0, 0, 0, 0, 0, 0, 10, 0, 12
"c:\Users\MSI SWORD 15 A12V\source\repos\SoftWhatsAppCRMDash\SoftWhatsAppCRMDash\wwwroot\lib\highcharts\indicators\mfi.min.js", "JavaScript", 0, 1, 0, 0, 0, 0, 0, 0, 0, 0, 1
"c:\Users\MSI SWORD 15 A12V\source\repos\SoftWhatsAppCRMDash\SoftWhatsAppCRMDash\wwwroot\lib\highcharts\indicators\mfi.src.js", "JavaScript", 0, 165, 0, 0, 0, 0, 0, 0, 138, 18, 321
"c:\Users\MSI SWORD 15 A12V\source\repos\SoftWhatsAppCRMDash\SoftWhatsAppCRMDash\wwwroot\lib\highcharts\indicators\mfi.src.min.js", "JavaScript", 0, 1, 0, 0, 0, 0, 0, 0, 0, 0, 1
"c:\Users\MSI SWORD 15 A12V\source\repos\SoftWhatsAppCRMDash\SoftWhatsAppCRMDash\wwwroot\lib\highcharts\indicators\momentum.js", "JavaScript", 0, 2, 0, 0, 0, 0, 0, 0, 10, 0, 12
"c:\Users\MSI SWORD 15 A12V\source\repos\SoftWhatsAppCRMDash\SoftWhatsAppCRMDash\wwwroot\lib\highcharts\indicators\momentum.min.js", "JavaScript", 0, 1, 0, 0, 0, 0, 0, 0, 0, 0, 1
"c:\Users\MSI SWORD 15 A12V\source\repos\SoftWhatsAppCRMDash\SoftWhatsAppCRMDash\wwwroot\lib\highcharts\indicators\momentum.src.js", "JavaScript", 0, 128, 0, 0, 0, 0, 0, 0, 101, 18, 247
"c:\Users\MSI SWORD 15 A12V\source\repos\SoftWhatsAppCRMDash\SoftWhatsAppCRMDash\wwwroot\lib\highcharts\indicators\momentum.src.min.js", "JavaScript", 0, 1, 0, 0, 0, 0, 0, 0, 0, 0, 1
"c:\Users\MSI SWORD 15 A12V\source\repos\SoftWhatsAppCRMDash\SoftWhatsAppCRMDash\wwwroot\lib\highcharts\indicators\natr.js", "JavaScript", 0, 2, 0, 0, 0, 0, 0, 0, 10, 0, 12
"c:\Users\MSI SWORD 15 A12V\source\repos\SoftWhatsAppCRMDash\SoftWhatsAppCRMDash\wwwroot\lib\highcharts\indicators\natr.min.js", "JavaScript", 0, 1, 0, 0, 0, 0, 0, 0, 0, 0, 1
"c:\Users\MSI SWORD 15 A12V\source\repos\SoftWhatsAppCRMDash\SoftWhatsAppCRMDash\wwwroot\lib\highcharts\indicators\natr.src.js", "JavaScript", 0, 109, 0, 0, 0, 0, 0, 0, 94, 18, 221
"c:\Users\MSI SWORD 15 A12V\source\repos\SoftWhatsAppCRMDash\SoftWhatsAppCRMDash\wwwroot\lib\highcharts\indicators\natr.src.min.js", "JavaScript", 0, 1, 0, 0, 0, 0, 0, 0, 0, 0, 1
"c:\Users\MSI SWORD 15 A12V\source\repos\SoftWhatsAppCRMDash\SoftWhatsAppCRMDash\wwwroot\lib\highcharts\indicators\obv.js", "JavaScript", 0, 2, 0, 0, 0, 0, 0, 0, 10, 0, 12
"c:\Users\MSI SWORD 15 A12V\source\repos\SoftWhatsAppCRMDash\SoftWhatsAppCRMDash\wwwroot\lib\highcharts\indicators\obv.min.js", "JavaScript", 0, 1, 0, 0, 0, 0, 0, 0, 0, 0, 1
"c:\Users\MSI SWORD 15 A12V\source\repos\SoftWhatsAppCRMDash\SoftWhatsAppCRMDash\wwwroot\lib\highcharts\indicators\obv.src.js", "JavaScript", 0, 150, 0, 0, 0, 0, 0, 0, 109, 18, 277
"c:\Users\MSI SWORD 15 A12V\source\repos\SoftWhatsAppCRMDash\SoftWhatsAppCRMDash\wwwroot\lib\highcharts\indicators\obv.src.min.js", "JavaScript", 0, 1, 0, 0, 0, 0, 0, 0, 0, 0, 1
"c:\Users\MSI SWORD 15 A12V\source\repos\SoftWhatsAppCRMDash\SoftWhatsAppCRMDash\wwwroot\lib\highcharts\indicators\pivot-points.js", "JavaScript", 0, 2, 0, 0, 0, 0, 0, 0, 10, 0, 12
"c:\Users\MSI SWORD 15 A12V\source\repos\SoftWhatsAppCRMDash\SoftWhatsAppCRMDash\wwwroot\lib\highcharts\indicators\pivot-points.min.js", "JavaScript", 0, 1, 0, 0, 0, 0, 0, 0, 0, 0, 1
"c:\Users\MSI SWORD 15 A12V\source\repos\SoftWhatsAppCRMDash\SoftWhatsAppCRMDash\wwwroot\lib\highcharts\indicators\pivot-points.src.js", "JavaScript", 0, 300, 0, 0, 0, 0, 0, 0, 155, 22, 477
"c:\Users\MSI SWORD 15 A12V\source\repos\SoftWhatsAppCRMDash\SoftWhatsAppCRMDash\wwwroot\lib\highcharts\indicators\pivot-points.src.min.js", "JavaScript", 0, 1, 0, 0, 0, 0, 0, 0, 0, 0, 1
"c:\Users\MSI SWORD 15 A12V\source\repos\SoftWhatsAppCRMDash\SoftWhatsAppCRMDash\wwwroot\lib\highcharts\indicators\ppo.js", "JavaScript", 0, 2, 0, 0, 0, 0, 0, 0, 10, 0, 12
"c:\Users\MSI SWORD 15 A12V\source\repos\SoftWhatsAppCRMDash\SoftWhatsAppCRMDash\wwwroot\lib\highcharts\indicators\ppo.min.js", "JavaScript", 0, 1, 0, 0, 0, 0, 0, 0, 0, 0, 1
"c:\Users\MSI SWORD 15 A12V\source\repos\SoftWhatsAppCRMDash\SoftWhatsAppCRMDash\wwwroot\lib\highcharts\indicators\ppo.src.js", "JavaScript", 0, 137, 0, 0, 0, 0, 0, 0, 115, 18, 270
"c:\Users\MSI SWORD 15 A12V\source\repos\SoftWhatsAppCRMDash\SoftWhatsAppCRMDash\wwwroot\lib\highcharts\indicators\ppo.src.min.js", "JavaScript", 0, 1, 0, 0, 0, 0, 0, 0, 0, 0, 1
"c:\Users\MSI SWORD 15 A12V\source\repos\SoftWhatsAppCRMDash\SoftWhatsAppCRMDash\wwwroot\lib\highcharts\indicators\price-channel.js", "JavaScript", 0, 2, 0, 0, 0, 0, 0, 0, 10, 0, 12
"c:\Users\MSI SWORD 15 A12V\source\repos\SoftWhatsAppCRMDash\SoftWhatsAppCRMDash\wwwroot\lib\highcharts\indicators\price-channel.min.js", "JavaScript", 0, 1, 0, 0, 0, 0, 0, 0, 0, 0, 1
"c:\Users\MSI SWORD 15 A12V\source\repos\SoftWhatsAppCRMDash\SoftWhatsAppCRMDash\wwwroot\lib\highcharts\indicators\price-channel.src.js", "JavaScript", 0, 322, 0, 0, 0, 0, 0, 0, 304, 28, 654
"c:\Users\MSI SWORD 15 A12V\source\repos\SoftWhatsAppCRMDash\SoftWhatsAppCRMDash\wwwroot\lib\highcharts\indicators\price-channel.src.min.js", "JavaScript", 0, 1, 0, 0, 0, 0, 0, 0, 0, 0, 1
"c:\Users\MSI SWORD 15 A12V\source\repos\SoftWhatsAppCRMDash\SoftWhatsAppCRMDash\wwwroot\lib\highcharts\indicators\price-envelopes.js", "JavaScript", 0, 2, 0, 0, 0, 0, 0, 0, 10, 0, 12
"c:\Users\MSI SWORD 15 A12V\source\repos\SoftWhatsAppCRMDash\SoftWhatsAppCRMDash\wwwroot\lib\highcharts\indicators\price-envelopes.min.js", "JavaScript", 0, 1, 0, 0, 0, 0, 0, 0, 0, 0, 1
"c:\Users\MSI SWORD 15 A12V\source\repos\SoftWhatsAppCRMDash\SoftWhatsAppCRMDash\wwwroot\lib\highcharts\indicators\price-envelopes.src.js", "JavaScript", 0, 322, 0, 0, 0, 0, 0, 0, 263, 23, 608
"c:\Users\MSI SWORD 15 A12V\source\repos\SoftWhatsAppCRMDash\SoftWhatsAppCRMDash\wwwroot\lib\highcharts\indicators\price-envelopes.src.min.js", "JavaScript", 0, 1, 0, 0, 0, 0, 0, 0, 0, 0, 1
"c:\Users\MSI SWORD 15 A12V\source\repos\SoftWhatsAppCRMDash\SoftWhatsAppCRMDash\wwwroot\lib\highcharts\indicators\psar.js", "JavaScript", 0, 2, 0, 0, 0, 0, 0, 0, 10, 0, 12
"c:\Users\MSI SWORD 15 A12V\source\repos\SoftWhatsAppCRMDash\SoftWhatsAppCRMDash\wwwroot\lib\highcharts\indicators\psar.min.js", "JavaScript", 0, 1, 0, 0, 0, 0, 0, 0, 0, 0, 1
"c:\Users\MSI SWORD 15 A12V\source\repos\SoftWhatsAppCRMDash\SoftWhatsAppCRMDash\wwwroot\lib\highcharts\indicators\psar.src.js", "JavaScript", 0, 213, 0, 0, 0, 0, 0, 0, 182, 18, 413
"c:\Users\MSI SWORD 15 A12V\source\repos\SoftWhatsAppCRMDash\SoftWhatsAppCRMDash\wwwroot\lib\highcharts\indicators\psar.src.min.js", "JavaScript", 0, 1, 0, 0, 0, 0, 0, 0, 0, 0, 1
"c:\Users\MSI SWORD 15 A12V\source\repos\SoftWhatsAppCRMDash\SoftWhatsAppCRMDash\wwwroot\lib\highcharts\indicators\regressions.js", "JavaScript", 0, 2, 0, 0, 0, 0, 0, 0, 10, 0, 12
"c:\Users\MSI SWORD 15 A12V\source\repos\SoftWhatsAppCRMDash\SoftWhatsAppCRMDash\wwwroot\lib\highcharts\indicators\regressions.min.js", "JavaScript", 0, 1, 0, 0, 0, 0, 0, 0, 0, 0, 1
"c:\Users\MSI SWORD 15 A12V\source\repos\SoftWhatsAppCRMDash\SoftWhatsAppCRMDash\wwwroot\lib\highcharts\indicators\regressions.src.js", "JavaScript", 0, 230, 0, 0, 0, 0, 0, 0, 414, 33, 677
"c:\Users\MSI SWORD 15 A12V\source\repos\SoftWhatsAppCRMDash\SoftWhatsAppCRMDash\wwwroot\lib\highcharts\indicators\regressions.src.min.js", "JavaScript", 0, 1, 0, 0, 0, 0, 0, 0, 0, 0, 1
"c:\Users\MSI SWORD 15 A12V\source\repos\SoftWhatsAppCRMDash\SoftWhatsAppCRMDash\wwwroot\lib\highcharts\indicators\roc.js", "JavaScript", 0, 2, 0, 0, 0, 0, 0, 0, 10, 0, 12
"c:\Users\MSI SWORD 15 A12V\source\repos\SoftWhatsAppCRMDash\SoftWhatsAppCRMDash\wwwroot\lib\highcharts\indicators\roc.min.js", "JavaScript", 0, 1, 0, 0, 0, 0, 0, 0, 0, 0, 1
"c:\Users\MSI SWORD 15 A12V\source\repos\SoftWhatsAppCRMDash\SoftWhatsAppCRMDash\wwwroot\lib\highcharts\indicators\roc.src.js", "JavaScript", 0, 137, 0, 0, 0, 0, 0, 0, 135, 18, 290
"c:\Users\MSI SWORD 15 A12V\source\repos\SoftWhatsAppCRMDash\SoftWhatsAppCRMDash\wwwroot\lib\highcharts\indicators\roc.src.min.js", "JavaScript", 0, 1, 0, 0, 0, 0, 0, 0, 0, 0, 1
"c:\Users\MSI SWORD 15 A12V\source\repos\SoftWhatsAppCRMDash\SoftWhatsAppCRMDash\wwwroot\lib\highcharts\indicators\rsi.js", "JavaScript", 0, 2, 0, 0, 0, 0, 0, 0, 10, 0, 12
"c:\Users\MSI SWORD 15 A12V\source\repos\SoftWhatsAppCRMDash\SoftWhatsAppCRMDash\wwwroot\lib\highcharts\indicators\rsi.min.js", "JavaScript", 0, 1, 0, 0, 0, 0, 0, 0, 0, 0, 1
"c:\Users\MSI SWORD 15 A12V\source\repos\SoftWhatsAppCRMDash\SoftWhatsAppCRMDash\wwwroot\lib\highcharts\indicators\rsi.src.js", "JavaScript", 0, 158, 0, 0, 0, 0, 0, 0, 114, 18, 290
"c:\Users\MSI SWORD 15 A12V\source\repos\SoftWhatsAppCRMDash\SoftWhatsAppCRMDash\wwwroot\lib\highcharts\indicators\rsi.src.min.js", "JavaScript", 0, 1, 0, 0, 0, 0, 0, 0, 0, 0, 1
"c:\Users\MSI SWORD 15 A12V\source\repos\SoftWhatsAppCRMDash\SoftWhatsAppCRMDash\wwwroot\lib\highcharts\indicators\slow-stochastic.js", "JavaScript", 0, 2, 0, 0, 0, 0, 0, 0, 10, 0, 12
"c:\Users\MSI SWORD 15 A12V\source\repos\SoftWhatsAppCRMDash\SoftWhatsAppCRMDash\wwwroot\lib\highcharts\indicators\slow-stochastic.min.js", "JavaScript", 0, 1, 0, 0, 0, 0, 0, 0, 0, 0, 1
"c:\Users\MSI SWORD 15 A12V\source\repos\SoftWhatsAppCRMDash\SoftWhatsAppCRMDash\wwwroot\lib\highcharts\indicators\slow-stochastic.src.js", "JavaScript", 0, 133, 0, 0, 0, 0, 0, 0, 102, 18, 253
"c:\Users\MSI SWORD 15 A12V\source\repos\SoftWhatsAppCRMDash\SoftWhatsAppCRMDash\wwwroot\lib\highcharts\indicators\slow-stochastic.src.min.js", "JavaScript", 0, 1, 0, 0, 0, 0, 0, 0, 0, 0, 1
"c:\Users\MSI SWORD 15 A12V\source\repos\SoftWhatsAppCRMDash\SoftWhatsAppCRMDash\wwwroot\lib\highcharts\indicators\stochastic.js", "JavaScript", 0, 2, 0, 0, 0, 0, 0, 0, 10, 0, 12
"c:\Users\MSI SWORD 15 A12V\source\repos\SoftWhatsAppCRMDash\SoftWhatsAppCRMDash\wwwroot\lib\highcharts\indicators\stochastic.min.js", "JavaScript", 0, 1, 0, 0, 0, 0, 0, 0, 0, 0, 1
"c:\Users\MSI SWORD 15 A12V\source\repos\SoftWhatsAppCRMDash\SoftWhatsAppCRMDash\wwwroot\lib\highcharts\indicators\stochastic.src.js", "JavaScript", 0, 346, 0, 0, 0, 0, 0, 0, 301, 26, 673
"c:\Users\MSI SWORD 15 A12V\source\repos\SoftWhatsAppCRMDash\SoftWhatsAppCRMDash\wwwroot\lib\highcharts\indicators\stochastic.src.min.js", "JavaScript", 0, 1, 0, 0, 0, 0, 0, 0, 0, 0, 1
"c:\Users\MSI SWORD 15 A12V\source\repos\SoftWhatsAppCRMDash\SoftWhatsAppCRMDash\wwwroot\lib\highcharts\indicators\supertrend.js", "JavaScript", 0, 2, 0, 0, 0, 0, 0, 0, 10, 0, 12
"c:\Users\MSI SWORD 15 A12V\source\repos\SoftWhatsAppCRMDash\SoftWhatsAppCRMDash\wwwroot\lib\highcharts\indicators\supertrend.min.js", "JavaScript", 0, 1, 0, 0, 0, 0, 0, 0, 0, 0, 1
"c:\Users\MSI SWORD 15 A12V\source\repos\SoftWhatsAppCRMDash\SoftWhatsAppCRMDash\wwwroot\lib\highcharts\indicators\supertrend.src.js", "JavaScript", 0, 355, 0, 0, 0, 0, 0, 0, 226, 18, 599
"c:\Users\MSI SWORD 15 A12V\source\repos\SoftWhatsAppCRMDash\SoftWhatsAppCRMDash\wwwroot\lib\highcharts\indicators\supertrend.src.min.js", "JavaScript", 0, 1, 0, 0, 0, 0, 0, 0, 0, 0, 1
"c:\Users\MSI SWORD 15 A12V\source\repos\SoftWhatsAppCRMDash\SoftWhatsAppCRMDash\wwwroot\lib\highcharts\indicators\tema.js", "JavaScript", 0, 2, 0, 0, 0, 0, 0, 0, 10, 0, 12
"c:\Users\MSI SWORD 15 A12V\source\repos\SoftWhatsAppCRMDash\SoftWhatsAppCRMDash\wwwroot\lib\highcharts\indicators\tema.min.js", "JavaScript", 0, 1, 0, 0, 0, 0, 0, 0, 0, 0, 1
"c:\Users\MSI SWORD 15 A12V\source\repos\SoftWhatsAppCRMDash\SoftWhatsAppCRMDash\wwwroot\lib\highcharts\indicators\tema.src.js", "JavaScript", 0, 168, 0, 0, 0, 0, 0, 0, 118, 18, 304
"c:\Users\MSI SWORD 15 A12V\source\repos\SoftWhatsAppCRMDash\SoftWhatsAppCRMDash\wwwroot\lib\highcharts\indicators\tema.src.min.js", "JavaScript", 0, 1, 0, 0, 0, 0, 0, 0, 0, 0, 1
"c:\Users\MSI SWORD 15 A12V\source\repos\SoftWhatsAppCRMDash\SoftWhatsAppCRMDash\wwwroot\lib\highcharts\indicators\trendline.js", "JavaScript", 0, 2, 0, 0, 0, 0, 0, 0, 10, 0, 12
"c:\Users\MSI SWORD 15 A12V\source\repos\SoftWhatsAppCRMDash\SoftWhatsAppCRMDash\wwwroot\lib\highcharts\indicators\trendline.min.js", "JavaScript", 0, 1, 0, 0, 0, 0, 0, 0, 0, 0, 1
"c:\Users\MSI SWORD 15 A12V\source\repos\SoftWhatsAppCRMDash\SoftWhatsAppCRMDash\wwwroot\lib\highcharts\indicators\trendline.src.js", "JavaScript", 0, 139, 0, 0, 0, 0, 0, 0, 106, 18, 263
"c:\Users\MSI SWORD 15 A12V\source\repos\SoftWhatsAppCRMDash\SoftWhatsAppCRMDash\wwwroot\lib\highcharts\indicators\trendline.src.min.js", "JavaScript", 0, 1, 0, 0, 0, 0, 0, 0, 0, 0, 1
"c:\Users\MSI SWORD 15 A12V\source\repos\SoftWhatsAppCRMDash\SoftWhatsAppCRMDash\wwwroot\lib\highcharts\indicators\trix.js", "JavaScript", 0, 2, 0, 0, 0, 0, 0, 0, 10, 0, 12
"c:\Users\MSI SWORD 15 A12V\source\repos\SoftWhatsAppCRMDash\SoftWhatsAppCRMDash\wwwroot\lib\highcharts\indicators\trix.min.js", "JavaScript", 0, 1, 0, 0, 0, 0, 0, 0, 0, 0, 1
"c:\Users\MSI SWORD 15 A12V\source\repos\SoftWhatsAppCRMDash\SoftWhatsAppCRMDash\wwwroot\lib\highcharts\indicators\trix.src.js", "JavaScript", 0, 102, 0, 0, 0, 0, 0, 0, 100, 18, 220
"c:\Users\MSI SWORD 15 A12V\source\repos\SoftWhatsAppCRMDash\SoftWhatsAppCRMDash\wwwroot\lib\highcharts\indicators\trix.src.min.js", "JavaScript", 0, 1, 0, 0, 0, 0, 0, 0, 0, 0, 1
"c:\Users\MSI SWORD 15 A12V\source\repos\SoftWhatsAppCRMDash\SoftWhatsAppCRMDash\wwwroot\lib\highcharts\indicators\volume-by-price.js", "JavaScript", 0, 2, 0, 0, 0, 0, 0, 0, 10, 0, 12
"c:\Users\MSI SWORD 15 A12V\source\repos\SoftWhatsAppCRMDash\SoftWhatsAppCRMDash\wwwroot\lib\highcharts\indicators\volume-by-price.min.js", "JavaScript", 0, 1, 0, 0, 0, 0, 0, 0, 0, 0, 1
"c:\Users\MSI SWORD 15 A12V\source\repos\SoftWhatsAppCRMDash\SoftWhatsAppCRMDash\wwwroot\lib\highcharts\indicators\volume-by-price.src.js", "JavaScript", 0, 508, 0, 0, 0, 0, 0, 0, 217, 24, 749
"c:\Users\MSI SWORD 15 A12V\source\repos\SoftWhatsAppCRMDash\SoftWhatsAppCRMDash\wwwroot\lib\highcharts\indicators\volume-by-price.src.min.js", "JavaScript", 0, 1, 0, 0, 0, 0, 0, 0, 0, 0, 1
"c:\Users\MSI SWORD 15 A12V\source\repos\SoftWhatsAppCRMDash\SoftWhatsAppCRMDash\wwwroot\lib\highcharts\indicators\vwap.js", "JavaScript", 0, 2, 0, 0, 0, 0, 0, 0, 10, 0, 12
"c:\Users\MSI SWORD 15 A12V\source\repos\SoftWhatsAppCRMDash\SoftWhatsAppCRMDash\wwwroot\lib\highcharts\indicators\vwap.min.js", "JavaScript", 0, 1, 0, 0, 0, 0, 0, 0, 0, 0, 1
"c:\Users\MSI SWORD 15 A12V\source\repos\SoftWhatsAppCRMDash\SoftWhatsAppCRMDash\wwwroot\lib\highcharts\indicators\vwap.src.js", "JavaScript", 0, 149, 0, 0, 0, 0, 0, 0, 135, 18, 302
"c:\Users\MSI SWORD 15 A12V\source\repos\SoftWhatsAppCRMDash\SoftWhatsAppCRMDash\wwwroot\lib\highcharts\indicators\vwap.src.min.js", "JavaScript", 0, 1, 0, 0, 0, 0, 0, 0, 0, 0, 1
"c:\Users\MSI SWORD 15 A12V\source\repos\SoftWhatsAppCRMDash\SoftWhatsAppCRMDash\wwwroot\lib\highcharts\indicators\williams-r.js", "JavaScript", 0, 2, 0, 0, 0, 0, 0, 0, 10, 0, 12
"c:\Users\MSI SWORD 15 A12V\source\repos\SoftWhatsAppCRMDash\SoftWhatsAppCRMDash\wwwroot\lib\highcharts\indicators\williams-r.min.js", "JavaScript", 0, 1, 0, 0, 0, 0, 0, 0, 0, 0, 1
"c:\Users\MSI SWORD 15 A12V\source\repos\SoftWhatsAppCRMDash\SoftWhatsAppCRMDash\wwwroot\lib\highcharts\indicators\williams-r.src.js", "JavaScript", 0, 142, 0, 0, 0, 0, 0, 0, 144, 21, 307
"c:\Users\MSI SWORD 15 A12V\source\repos\SoftWhatsAppCRMDash\SoftWhatsAppCRMDash\wwwroot\lib\highcharts\indicators\williams-r.src.min.js", "JavaScript", 0, 1, 0, 0, 0, 0, 0, 0, 0, 0, 1
"c:\Users\MSI SWORD 15 A12V\source\repos\SoftWhatsAppCRMDash\SoftWhatsAppCRMDash\wwwroot\lib\highcharts\indicators\wma.js", "JavaScript", 0, 2, 0, 0, 0, 0, 0, 0, 10, 0, 12
"c:\Users\MSI SWORD 15 A12V\source\repos\SoftWhatsAppCRMDash\SoftWhatsAppCRMDash\wwwroot\lib\highcharts\indicators\wma.min.js", "JavaScript", 0, 1, 0, 0, 0, 0, 0, 0, 0, 0, 1
"c:\Users\MSI SWORD 15 A12V\source\repos\SoftWhatsAppCRMDash\SoftWhatsAppCRMDash\wwwroot\lib\highcharts\indicators\wma.src.js", "JavaScript", 0, 144, 0, 0, 0, 0, 0, 0, 117, 18, 279
"c:\Users\MSI SWORD 15 A12V\source\repos\SoftWhatsAppCRMDash\SoftWhatsAppCRMDash\wwwroot\lib\highcharts\indicators\wma.src.min.js", "JavaScript", 0, 1, 0, 0, 0, 0, 0, 0, 0, 0, 1
"c:\Users\MSI SWORD 15 A12V\source\repos\SoftWhatsAppCRMDash\SoftWhatsAppCRMDash\wwwroot\lib\highcharts\indicators\zigzag.js", "JavaScript", 0, 2, 0, 0, 0, 0, 0, 0, 10, 0, 12
"c:\Users\MSI SWORD 15 A12V\source\repos\SoftWhatsAppCRMDash\SoftWhatsAppCRMDash\wwwroot\lib\highcharts\indicators\zigzag.min.js", "JavaScript", 0, 1, 0, 0, 0, 0, 0, 0, 0, 0, 1
"c:\Users\MSI SWORD 15 A12V\source\repos\SoftWhatsAppCRMDash\SoftWhatsAppCRMDash\wwwroot\lib\highcharts\indicators\zigzag.src.js", "JavaScript", 0, 179, 0, 0, 0, 0, 0, 0, 138, 18, 335
"c:\Users\MSI SWORD 15 A12V\source\repos\SoftWhatsAppCRMDash\SoftWhatsAppCRMDash\wwwroot\lib\highcharts\indicators\zigzag.src.min.js", "JavaScript", 0, 1, 0, 0, 0, 0, 0, 0, 0, 0, 1
"c:\Users\MSI SWORD 15 A12V\source\repos\SoftWhatsAppCRMDash\SoftWhatsAppCRMDash\wwwroot\lib\highcharts\lib\jspdf.js", "JavaScript", 0, 27, 0, 0, 0, 0, 0, 0, 370, 2, 399
"c:\Users\MSI SWORD 15 A12V\source\repos\SoftWhatsAppCRMDash\SoftWhatsAppCRMDash\wwwroot\lib\highcharts\lib\jspdf.min.js", "JavaScript", 0, 1, 0, 0, 0, 0, 0, 0, 0, 0, 1
"c:\Users\MSI SWORD 15 A12V\source\repos\SoftWhatsAppCRMDash\SoftWhatsAppCRMDash\wwwroot\lib\highcharts\lib\jspdf.src.js", "JavaScript", 0, 19537, 0, 0, 0, 0, 0, 0, 4814, 4483, 28834
"c:\Users\MSI SWORD 15 A12V\source\repos\SoftWhatsAppCRMDash\SoftWhatsAppCRMDash\wwwroot\lib\highcharts\lib\jspdf.src.min.js", "JavaScript", 0, 1, 0, 0, 0, 0, 0, 0, 0, 0, 1
"c:\Users\MSI SWORD 15 A12V\source\repos\SoftWhatsAppCRMDash\SoftWhatsAppCRMDash\wwwroot\lib\highcharts\lib\svg2pdf.js", "JavaScript", 0, 2, 0, 0, 0, 0, 0, 0, 39, 2, 43
"c:\Users\MSI SWORD 15 A12V\source\repos\SoftWhatsAppCRMDash\SoftWhatsAppCRMDash\wwwroot\lib\highcharts\lib\svg2pdf.min.js", "JavaScript", 0, 1, 0, 0, 0, 0, 0, 0, 0, 0, 1
"c:\Users\MSI SWORD 15 A12V\source\repos\SoftWhatsAppCRMDash\SoftWhatsAppCRMDash\wwwroot\lib\highcharts\lib\svg2pdf.src.js", "JavaScript", 0, 4922, 0, 0, 0, 0, 0, 0, 552, 510, 5984
"c:\Users\MSI SWORD 15 A12V\source\repos\SoftWhatsAppCRMDash\SoftWhatsAppCRMDash\wwwroot\lib\highcharts\lib\svg2pdf.src.min.js", "JavaScript", 0, 1, 0, 0, 0, 0, 0, 0, 0, 0, 1
"c:\Users\MSI SWORD 15 A12V\source\repos\SoftWhatsAppCRMDash\SoftWhatsAppCRMDash\wwwroot\lib\highcharts\modules\accessibility.js", "JavaScript", 0, 2, 0, 0, 0, 0, 0, 0, 10, 0, 12
"c:\Users\MSI SWORD 15 A12V\source\repos\SoftWhatsAppCRMDash\SoftWhatsAppCRMDash\wwwroot\lib\highcharts\modules\accessibility.min.js", "JavaScript", 0, 1, 0, 0, 0, 0, 0, 0, 0, 0, 1
"c:\Users\MSI SWORD 15 A12V\source\repos\SoftWhatsAppCRMDash\SoftWhatsAppCRMDash\wwwroot\lib\highcharts\modules\accessibility.src.js", "JavaScript", 0, 7584, 0, 0, 0, 0, 0, 0, 5887, 301, 13772
"c:\Users\MSI SWORD 15 A12V\source\repos\SoftWhatsAppCRMDash\SoftWhatsAppCRMDash\wwwroot\lib\highcharts\modules\accessibility.src.min.js", "JavaScript", 0, 1, 0, 0, 0, 0, 0, 0, 0, 0, 1
"c:\Users\MSI SWORD 15 A12V\source\repos\SoftWhatsAppCRMDash\SoftWhatsAppCRMDash\wwwroot\lib\highcharts\modules\annotations-advanced.js", "JavaScript", 0, 3, 0, 0, 0, 0, 0, 0, 18, 0, 21
"c:\Users\MSI SWORD 15 A12V\source\repos\SoftWhatsAppCRMDash\SoftWhatsAppCRMDash\wwwroot\lib\highcharts\modules\annotations-advanced.min.js", "JavaScript", 0, 1, 0, 0, 0, 0, 0, 0, 0, 0, 1
"c:\Users\MSI SWORD 15 A12V\source\repos\SoftWhatsAppCRMDash\SoftWhatsAppCRMDash\wwwroot\lib\highcharts\modules\annotations-advanced.src.js", "JavaScript", 0, 5003, 0, 0, 0, 0, 0, 0, 4501, 227, 9731
"c:\Users\MSI SWORD 15 A12V\source\repos\SoftWhatsAppCRMDash\SoftWhatsAppCRMDash\wwwroot\lib\highcharts\modules\annotations-advanced.src.min.js", "JavaScript", 0, 1, 0, 0, 0, 0, 0, 0, 0, 0, 1
"c:\Users\MSI SWORD 15 A12V\source\repos\SoftWhatsAppCRMDash\SoftWhatsAppCRMDash\wwwroot\lib\highcharts\modules\annotations.js", "JavaScript", 0, 2, 0, 0, 0, 0, 0, 0, 9, 0, 11
"c:\Users\MSI SWORD 15 A12V\source\repos\SoftWhatsAppCRMDash\SoftWhatsAppCRMDash\wwwroot\lib\highcharts\modules\annotations.min.js", "JavaScript", 0, 1, 0, 0, 0, 0, 0, 0, 0, 0, 1
"c:\Users\MSI SWORD 15 A12V\source\repos\SoftWhatsAppCRMDash\SoftWhatsAppCRMDash\wwwroot\lib\highcharts\modules\annotations.src.js", "JavaScript", 0, 3463, 0, 0, 0, 0, 0, 0, 3554, 147, 7164
"c:\Users\MSI SWORD 15 A12V\source\repos\SoftWhatsAppCRMDash\SoftWhatsAppCRMDash\wwwroot\lib\highcharts\modules\annotations.src.min.js", "JavaScript", 0, 1, 0, 0, 0, 0, 0, 0, 0, 0, 1
"c:\Users\MSI SWORD 15 A12V\source\repos\SoftWhatsAppCRMDash\SoftWhatsAppCRMDash\wwwroot\lib\highcharts\modules\arc-diagram.js", "JavaScript", 0, 2, 0, 0, 0, 0, 0, 0, 9, 0, 11
"c:\Users\MSI SWORD 15 A12V\source\repos\SoftWhatsAppCRMDash\SoftWhatsAppCRMDash\wwwroot\lib\highcharts\modules\arc-diagram.min.js", "JavaScript", 0, 1, 0, 0, 0, 0, 0, 0, 0, 0, 1
"c:\Users\MSI SWORD 15 A12V\source\repos\SoftWhatsAppCRMDash\SoftWhatsAppCRMDash\wwwroot\lib\highcharts\modules\arc-diagram.src.js", "JavaScript", 0, 820, 0, 0, 0, 0, 0, 0, 627, 52, 1499
"c:\Users\MSI SWORD 15 A12V\source\repos\SoftWhatsAppCRMDash\SoftWhatsAppCRMDash\wwwroot\lib\highcharts\modules\arc-diagram.src.min.js", "JavaScript", 0, 1, 0, 0, 0, 0, 0, 0, 0, 0, 1
"c:\Users\MSI SWORD 15 A12V\source\repos\SoftWhatsAppCRMDash\SoftWhatsAppCRMDash\wwwroot\lib\highcharts\modules\arrow-symbols.js", "JavaScript", 0, 2, 0, 0, 0, 0, 0, 0, 9, 0, 11
"c:\Users\MSI SWORD 15 A12V\source\repos\SoftWhatsAppCRMDash\SoftWhatsAppCRMDash\wwwroot\lib\highcharts\modules\arrow-symbols.min.js", "JavaScript", 0, 1, 0, 0, 0, 0, 0, 0, 0, 0, 1
"c:\Users\MSI SWORD 15 A12V\source\repos\SoftWhatsAppCRMDash\SoftWhatsAppCRMDash\wwwroot\lib\highcharts\modules\arrow-symbols.src.js", "JavaScript", 0, 115, 0, 0, 0, 0, 0, 0, 160, 13, 288
"c:\Users\MSI SWORD 15 A12V\source\repos\SoftWhatsAppCRMDash\SoftWhatsAppCRMDash\wwwroot\lib\highcharts\modules\arrow-symbols.src.min.js", "JavaScript", 0, 1, 0, 0, 0, 0, 0, 0, 0, 0, 1
"c:\Users\MSI SWORD 15 A12V\source\repos\SoftWhatsAppCRMDash\SoftWhatsAppCRMDash\wwwroot\lib\highcharts\modules\boost-canvas.js", "JavaScript", 0, 2, 0, 0, 0, 0, 0, 0, 10, 0, 12
"c:\Users\MSI SWORD 15 A12V\source\repos\SoftWhatsAppCRMDash\SoftWhatsAppCRMDash\wwwroot\lib\highcharts\modules\boost-canvas.min.js", "JavaScript", 0, 1, 0, 0, 0, 0, 0, 0, 0, 0, 1
"c:\Users\MSI SWORD 15 A12V\source\repos\SoftWhatsAppCRMDash\SoftWhatsAppCRMDash\wwwroot\lib\highcharts\modules\boost-canvas.src.js", "JavaScript", 0, 2810, 0, 0, 0, 0, 0, 0, 1172, 55, 4037
"c:\Users\MSI SWORD 15 A12V\source\repos\SoftWhatsAppCRMDash\SoftWhatsAppCRMDash\wwwroot\lib\highcharts\modules\boost-canvas.src.min.js", "JavaScript", 0, 1, 0, 0, 0, 0, 0, 0, 0, 0, 1
"c:\Users\MSI SWORD 15 A12V\source\repos\SoftWhatsAppCRMDash\SoftWhatsAppCRMDash\wwwroot\lib\highcharts\modules\boost.js", "JavaScript", 0, 2, 0, 0, 0, 0, 0, 0, 11, 0, 13
"c:\Users\MSI SWORD 15 A12V\source\repos\SoftWhatsAppCRMDash\SoftWhatsAppCRMDash\wwwroot\lib\highcharts\modules\boost.min.js", "JavaScript", 0, 1, 0, 0, 0, 0, 0, 0, 0, 0, 1
"c:\Users\MSI SWORD 15 A12V\source\repos\SoftWhatsAppCRMDash\SoftWhatsAppCRMDash\wwwroot\lib\highcharts\modules\boost.src.js", "JavaScript", 0, 2578, 0, 0, 0, 0, 0, 0, 1345, 57, 3980
"c:\Users\MSI SWORD 15 A12V\source\repos\SoftWhatsAppCRMDash\SoftWhatsAppCRMDash\wwwroot\lib\highcharts\modules\boost.src.min.js", "JavaScript", 0, 1, 0, 0, 0, 0, 0, 0, 0, 0, 1
"c:\Users\MSI SWORD 15 A12V\source\repos\SoftWhatsAppCRMDash\SoftWhatsAppCRMDash\wwwroot\lib\highcharts\modules\broken-axis.js", "JavaScript", 0, 2, 0, 0, 0, 0, 0, 0, 7, 0, 9
"c:\Users\MSI SWORD 15 A12V\source\repos\SoftWhatsAppCRMDash\SoftWhatsAppCRMDash\wwwroot\lib\highcharts\modules\broken-axis.min.js", "JavaScript", 0, 1, 0, 0, 0, 0, 0, 0, 0, 0, 1
"c:\Users\MSI SWORD 15 A12V\source\repos\SoftWhatsAppCRMDash\SoftWhatsAppCRMDash\wwwroot\lib\highcharts\modules\broken-axis.src.js", "JavaScript", 0, 473, 0, 0, 0, 0, 0, 0, 242, 18, 733
"c:\Users\MSI SWORD 15 A12V\source\repos\SoftWhatsAppCRMDash\SoftWhatsAppCRMDash\wwwroot\lib\highcharts\modules\broken-axis.src.min.js", "JavaScript", 0, 1, 0, 0, 0, 0, 0, 0, 0, 0, 1
"c:\Users\MSI SWORD 15 A12V\source\repos\SoftWhatsAppCRMDash\SoftWhatsAppCRMDash\wwwroot\lib\highcharts\modules\bullet.js", "JavaScript", 0, 2, 0, 0, 0, 0, 0, 0, 9, 0, 11
"c:\Users\MSI SWORD 15 A12V\source\repos\SoftWhatsAppCRMDash\SoftWhatsAppCRMDash\wwwroot\lib\highcharts\modules\bullet.min.js", "JavaScript", 0, 1, 0, 0, 0, 0, 0, 0, 0, 0, 1
"c:\Users\MSI SWORD 15 A12V\source\repos\SoftWhatsAppCRMDash\SoftWhatsAppCRMDash\wwwroot\lib\highcharts\modules\bullet.src.js", "JavaScript", 0, 211, 0, 0, 0, 0, 0, 0, 280, 28, 519
"c:\Users\MSI SWORD 15 A12V\source\repos\SoftWhatsAppCRMDash\SoftWhatsAppCRMDash\wwwroot\lib\highcharts\modules\bullet.src.min.js", "JavaScript", 0, 1, 0, 0, 0, 0, 0, 0, 0, 0, 1
"c:\Users\MSI SWORD 15 A12V\source\repos\SoftWhatsAppCRMDash\SoftWhatsAppCRMDash\wwwroot\lib\highcharts\modules\coloraxis.js", "JavaScript", 0, 2, 0, 0, 0, 0, 0, 0, 9, 0, 11
"c:\Users\MSI SWORD 15 A12V\source\repos\SoftWhatsAppCRMDash\SoftWhatsAppCRMDash\wwwroot\lib\highcharts\modules\coloraxis.min.js", "JavaScript", 0, 1, 0, 0, 0, 0, 0, 0, 0, 0, 1
"c:\Users\MSI SWORD 15 A12V\source\repos\SoftWhatsAppCRMDash\SoftWhatsAppCRMDash\wwwroot\lib\highcharts\modules\coloraxis.src.js", "JavaScript", 0, 741, 0, 0, 0, 0, 0, 0, 825, 43, 1609
"c:\Users\MSI SWORD 15 A12V\source\repos\SoftWhatsAppCRMDash\SoftWhatsAppCRMDash\wwwroot\lib\highcharts\modules\coloraxis.src.min.js", "JavaScript", 0, 1, 0, 0, 0, 0, 0, 0, 0, 0, 1
"c:\Users\MSI SWORD 15 A12V\source\repos\SoftWhatsAppCRMDash\SoftWhatsAppCRMDash\wwwroot\lib\highcharts\modules\current-date-indicator.js", "JavaScript", 0, 2, 0, 0, 0, 0, 0, 0, 9, 0, 11
"c:\Users\MSI SWORD 15 A12V\source\repos\SoftWhatsAppCRMDash\SoftWhatsAppCRMDash\wwwroot\lib\highcharts\modules\current-date-indicator.min.js", "JavaScript", 0, 1, 0, 0, 0, 0, 0, 0, 0, 0, 1
"c:\Users\MSI SWORD 15 A12V\source\repos\SoftWhatsAppCRMDash\SoftWhatsAppCRMDash\wwwroot\lib\highcharts\modules\current-date-indicator.src.js", "JavaScript", 0, 141, 0, 0, 0, 0, 0, 0, 95, 15, 251
"c:\Users\MSI SWORD 15 A12V\source\repos\SoftWhatsAppCRMDash\SoftWhatsAppCRMDash\wwwroot\lib\highcharts\modules\current-date-indicator.src.min.js", "JavaScript", 0, 1, 0, 0, 0, 0, 0, 0, 0, 0, 1
"c:\Users\MSI SWORD 15 A12V\source\repos\SoftWhatsAppCRMDash\SoftWhatsAppCRMDash\wwwroot\lib\highcharts\modules\cylinder.js", "JavaScript", 0, 2, 0, 0, 0, 0, 0, 0, 10, 0, 12
"c:\Users\MSI SWORD 15 A12V\source\repos\SoftWhatsAppCRMDash\SoftWhatsAppCRMDash\wwwroot\lib\highcharts\modules\cylinder.min.js", "JavaScript", 0, 1, 0, 0, 0, 0, 0, 0, 0, 0, 1
"c:\Users\MSI SWORD 15 A12V\source\repos\SoftWhatsAppCRMDash\SoftWhatsAppCRMDash\wwwroot\lib\highcharts\modules\cylinder.src.js", "JavaScript", 0, 452, 0, 0, 0, 0, 0, 0, 466, 48, 966
"c:\Users\MSI SWORD 15 A12V\source\repos\SoftWhatsAppCRMDash\SoftWhatsAppCRMDash\wwwroot\lib\highcharts\modules\cylinder.src.min.js", "JavaScript", 0, 1, 0, 0, 0, 0, 0, 0, 0, 0, 1
"c:\Users\MSI SWORD 15 A12V\source\repos\SoftWhatsAppCRMDash\SoftWhatsAppCRMDash\wwwroot\lib\highcharts\modules\data-tools.js", "JavaScript", 0, 2, 0, 0, 0, 0, 0, 0, 9, 0, 11
"c:\Users\MSI SWORD 15 A12V\source\repos\SoftWhatsAppCRMDash\SoftWhatsAppCRMDash\wwwroot\lib\highcharts\modules\data-tools.min.js", "JavaScript", 0, 1, 0, 0, 0, 0, 0, 0, 0, 0, 1
"c:\Users\MSI SWORD 15 A12V\source\repos\SoftWhatsAppCRMDash\SoftWhatsAppCRMDash\wwwroot\lib\highcharts\modules\data-tools.src.js", "JavaScript", 0, 4128, 0, 0, 0, 0, 0, 0, 4338, 198, 8664
"c:\Users\MSI SWORD 15 A12V\source\repos\SoftWhatsAppCRMDash\SoftWhatsAppCRMDash\wwwroot\lib\highcharts\modules\data-tools.src.min.js", "JavaScript", 0, 1, 0, 0, 0, 0, 0, 0, 0, 0, 1
"c:\Users\MSI SWORD 15 A12V\source\repos\SoftWhatsAppCRMDash\SoftWhatsAppCRMDash\wwwroot\lib\highcharts\modules\data.js", "JavaScript", 0, 2, 0, 0, 0, 0, 0, 0, 9, 0, 11
"c:\Users\MSI SWORD 15 A12V\source\repos\SoftWhatsAppCRMDash\SoftWhatsAppCRMDash\wwwroot\lib\highcharts\modules\data.min.js", "JavaScript", 0, 1, 0, 0, 0, 0, 0, 0, 0, 0, 1
"c:\Users\MSI SWORD 15 A12V\source\repos\SoftWhatsAppCRMDash\SoftWhatsAppCRMDash\wwwroot\lib\highcharts\modules\data.src.js", "JavaScript", 0, 1326, 0, 0, 0, 0, 0, 0, 1141, 38, 2505
"c:\Users\MSI SWORD 15 A12V\source\repos\SoftWhatsAppCRMDash\SoftWhatsAppCRMDash\wwwroot\lib\highcharts\modules\data.src.min.js", "JavaScript", 0, 1, 0, 0, 0, 0, 0, 0, 0, 0, 1
"c:\Users\MSI SWORD 15 A12V\source\repos\SoftWhatsAppCRMDash\SoftWhatsAppCRMDash\wwwroot\lib\highcharts\modules\datagrouping.js", "JavaScript", 0, 2, 0, 0, 0, 0, 0, 0, 9, 0, 11
"c:\Users\MSI SWORD 15 A12V\source\repos\SoftWhatsAppCRMDash\SoftWhatsAppCRMDash\wwwroot\lib\highcharts\modules\datagrouping.min.js", "JavaScript", 0, 1, 0, 0, 0, 0, 0, 0, 0, 0, 1
"c:\Users\MSI SWORD 15 A12V\source\repos\SoftWhatsAppCRMDash\SoftWhatsAppCRMDash\wwwroot\lib\highcharts\modules\datagrouping.src.js", "JavaScript", 0, 971, 0, 0, 0, 0, 0, 0, 1055, 54, 2080
"c:\Users\MSI SWORD 15 A12V\source\repos\SoftWhatsAppCRMDash\SoftWhatsAppCRMDash\wwwroot\lib\highcharts\modules\datagrouping.src.min.js", "JavaScript", 0, 1, 0, 0, 0, 0, 0, 0, 0, 0, 1
"c:\Users\MSI SWORD 15 A12V\source\repos\SoftWhatsAppCRMDash\SoftWhatsAppCRMDash\wwwroot\lib\highcharts\modules\debugger.js", "JavaScript", 0, 2, 0, 0, 0, 0, 0, 0, 9, 0, 11
"c:\Users\MSI SWORD 15 A12V\source\repos\SoftWhatsAppCRMDash\SoftWhatsAppCRMDash\wwwroot\lib\highcharts\modules\debugger.min.js", "JavaScript", 0, 1, 0, 0, 0, 0, 0, 0, 0, 0, 1
"c:\Users\MSI SWORD 15 A12V\source\repos\SoftWhatsAppCRMDash\SoftWhatsAppCRMDash\wwwroot\lib\highcharts\modules\debugger.src.js", "JavaScript", 0, 258, 0, 0, 0, 0, 0, 0, 82, 20, 360
"c:\Users\MSI SWORD 15 A12V\source\repos\SoftWhatsAppCRMDash\SoftWhatsAppCRMDash\wwwroot\lib\highcharts\modules\debugger.src.min.js", "JavaScript", 0, 1, 0, 0, 0, 0, 0, 0, 0, 0, 1
"c:\Users\MSI SWORD 15 A12V\source\repos\SoftWhatsAppCRMDash\SoftWhatsAppCRMDash\wwwroot\lib\highcharts\modules\dependency-wheel.js", "JavaScript", 0, 2, 0, 0, 0, 0, 0, 0, 10, 0, 12
"c:\Users\MSI SWORD 15 A12V\source\repos\SoftWhatsAppCRMDash\SoftWhatsAppCRMDash\wwwroot\lib\highcharts\modules\dependency-wheel.min.js", "JavaScript", 0, 1, 0, 0, 0, 0, 0, 0, 0, 0, 1
"c:\Users\MSI SWORD 15 A12V\source\repos\SoftWhatsAppCRMDash\SoftWhatsAppCRMDash\wwwroot\lib\highcharts\modules\dependency-wheel.src.js", "JavaScript", 0, 567, 0, 0, 0, 0, 0, 0, 495, 41, 1103
"c:\Users\MSI SWORD 15 A12V\source\repos\SoftWhatsAppCRMDash\SoftWhatsAppCRMDash\wwwroot\lib\highcharts\modules\dependency-wheel.src.min.js", "JavaScript", 0, 1, 0, 0, 0, 0, 0, 0, 0, 0, 1
"c:\Users\MSI SWORD 15 A12V\source\repos\SoftWhatsAppCRMDash\SoftWhatsAppCRMDash\wwwroot\lib\highcharts\modules\dotplot.js", "JavaScript", 0, 2, 0, 0, 0, 0, 0, 0, 9, 0, 11
"c:\Users\MSI SWORD 15 A12V\source\repos\SoftWhatsAppCRMDash\SoftWhatsAppCRMDash\wwwroot\lib\highcharts\modules\dotplot.min.js", "JavaScript", 0, 1, 0, 0, 0, 0, 0, 0, 0, 0, 1
"c:\Users\MSI SWORD 15 A12V\source\repos\SoftWhatsAppCRMDash\SoftWhatsAppCRMDash\wwwroot\lib\highcharts\modules\dotplot.src.js", "JavaScript", 0, 185, 0, 0, 0, 0, 0, 0, 91, 21, 297
"c:\Users\MSI SWORD 15 A12V\source\repos\SoftWhatsAppCRMDash\SoftWhatsAppCRMDash\wwwroot\lib\highcharts\modules\dotplot.src.min.js", "JavaScript", 0, 1, 0, 0, 0, 0, 0, 0, 0, 0, 1
"c:\Users\MSI SWORD 15 A12V\source\repos\SoftWhatsAppCRMDash\SoftWhatsAppCRMDash\wwwroot\lib\highcharts\modules\drag-panes.js", "JavaScript", 0, 2, 0, 0, 0, 0, 0, 0, 11, 0, 13
"c:\Users\MSI SWORD 15 A12V\source\repos\SoftWhatsAppCRMDash\SoftWhatsAppCRMDash\wwwroot\lib\highcharts\modules\drag-panes.min.js", "JavaScript", 0, 1, 0, 0, 0, 0, 0, 0, 0, 0, 1
"c:\Users\MSI SWORD 15 A12V\source\repos\SoftWhatsAppCRMDash\SoftWhatsAppCRMDash\wwwroot\lib\highcharts\modules\drag-panes.src.js", "JavaScript", 0, 315, 0, 0, 0, 0, 0, 0, 379, 22, 716
"c:\Users\MSI SWORD 15 A12V\source\repos\SoftWhatsAppCRMDash\SoftWhatsAppCRMDash\wwwroot\lib\highcharts\modules\drag-panes.src.min.js", "JavaScript", 0, 1, 0, 0, 0, 0, 0, 0, 0, 0, 1
"c:\Users\MSI SWORD 15 A12V\source\repos\SoftWhatsAppCRMDash\SoftWhatsAppCRMDash\wwwroot\lib\highcharts\modules\draggable-points.js", "JavaScript", 0, 2, 0, 0, 0, 0, 0, 0, 7, 0, 9
"c:\Users\MSI SWORD 15 A12V\source\repos\SoftWhatsAppCRMDash\SoftWhatsAppCRMDash\wwwroot\lib\highcharts\modules\draggable-points.min.js", "JavaScript", 0, 1, 0, 0, 0, 0, 0, 0, 0, 0, 1
"c:\Users\MSI SWORD 15 A12V\source\repos\SoftWhatsAppCRMDash\SoftWhatsAppCRMDash\wwwroot\lib\highcharts\modules\draggable-points.src.js", "JavaScript", 0, 1253, 0, 0, 0, 0, 0, 0, 1362, 34, 2649
"c:\Users\MSI SWORD 15 A12V\source\repos\SoftWhatsAppCRMDash\SoftWhatsAppCRMDash\wwwroot\lib\highcharts\modules\draggable-points.src.min.js", "JavaScript", 0, 1, 0, 0, 0, 0, 0, 0, 0, 0, 1
"c:\Users\MSI SWORD 15 A12V\source\repos\SoftWhatsAppCRMDash\SoftWhatsAppCRMDash\wwwroot\lib\highcharts\modules\drilldown.js", "JavaScript", 0, 2, 0, 0, 0, 0, 0, 0, 9, 0, 11
"c:\Users\MSI SWORD 15 A12V\source\repos\SoftWhatsAppCRMDash\SoftWhatsAppCRMDash\wwwroot\lib\highcharts\modules\drilldown.min.js", "JavaScript", 0, 1, 0, 0, 0, 0, 0, 0, 0, 0, 1
"c:\Users\MSI SWORD 15 A12V\source\repos\SoftWhatsAppCRMDash\SoftWhatsAppCRMDash\wwwroot\lib\highcharts\modules\drilldown.src.js", "JavaScript", 0, 1442, 0, 0, 0, 0, 0, 0, 1334, 41, 2817
"c:\Users\MSI SWORD 15 A12V\source\repos\SoftWhatsAppCRMDash\SoftWhatsAppCRMDash\wwwroot\lib\highcharts\modules\drilldown.src.min.js", "JavaScript", 0, 1, 0, 0, 0, 0, 0, 0, 0, 0, 1
"c:\Users\MSI SWORD 15 A12V\source\repos\SoftWhatsAppCRMDash\SoftWhatsAppCRMDash\wwwroot\lib\highcharts\modules\dumbbell.js", "JavaScript", 0, 2, 0, 0, 0, 0, 0, 0, 7, 0, 9
"c:\Users\MSI SWORD 15 A12V\source\repos\SoftWhatsAppCRMDash\SoftWhatsAppCRMDash\wwwroot\lib\highcharts\modules\dumbbell.min.js", "JavaScript", 0, 1, 0, 0, 0, 0, 0, 0, 0, 0, 1
"c:\Users\MSI SWORD 15 A12V\source\repos\SoftWhatsAppCRMDash\SoftWhatsAppCRMDash\wwwroot\lib\highcharts\modules\dumbbell.src.js", "JavaScript", 0, 363, 0, 0, 0, 0, 0, 0, 403, 35, 801
"c:\Users\MSI SWORD 15 A12V\source\repos\SoftWhatsAppCRMDash\SoftWhatsAppCRMDash\wwwroot\lib\highcharts\modules\dumbbell.src.min.js", "JavaScript", 0, 1, 0, 0, 0, 0, 0, 0, 0, 0, 1
"c:\Users\MSI SWORD 15 A12V\source\repos\SoftWhatsAppCRMDash\SoftWhatsAppCRMDash\wwwroot\lib\highcharts\modules\export-data.js", "JavaScript", 0, 2, 0, 0, 0, 0, 0, 0, 10, 0, 12
"c:\Users\MSI SWORD 15 A12V\source\repos\SoftWhatsAppCRMDash\SoftWhatsAppCRMDash\wwwroot\lib\highcharts\modules\export-data.min.js", "JavaScript", 0, 1, 0, 0, 0, 0, 0, 0, 0, 0, 1
"c:\Users\MSI SWORD 15 A12V\source\repos\SoftWhatsAppCRMDash\SoftWhatsAppCRMDash\wwwroot\lib\highcharts\modules\export-data.src.js", "JavaScript", 0, 822, 0, 0, 0, 0, 0, 0, 599, 28, 1449
"c:\Users\MSI SWORD 15 A12V\source\repos\SoftWhatsAppCRMDash\SoftWhatsAppCRMDash\wwwroot\lib\highcharts\modules\export-data.src.min.js", "JavaScript", 0, 1, 0, 0, 0, 0, 0, 0, 0, 0, 1
"c:\Users\MSI SWORD 15 A12V\source\repos\SoftWhatsAppCRMDash\SoftWhatsAppCRMDash\wwwroot\lib\highcharts\modules\exporting.js", "JavaScript", 0, 2, 0, 0, 0, 0, 0, 0, 9, 0, 11
"c:\Users\MSI SWORD 15 A12V\source\repos\SoftWhatsAppCRMDash\SoftWhatsAppCRMDash\wwwroot\lib\highcharts\modules\exporting.min.js", "JavaScript", 0, 1, 0, 0, 0, 0, 0, 0, 0, 0, 1
"c:\Users\MSI SWORD 15 A12V\source\repos\SoftWhatsAppCRMDash\SoftWhatsAppCRMDash\wwwroot\lib\highcharts\modules\exporting.src.js", "JavaScript", 0, 1286, 0, 0, 0, 0, 0, 0, 1702, 46, 3034
"c:\Users\MSI SWORD 15 A12V\source\repos\SoftWhatsAppCRMDash\SoftWhatsAppCRMDash\wwwroot\lib\highcharts\modules\exporting.src.min.js", "JavaScript", 0, 1, 0, 0, 0, 0, 0, 0, 0, 0, 1
"c:\Users\MSI SWORD 15 A12V\source\repos\SoftWhatsAppCRMDash\SoftWhatsAppCRMDash\wwwroot\lib\highcharts\modules\flowmap.js", "JavaScript", 0, 2, 0, 0, 0, 0, 0, 0, 7, 0, 9
"c:\Users\MSI SWORD 15 A12V\source\repos\SoftWhatsAppCRMDash\SoftWhatsAppCRMDash\wwwroot\lib\highcharts\modules\flowmap.min.js", "JavaScript", 0, 1, 0, 0, 0, 0, 0, 0, 0, 0, 1
"c:\Users\MSI SWORD 15 A12V\source\repos\SoftWhatsAppCRMDash\SoftWhatsAppCRMDash\wwwroot\lib\highcharts\modules\flowmap.src.js", "JavaScript", 0, 408, 0, 0, 0, 0, 0, 0, 492, 23, 923
"c:\Users\MSI SWORD 15 A12V\source\repos\SoftWhatsAppCRMDash\SoftWhatsAppCRMDash\wwwroot\lib\highcharts\modules\flowmap.src.min.js", "JavaScript", 0, 1, 0, 0, 0, 0, 0, 0, 0, 0, 1
"c:\Users\MSI SWORD 15 A12V\source\repos\SoftWhatsAppCRMDash\SoftWhatsAppCRMDash\wwwroot\lib\highcharts\modules\full-screen.js", "JavaScript", 0, 2, 0, 0, 0, 0, 0, 0, 10, 0, 12
"c:\Users\MSI SWORD 15 A12V\source\repos\SoftWhatsAppCRMDash\SoftWhatsAppCRMDash\wwwroot\lib\highcharts\modules\full-screen.min.js", "JavaScript", 0, 1, 0, 0, 0, 0, 0, 0, 0, 0, 1
"c:\Users\MSI SWORD 15 A12V\source\repos\SoftWhatsAppCRMDash\SoftWhatsAppCRMDash\wwwroot\lib\highcharts\modules\full-screen.src.js", "JavaScript", 0, 226, 0, 0, 0, 0, 0, 0, 222, 19, 467
"c:\Users\MSI SWORD 15 A12V\source\repos\SoftWhatsAppCRMDash\SoftWhatsAppCRMDash\wwwroot\lib\highcharts\modules\full-screen.src.min.js", "JavaScript", 0, 1, 0, 0, 0, 0, 0, 0, 0, 0, 1
"c:\Users\MSI SWORD 15 A12V\source\repos\SoftWhatsAppCRMDash\SoftWhatsAppCRMDash\wwwroot\lib\highcharts\modules\funnel.js", "JavaScript", 0, 2, 0, 0, 0, 0, 0, 0, 9, 0, 11
"c:\Users\MSI SWORD 15 A12V\source\repos\SoftWhatsAppCRMDash\SoftWhatsAppCRMDash\wwwroot\lib\highcharts\modules\funnel.min.js", "JavaScript", 0, 1, 0, 0, 0, 0, 0, 0, 0, 0, 1
"c:\Users\MSI SWORD 15 A12V\source\repos\SoftWhatsAppCRMDash\SoftWhatsAppCRMDash\wwwroot\lib\highcharts\modules\funnel.src.js", "JavaScript", 0, 669, 0, 0, 0, 0, 0, 0, 636, 37, 1342
"c:\Users\MSI SWORD 15 A12V\source\repos\SoftWhatsAppCRMDash\SoftWhatsAppCRMDash\wwwroot\lib\highcharts\modules\funnel.src.min.js", "JavaScript", 0, 1, 0, 0, 0, 0, 0, 0, 0, 0, 1
"c:\Users\MSI SWORD 15 A12V\source\repos\SoftWhatsAppCRMDash\SoftWhatsAppCRMDash\wwwroot\lib\highcharts\modules\funnel3d.js", "JavaScript", 0, 2, 0, 0, 0, 0, 0, 0, 11, 0, 13
"c:\Users\MSI SWORD 15 A12V\source\repos\SoftWhatsAppCRMDash\SoftWhatsAppCRMDash\wwwroot\lib\highcharts\modules\funnel3d.min.js", "JavaScript", 0, 1, 0, 0, 0, 0, 0, 0, 0, 0, 1
"c:\Users\MSI SWORD 15 A12V\source\repos\SoftWhatsAppCRMDash\SoftWhatsAppCRMDash\wwwroot\lib\highcharts\modules\funnel3d.src.js", "JavaScript", 0, 686, 0, 0, 0, 0, 0, 0, 547, 50, 1283
"c:\Users\MSI SWORD 15 A12V\source\repos\SoftWhatsAppCRMDash\SoftWhatsAppCRMDash\wwwroot\lib\highcharts\modules\funnel3d.src.min.js", "JavaScript", 0, 1, 0, 0, 0, 0, 0, 0, 0, 0, 1
"c:\Users\MSI SWORD 15 A12V\source\repos\SoftWhatsAppCRMDash\SoftWhatsAppCRMDash\wwwroot\lib\highcharts\modules\gantt.js", "JavaScript", 0, 4, 0, 0, 0, 0, 0, 0, 27, 0, 31
"c:\Users\MSI SWORD 15 A12V\source\repos\SoftWhatsAppCRMDash\SoftWhatsAppCRMDash\wwwroot\lib\highcharts\modules\gantt.min.js", "JavaScript", 0, 1, 0, 0, 0, 0, 0, 0, 0, 0, 1
"c:\Users\MSI SWORD 15 A12V\source\repos\SoftWhatsAppCRMDash\SoftWhatsAppCRMDash\wwwroot\lib\highcharts\modules\gantt.src.js", "JavaScript", 0, 8100, 0, 0, 0, 0, 0, 0, 6592, 238, 14930
"c:\Users\MSI SWORD 15 A12V\source\repos\SoftWhatsAppCRMDash\SoftWhatsAppCRMDash\wwwroot\lib\highcharts\modules\gantt.src.min.js", "JavaScript", 0, 1, 0, 0, 0, 0, 0, 0, 0, 0, 1
"c:\Users\MSI SWORD 15 A12V\source\repos\SoftWhatsAppCRMDash\SoftWhatsAppCRMDash\wwwroot\lib\highcharts\modules\geoheatmap.js", "JavaScript", 0, 2, 0, 0, 0, 0, 0, 0, 7, 0, 9
"c:\Users\MSI SWORD 15 A12V\source\repos\SoftWhatsAppCRMDash\SoftWhatsAppCRMDash\wwwroot\lib\highcharts\modules\geoheatmap.min.js", "JavaScript", 0, 1, 0, 0, 0, 0, 0, 0, 0, 0, 1
"c:\Users\MSI SWORD 15 A12V\source\repos\SoftWhatsAppCRMDash\SoftWhatsAppCRMDash\wwwroot\lib\highcharts\modules\geoheatmap.src.js", "JavaScript", 0, 400, 0, 0, 0, 0, 0, 0, 362, 30, 792
"c:\Users\MSI SWORD 15 A12V\source\repos\SoftWhatsAppCRMDash\SoftWhatsAppCRMDash\wwwroot\lib\highcharts\modules\geoheatmap.src.min.js", "JavaScript", 0, 1, 0, 0, 0, 0, 0, 0, 0, 0, 1
"c:\Users\MSI SWORD 15 A12V\source\repos\SoftWhatsAppCRMDash\SoftWhatsAppCRMDash\wwwroot\lib\highcharts\modules\grid-axis.js", "JavaScript", 0, 2, 0, 0, 0, 0, 0, 0, 9, 0, 11
"c:\Users\MSI SWORD 15 A12V\source\repos\SoftWhatsAppCRMDash\SoftWhatsAppCRMDash\wwwroot\lib\highcharts\modules\grid-axis.min.js", "JavaScript", 0, 1, 0, 0, 0, 0, 0, 0, 0, 0, 1
"c:\Users\MSI SWORD 15 A12V\source\repos\SoftWhatsAppCRMDash\SoftWhatsAppCRMDash\wwwroot\lib\highcharts\modules\grid-axis.src.js", "JavaScript", 0, 764, 0, 0, 0, 0, 0, 0, 410, 19, 1193
"c:\Users\MSI SWORD 15 A12V\source\repos\SoftWhatsAppCRMDash\SoftWhatsAppCRMDash\wwwroot\lib\highcharts\modules\grid-axis.src.min.js", "JavaScript", 0, 1, 0, 0, 0, 0, 0, 0, 0, 0, 1
"c:\Users\MSI SWORD 15 A12V\source\repos\SoftWhatsAppCRMDash\SoftWhatsAppCRMDash\wwwroot\lib\highcharts\modules\heatmap.js", "JavaScript", 0, 3, 0, 0, 0, 0, 0, 0, 16, 0, 19
"c:\Users\MSI SWORD 15 A12V\source\repos\SoftWhatsAppCRMDash\SoftWhatsAppCRMDash\wwwroot\lib\highcharts\modules\heatmap.min.js", "JavaScript", 0, 1, 0, 0, 0, 0, 0, 0, 0, 0, 1
"c:\Users\MSI SWORD 15 A12V\source\repos\SoftWhatsAppCRMDash\SoftWhatsAppCRMDash\wwwroot\lib\highcharts\modules\heatmap.src.js", "JavaScript", 0, 1181, 0, 0, 0, 0, 0, 0, 1674, 80, 2935
"c:\Users\MSI SWORD 15 A12V\source\repos\SoftWhatsAppCRMDash\SoftWhatsAppCRMDash\wwwroot\lib\highcharts\modules\heatmap.src.min.js", "JavaScript", 0, 1, 0, 0, 0, 0, 0, 0, 0, 0, 1
"c:\Users\MSI SWORD 15 A12V\source\repos\SoftWhatsAppCRMDash\SoftWhatsAppCRMDash\wwwroot\lib\highcharts\modules\heikinashi.js", "JavaScript", 0, 2, 0, 0, 0, 0, 0, 0, 10, 0, 12
"c:\Users\MSI SWORD 15 A12V\source\repos\SoftWhatsAppCRMDash\SoftWhatsAppCRMDash\wwwroot\lib\highcharts\modules\heikinashi.min.js", "JavaScript", 0, 1, 0, 0, 0, 0, 0, 0, 0, 0, 1
"c:\Users\MSI SWORD 15 A12V\source\repos\SoftWhatsAppCRMDash\SoftWhatsAppCRMDash\wwwroot\lib\highcharts\modules\heikinashi.src.js", "JavaScript", 0, 174, 0, 0, 0, 0, 0, 0, 231, 26, 431
"c:\Users\MSI SWORD 15 A12V\source\repos\SoftWhatsAppCRMDash\SoftWhatsAppCRMDash\wwwroot\lib\highcharts\modules\heikinashi.src.min.js", "JavaScript", 0, 1, 0, 0, 0, 0, 0, 0, 0, 0, 1
"c:\Users\MSI SWORD 15 A12V\source\repos\SoftWhatsAppCRMDash\SoftWhatsAppCRMDash\wwwroot\lib\highcharts\modules\histogram-bellcurve.js", "JavaScript", 0, 2, 0, 0, 0, 0, 0, 0, 8, 0, 10
"c:\Users\MSI SWORD 15 A12V\source\repos\SoftWhatsAppCRMDash\SoftWhatsAppCRMDash\wwwroot\lib\highcharts\modules\histogram-bellcurve.min.js", "JavaScript", 0, 1, 0, 0, 0, 0, 0, 0, 0, 0, 1
"c:\Users\MSI SWORD 15 A12V\source\repos\SoftWhatsAppCRMDash\SoftWhatsAppCRMDash\wwwroot\lib\highcharts\modules\histogram-bellcurve.src.js", "JavaScript", 0, 320, 0, 0, 0, 0, 0, 0, 389, 39, 748
"c:\Users\MSI SWORD 15 A12V\source\repos\SoftWhatsAppCRMDash\SoftWhatsAppCRMDash\wwwroot\lib\highcharts\modules\histogram-bellcurve.src.min.js", "JavaScript", 0, 1, 0, 0, 0, 0, 0, 0, 0, 0, 1
"c:\Users\MSI SWORD 15 A12V\source\repos\SoftWhatsAppCRMDash\SoftWhatsAppCRMDash\wwwroot\lib\highcharts\modules\hollowcandlestick.js", "JavaScript", 0, 2, 0, 0, 0, 0, 0, 0, 10, 0, 12
"c:\Users\MSI SWORD 15 A12V\source\repos\SoftWhatsAppCRMDash\SoftWhatsAppCRMDash\wwwroot\lib\highcharts\modules\hollowcandlestick.min.js", "JavaScript", 0, 1, 0, 0, 0, 0, 0, 0, 0, 0, 1
"c:\Users\MSI SWORD 15 A12V\source\repos\SoftWhatsAppCRMDash\SoftWhatsAppCRMDash\wwwroot\lib\highcharts\modules\hollowcandlestick.src.js", "JavaScript", 0, 192, 0, 0, 0, 0, 0, 0, 313, 26, 531
"c:\Users\MSI SWORD 15 A12V\source\repos\SoftWhatsAppCRMDash\SoftWhatsAppCRMDash\wwwroot\lib\highcharts\modules\hollowcandlestick.src.min.js", "JavaScript", 0, 1, 0, 0, 0, 0, 0, 0, 0, 0, 1
"c:\Users\MSI SWORD 15 A12V\source\repos\SoftWhatsAppCRMDash\SoftWhatsAppCRMDash\wwwroot\lib\highcharts\modules\item-series.js", "JavaScript", 0, 2, 0, 0, 0, 0, 0, 0, 9, 0, 11
"c:\Users\MSI SWORD 15 A12V\source\repos\SoftWhatsAppCRMDash\SoftWhatsAppCRMDash\wwwroot\lib\highcharts\modules\item-series.min.js", "JavaScript", 0, 1, 0, 0, 0, 0, 0, 0, 0, 0, 1
"c:\Users\MSI SWORD 15 A12V\source\repos\SoftWhatsAppCRMDash\SoftWhatsAppCRMDash\wwwroot\lib\highcharts\modules\item-series.src.js", "JavaScript", 0, 446, 0, 0, 0, 0, 0, 0, 2620, 30, 3096
"c:\Users\MSI SWORD 15 A12V\source\repos\SoftWhatsAppCRMDash\SoftWhatsAppCRMDash\wwwroot\lib\highcharts\modules\item-series.src.min.js", "JavaScript", 0, 1, 0, 0, 0, 0, 0, 0, 0, 0, 1
"c:\Users\MSI SWORD 15 A12V\source\repos\SoftWhatsAppCRMDash\SoftWhatsAppCRMDash\wwwroot\lib\highcharts\modules\lollipop.js", "JavaScript", 0, 2, 0, 0, 0, 0, 0, 0, 7, 0, 9
"c:\Users\MSI SWORD 15 A12V\source\repos\SoftWhatsAppCRMDash\SoftWhatsAppCRMDash\wwwroot\lib\highcharts\modules\lollipop.min.js", "JavaScript", 0, 1, 0, 0, 0, 0, 0, 0, 0, 0, 1
"c:\Users\MSI SWORD 15 A12V\source\repos\SoftWhatsAppCRMDash\SoftWhatsAppCRMDash\wwwroot\lib\highcharts\modules\lollipop.src.js", "JavaScript", 0, 158, 0, 0, 0, 0, 0, 0, 217, 27, 402
"c:\Users\MSI SWORD 15 A12V\source\repos\SoftWhatsAppCRMDash\SoftWhatsAppCRMDash\wwwroot\lib\highcharts\modules\lollipop.src.min.js", "JavaScript", 0, 1, 0, 0, 0, 0, 0, 0, 0, 0, 1
"c:\Users\MSI SWORD 15 A12V\source\repos\SoftWhatsAppCRMDash\SoftWhatsAppCRMDash\wwwroot\lib\highcharts\modules\map.js", "JavaScript", 0, 3, 0, 0, 0, 0, 0, 0, 18, 0, 21
"c:\Users\MSI SWORD 15 A12V\source\repos\SoftWhatsAppCRMDash\SoftWhatsAppCRMDash\wwwroot\lib\highcharts\modules\map.min.js", "JavaScript", 0, 1, 0, 0, 0, 0, 0, 0, 0, 0, 1
"c:\Users\MSI SWORD 15 A12V\source\repos\SoftWhatsAppCRMDash\SoftWhatsAppCRMDash\wwwroot\lib\highcharts\modules\map.src.js", "JavaScript", 0, 5033, 0, 0, 0, 0, 0, 0, 6216, 260, 11509
"c:\Users\MSI SWORD 15 A12V\source\repos\SoftWhatsAppCRMDash\SoftWhatsAppCRMDash\wwwroot\lib\highcharts\modules\map.src.min.js", "JavaScript", 0, 1, 0, 0, 0, 0, 0, 0, 0, 0, 1
"c:\Users\MSI SWORD 15 A12V\source\repos\SoftWhatsAppCRMDash\SoftWhatsAppCRMDash\wwwroot\lib\highcharts\modules\marker-clusters.js", "JavaScript", 0, 2, 0, 0, 0, 0, 0, 0, 9, 0, 11
"c:\Users\MSI SWORD 15 A12V\source\repos\SoftWhatsAppCRMDash\SoftWhatsAppCRMDash\wwwroot\lib\highcharts\modules\marker-clusters.min.js", "JavaScript", 0, 1, 0, 0, 0, 0, 0, 0, 0, 0, 1
"c:\Users\MSI SWORD 15 A12V\source\repos\SoftWhatsAppCRMDash\SoftWhatsAppCRMDash\wwwroot\lib\highcharts\modules\marker-clusters.src.js", "JavaScript", 0, 1253, 0, 0, 0, 0, 0, 0, 779, 33, 2065
"c:\Users\MSI SWORD 15 A12V\source\repos\SoftWhatsAppCRMDash\SoftWhatsAppCRMDash\wwwroot\lib\highcharts\modules\marker-clusters.src.min.js", "JavaScript", 0, 1, 0, 0, 0, 0, 0, 0, 0, 0, 1
"c:\Users\MSI SWORD 15 A12V\source\repos\SoftWhatsAppCRMDash\SoftWhatsAppCRMDash\wwwroot\lib\highcharts\modules\mouse-wheel-zoom.js", "JavaScript", 0, 2, 0, 0, 0, 0, 0, 0, 9, 0, 11
"c:\Users\MSI SWORD 15 A12V\source\repos\SoftWhatsAppCRMDash\SoftWhatsAppCRMDash\wwwroot\lib\highcharts\modules\mouse-wheel-zoom.min.js", "JavaScript", 0, 1, 0, 0, 0, 0, 0, 0, 0, 0, 1
"c:\Users\MSI SWORD 15 A12V\source\repos\SoftWhatsAppCRMDash\SoftWhatsAppCRMDash\wwwroot\lib\highcharts\modules\mouse-wheel-zoom.src.js", "JavaScript", 0, 203, 0, 0, 0, 0, 0, 0, 189, 18, 410
"c:\Users\MSI SWORD 15 A12V\source\repos\SoftWhatsAppCRMDash\SoftWhatsAppCRMDash\wwwroot\lib\highcharts\modules\mouse-wheel-zoom.src.min.js", "JavaScript", 0, 1, 0, 0, 0, 0, 0, 0, 0, 0, 1
"c:\Users\MSI SWORD 15 A12V\source\repos\SoftWhatsAppCRMDash\SoftWhatsAppCRMDash\wwwroot\lib\highcharts\modules\navigator.js", "JavaScript", 0, 2, 0, 0, 0, 0, 0, 0, 9, 0, 11
"c:\Users\MSI SWORD 15 A12V\source\repos\SoftWhatsAppCRMDash\SoftWhatsAppCRMDash\wwwroot\lib\highcharts\modules\navigator.min.js", "JavaScript", 0, 1, 0, 0, 0, 0, 0, 0, 0, 0, 1
"c:\Users\MSI SWORD 15 A12V\source\repos\SoftWhatsAppCRMDash\SoftWhatsAppCRMDash\wwwroot\lib\highcharts\modules\navigator.src.js", "JavaScript", 0, 2448, 0, 0, 0, 0, 0, 0, 1887, 96, 4431
"c:\Users\MSI SWORD 15 A12V\source\repos\SoftWhatsAppCRMDash\SoftWhatsAppCRMDash\wwwroot\lib\highcharts\modules\navigator.src.min.js", "JavaScript", 0, 1, 0, 0, 0, 0, 0, 0, 0, 0, 1
"c:\Users\MSI SWORD 15 A12V\source\repos\SoftWhatsAppCRMDash\SoftWhatsAppCRMDash\wwwroot\lib\highcharts\modules\networkgraph.js", "JavaScript", 0, 2, 0, 0, 0, 0, 0, 0, 9, 0, 11
"c:\Users\MSI SWORD 15 A12V\source\repos\SoftWhatsAppCRMDash\SoftWhatsAppCRMDash\wwwroot\lib\highcharts\modules\networkgraph.min.js", "JavaScript", 0, 1, 0, 0, 0, 0, 0, 0, 0, 0, 1
"c:\Users\MSI SWORD 15 A12V\source\repos\SoftWhatsAppCRMDash\SoftWhatsAppCRMDash\wwwroot\lib\highcharts\modules\networkgraph.src.js", "JavaScript", 0, 1771, 0, 0, 0, 0, 0, 0, 1674, 76, 3521
"c:\Users\MSI SWORD 15 A12V\source\repos\SoftWhatsAppCRMDash\SoftWhatsAppCRMDash\wwwroot\lib\highcharts\modules\networkgraph.src.min.js", "JavaScript", 0, 1, 0, 0, 0, 0, 0, 0, 0, 0, 1
"c:\Users\MSI SWORD 15 A12V\source\repos\SoftWhatsAppCRMDash\SoftWhatsAppCRMDash\wwwroot\lib\highcharts\modules\no-data-to-display.js", "JavaScript", 0, 2, 0, 0, 0, 0, 0, 0, 10, 0, 12
"c:\Users\MSI SWORD 15 A12V\source\repos\SoftWhatsAppCRMDash\SoftWhatsAppCRMDash\wwwroot\lib\highcharts\modules\no-data-to-display.min.js", "JavaScript", 0, 1, 0, 0, 0, 0, 0, 0, 0, 0, 1
"c:\Users\MSI SWORD 15 A12V\source\repos\SoftWhatsAppCRMDash\SoftWhatsAppCRMDash\wwwroot\lib\highcharts\modules\no-data-to-display.src.js", "JavaScript", 0, 167, 0, 0, 0, 0, 0, 0, 182, 21, 370
"c:\Users\MSI SWORD 15 A12V\source\repos\SoftWhatsAppCRMDash\SoftWhatsAppCRMDash\wwwroot\lib\highcharts\modules\no-data-to-display.src.min.js", "JavaScript", 0, 1, 0, 0, 0, 0, 0, 0, 0, 0, 1
"c:\Users\MSI SWORD 15 A12V\source\repos\SoftWhatsAppCRMDash\SoftWhatsAppCRMDash\wwwroot\lib\highcharts\modules\offline-exporting.js", "JavaScript", 0, 2, 0, 0, 0, 0, 0, 0, 10, 0, 12
"c:\Users\MSI SWORD 15 A12V\source\repos\SoftWhatsAppCRMDash\SoftWhatsAppCRMDash\wwwroot\lib\highcharts\modules\offline-exporting.min.js", "JavaScript", 0, 1, 0, 0, 0, 0, 0, 0, 0, 0, 1
"c:\Users\MSI SWORD 15 A12V\source\repos\SoftWhatsAppCRMDash\SoftWhatsAppCRMDash\wwwroot\lib\highcharts\modules\offline-exporting.src.js", "JavaScript", 0, 1736, 0, 0, 0, 0, 0, 0, 1950, 61, 3747
"c:\Users\MSI SWORD 15 A12V\source\repos\SoftWhatsAppCRMDash\SoftWhatsAppCRMDash\wwwroot\lib\highcharts\modules\offline-exporting.src.min.js", "JavaScript", 0, 1, 0, 0, 0, 0, 0, 0, 0, 0, 1
"c:\Users\MSI SWORD 15 A12V\source\repos\SoftWhatsAppCRMDash\SoftWhatsAppCRMDash\wwwroot\lib\highcharts\modules\organization.js", "JavaScript", 0, 2, 0, 0, 0, 0, 0, 0, 9, 0, 11
"c:\Users\MSI SWORD 15 A12V\source\repos\SoftWhatsAppCRMDash\SoftWhatsAppCRMDash\wwwroot\lib\highcharts\modules\organization.min.js", "JavaScript", 0, 1, 0, 0, 0, 0, 0, 0, 0, 0, 1
"c:\Users\MSI SWORD 15 A12V\source\repos\SoftWhatsAppCRMDash\SoftWhatsAppCRMDash\wwwroot\lib\highcharts\modules\organization.src.js", "JavaScript", 0, 708, 0, 0, 0, 0, 0, 0, 628, 38, 1374
"c:\Users\MSI SWORD 15 A12V\source\repos\SoftWhatsAppCRMDash\SoftWhatsAppCRMDash\wwwroot\lib\highcharts\modules\organization.src.min.js", "JavaScript", 0, 1, 0, 0, 0, 0, 0, 0, 0, 0, 1
"c:\Users\MSI SWORD 15 A12V\source\repos\SoftWhatsAppCRMDash\SoftWhatsAppCRMDash\wwwroot\lib\highcharts\modules\overlapping-datalabels.js", "JavaScript", 0, 2, 0, 0, 0, 0, 0, 0, 7, 0, 9
"c:\Users\MSI SWORD 15 A12V\source\repos\SoftWhatsAppCRMDash\SoftWhatsAppCRMDash\wwwroot\lib\highcharts\modules\overlapping-datalabels.min.js", "JavaScript", 0, 1, 0, 0, 0, 0, 0, 0, 0, 0, 1
"c:\Users\MSI SWORD 15 A12V\source\repos\SoftWhatsAppCRMDash\SoftWhatsAppCRMDash\wwwroot\lib\highcharts\modules\overlapping-datalabels.src.js", "JavaScript", 0, 296, 0, 0, 0, 0, 0, 0, 161, 17, 474
"c:\Users\MSI SWORD 15 A12V\source\repos\SoftWhatsAppCRMDash\SoftWhatsAppCRMDash\wwwroot\lib\highcharts\modules\overlapping-datalabels.src.min.js", "JavaScript", 0, 1, 0, 0, 0, 0, 0, 0, 0, 0, 1
"c:\Users\MSI SWORD 15 A12V\source\repos\SoftWhatsAppCRMDash\SoftWhatsAppCRMDash\wwwroot\lib\highcharts\modules\parallel-coordinates.js", "JavaScript", 0, 2, 0, 0, 0, 0, 0, 0, 9, 0, 11
"c:\Users\MSI SWORD 15 A12V\source\repos\SoftWhatsAppCRMDash\SoftWhatsAppCRMDash\wwwroot\lib\highcharts\modules\parallel-coordinates.min.js", "JavaScript", 0, 1, 0, 0, 0, 0, 0, 0, 0, 0, 1
"c:\Users\MSI SWORD 15 A12V\source\repos\SoftWhatsAppCRMDash\SoftWhatsAppCRMDash\wwwroot\lib\highcharts\modules\parallel-coordinates.src.js", "JavaScript", 0, 388, 0, 0, 0, 0, 0, 0, 354, 31, 773
"c:\Users\MSI SWORD 15 A12V\source\repos\SoftWhatsAppCRMDash\SoftWhatsAppCRMDash\wwwroot\lib\highcharts\modules\parallel-coordinates.src.min.js", "JavaScript", 0, 1, 0, 0, 0, 0, 0, 0, 0, 0, 1
"c:\Users\MSI SWORD 15 A12V\source\repos\SoftWhatsAppCRMDash\SoftWhatsAppCRMDash\wwwroot\lib\highcharts\modules\pareto.js", "JavaScript", 0, 2, 0, 0, 0, 0, 0, 0, 9, 0, 11
"c:\Users\MSI SWORD 15 A12V\source\repos\SoftWhatsAppCRMDash\SoftWhatsAppCRMDash\wwwroot\lib\highcharts\modules\pareto.min.js", "JavaScript", 0, 1, 0, 0, 0, 0, 0, 0, 0, 0, 1
"c:\Users\MSI SWORD 15 A12V\source\repos\SoftWhatsAppCRMDash\SoftWhatsAppCRMDash\wwwroot\lib\highcharts\modules\pareto.src.js", "JavaScript", 0, 193, 0, 0, 0, 0, 0, 0, 233, 30, 456
"c:\Users\MSI SWORD 15 A12V\source\repos\SoftWhatsAppCRMDash\SoftWhatsAppCRMDash\wwwroot\lib\highcharts\modules\pareto.src.min.js", "JavaScript", 0, 1, 0, 0, 0, 0, 0, 0, 0, 0, 1
"c:\Users\MSI SWORD 15 A12V\source\repos\SoftWhatsAppCRMDash\SoftWhatsAppCRMDash\wwwroot\lib\highcharts\modules\pathfinder.js", "JavaScript", 0, 2, 0, 0, 0, 0, 0, 0, 9, 0, 11
"c:\Users\MSI SWORD 15 A12V\source\repos\SoftWhatsAppCRMDash\SoftWhatsAppCRMDash\wwwroot\lib\highcharts\modules\pathfinder.min.js", "JavaScript", 0, 1, 0, 0, 0, 0, 0, 0, 0, 0, 1
"c:\Users\MSI SWORD 15 A12V\source\repos\SoftWhatsAppCRMDash\SoftWhatsAppCRMDash\wwwroot\lib\highcharts\modules\pathfinder.src.js", "JavaScript", 0, 1153, 0, 0, 0, 0, 0, 0, 1260, 41, 2454
"c:\Users\MSI SWORD 15 A12V\source\repos\SoftWhatsAppCRMDash\SoftWhatsAppCRMDash\wwwroot\lib\highcharts\modules\pathfinder.src.min.js", "JavaScript", 0, 1, 0, 0, 0, 0, 0, 0, 0, 0, 1
"c:\Users\MSI SWORD 15 A12V\source\repos\SoftWhatsAppCRMDash\SoftWhatsAppCRMDash\wwwroot\lib\highcharts\modules\pattern-fill.js", "JavaScript", 0, 2, 0, 0, 0, 0, 0, 0, 10, 0, 12
"c:\Users\MSI SWORD 15 A12V\source\repos\SoftWhatsAppCRMDash\SoftWhatsAppCRMDash\wwwroot\lib\highcharts\modules\pattern-fill.min.js", "JavaScript", 0, 1, 0, 0, 0, 0, 0, 0, 0, 0, 1
"c:\Users\MSI SWORD 15 A12V\source\repos\SoftWhatsAppCRMDash\SoftWhatsAppCRMDash\wwwroot\lib\highcharts\modules\pattern-fill.src.js", "JavaScript", 0, 502, 0, 0, 0, 0, 0, 0, 315, 16, 833
"c:\Users\MSI SWORD 15 A12V\source\repos\SoftWhatsAppCRMDash\SoftWhatsAppCRMDash\wwwroot\lib\highcharts\modules\pattern-fill.src.min.js", "JavaScript", 0, 1, 0, 0, 0, 0, 0, 0, 0, 0, 1
"c:\Users\MSI SWORD 15 A12V\source\repos\SoftWhatsAppCRMDash\SoftWhatsAppCRMDash\wwwroot\lib\highcharts\modules\pictorial.js", "JavaScript", 0, 2, 0, 0, 0, 0, 0, 0, 9, 0, 11
"c:\Users\MSI SWORD 15 A12V\source\repos\SoftWhatsAppCRMDash\SoftWhatsAppCRMDash\wwwroot\lib\highcharts\modules\pictorial.min.js", "JavaScript", 0, 1, 0, 0, 0, 0, 0, 0, 0, 0, 1
"c:\Users\MSI SWORD 15 A12V\source\repos\SoftWhatsAppCRMDash\SoftWhatsAppCRMDash\wwwroot\lib\highcharts\modules\pictorial.src.js", "JavaScript", 0, 844, 0, 0, 0, 0, 0, 0, 630, 52, 1526
"c:\Users\MSI SWORD 15 A12V\source\repos\SoftWhatsAppCRMDash\SoftWhatsAppCRMDash\wwwroot\lib\highcharts\modules\pictorial.src.min.js", "JavaScript", 0, 1, 0, 0, 0, 0, 0, 0, 0, 0, 1
"c:\Users\MSI SWORD 15 A12V\source\repos\SoftWhatsAppCRMDash\SoftWhatsAppCRMDash\wwwroot\lib\highcharts\modules\pointandfigure.js", "JavaScript", 0, 2, 0, 0, 0, 0, 0, 0, 10, 0, 12
"c:\Users\MSI SWORD 15 A12V\source\repos\SoftWhatsAppCRMDash\SoftWhatsAppCRMDash\wwwroot\lib\highcharts\modules\pointandfigure.min.js", "JavaScript", 0, 1, 0, 0, 0, 0, 0, 0, 0, 0, 1
"c:\Users\MSI SWORD 15 A12V\source\repos\SoftWhatsAppCRMDash\SoftWhatsAppCRMDash\wwwroot\lib\highcharts\modules\pointandfigure.src.js", "JavaScript", 0, 309, 0, 0, 0, 0, 0, 0, 279, 32, 620
"c:\Users\MSI SWORD 15 A12V\source\repos\SoftWhatsAppCRMDash\SoftWhatsAppCRMDash\wwwroot\lib\highcharts\modules\pointandfigure.src.min.js", "JavaScript", 0, 1, 0, 0, 0, 0, 0, 0, 0, 0, 1
"c:\Users\MSI SWORD 15 A12V\source\repos\SoftWhatsAppCRMDash\SoftWhatsAppCRMDash\wwwroot\lib\highcharts\modules\price-indicator.js", "JavaScript", 0, 2, 0, 0, 0, 0, 0, 0, 11, 0, 13
"c:\Users\MSI SWORD 15 A12V\source\repos\SoftWhatsAppCRMDash\SoftWhatsAppCRMDash\wwwroot\lib\highcharts\modules\price-indicator.min.js", "JavaScript", 0, 1, 0, 0, 0, 0, 0, 0, 0, 0, 1
"c:\Users\MSI SWORD 15 A12V\source\repos\SoftWhatsAppCRMDash\SoftWhatsAppCRMDash\wwwroot\lib\highcharts\modules\price-indicator.src.js", "JavaScript", 0, 152, 0, 0, 0, 0, 0, 0, 276, 15, 443
"c:\Users\MSI SWORD 15 A12V\source\repos\SoftWhatsAppCRMDash\SoftWhatsAppCRMDash\wwwroot\lib\highcharts\modules\price-indicator.src.min.js", "JavaScript", 0, 1, 0, 0, 0, 0, 0, 0, 0, 0, 1
"c:\Users\MSI SWORD 15 A12V\source\repos\SoftWhatsAppCRMDash\SoftWhatsAppCRMDash\wwwroot\lib\highcharts\modules\pyramid3d.js", "JavaScript", 0, 2, 0, 0, 0, 0, 0, 0, 12, 0, 14
"c:\Users\MSI SWORD 15 A12V\source\repos\SoftWhatsAppCRMDash\SoftWhatsAppCRMDash\wwwroot\lib\highcharts\modules\pyramid3d.min.js", "JavaScript", 0, 1, 0, 0, 0, 0, 0, 0, 0, 0, 1
"c:\Users\MSI SWORD 15 A12V\source\repos\SoftWhatsAppCRMDash\SoftWhatsAppCRMDash\wwwroot\lib\highcharts\modules\pyramid3d.src.js", "JavaScript", 0, 102, 0, 0, 0, 0, 0, 0, 175, 21, 298
"c:\Users\MSI SWORD 15 A12V\source\repos\SoftWhatsAppCRMDash\SoftWhatsAppCRMDash\wwwroot\lib\highcharts\modules\pyramid3d.src.min.js", "JavaScript", 0, 1, 0, 0, 0, 0, 0, 0, 0, 0, 1
"c:\Users\MSI SWORD 15 A12V\source\repos\SoftWhatsAppCRMDash\SoftWhatsAppCRMDash\wwwroot\lib\highcharts\modules\renko.js", "JavaScript", 0, 2, 0, 0, 0, 0, 0, 0, 10, 0, 12
"c:\Users\MSI SWORD 15 A12V\source\repos\SoftWhatsAppCRMDash\SoftWhatsAppCRMDash\wwwroot\lib\highcharts\modules\renko.min.js", "JavaScript", 0, 1, 0, 0, 0, 0, 0, 0, 0, 0, 1
"c:\Users\MSI SWORD 15 A12V\source\repos\SoftWhatsAppCRMDash\SoftWhatsAppCRMDash\wwwroot\lib\highcharts\modules\renko.src.js", "JavaScript", 0, 223, 0, 0, 0, 0, 0, 0, 189, 29, 441
"c:\Users\MSI SWORD 15 A12V\source\repos\SoftWhatsAppCRMDash\SoftWhatsAppCRMDash\wwwroot\lib\highcharts\modules\renko.src.min.js", "JavaScript", 0, 1, 0, 0, 0, 0, 0, 0, 0, 0, 1
"c:\Users\MSI SWORD 15 A12V\source\repos\SoftWhatsAppCRMDash\SoftWhatsAppCRMDash\wwwroot\lib\highcharts\modules\sankey.js", "JavaScript", 0, 2, 0, 0, 0, 0, 0, 0, 9, 0, 11
"c:\Users\MSI SWORD 15 A12V\source\repos\SoftWhatsAppCRMDash\SoftWhatsAppCRMDash\wwwroot\lib\highcharts\modules\sankey.min.js", "JavaScript", 0, 1, 0, 0, 0, 0, 0, 0, 0, 0, 1
"c:\Users\MSI SWORD 15 A12V\source\repos\SoftWhatsAppCRMDash\SoftWhatsAppCRMDash\wwwroot\lib\highcharts\modules\sankey.src.js", "JavaScript", 0, 1107, 0, 0, 0, 0, 0, 0, 1201, 58, 2366
"c:\Users\MSI SWORD 15 A12V\source\repos\SoftWhatsAppCRMDash\SoftWhatsAppCRMDash\wwwroot\lib\highcharts\modules\sankey.src.min.js", "JavaScript", 0, 1, 0, 0, 0, 0, 0, 0, 0, 0, 1
"c:\Users\MSI SWORD 15 A12V\source\repos\SoftWhatsAppCRMDash\SoftWhatsAppCRMDash\wwwroot\lib\highcharts\modules\series-label.js", "JavaScript", 0, 2, 0, 0, 0, 0, 0, 0, 7, 0, 9
"c:\Users\MSI SWORD 15 A12V\source\repos\SoftWhatsAppCRMDash\SoftWhatsAppCRMDash\wwwroot\lib\highcharts\modules\series-label.min.js", "JavaScript", 0, 1, 0, 0, 0, 0, 0, 0, 0, 0, 1
"c:\Users\MSI SWORD 15 A12V\source\repos\SoftWhatsAppCRMDash\SoftWhatsAppCRMDash\wwwroot\lib\highcharts\modules\series-label.src.js", "JavaScript", 0, 618, 0, 0, 0, 0, 0, 0, 360, 27, 1005
"c:\Users\MSI SWORD 15 A12V\source\repos\SoftWhatsAppCRMDash\SoftWhatsAppCRMDash\wwwroot\lib\highcharts\modules\series-label.src.min.js", "JavaScript", 0, 1, 0, 0, 0, 0, 0, 0, 0, 0, 1
"c:\Users\MSI SWORD 15 A12V\source\repos\SoftWhatsAppCRMDash\SoftWhatsAppCRMDash\wwwroot\lib\highcharts\modules\series-on-point.js", "JavaScript", 0, 2, 0, 0, 0, 0, 0, 0, 10, 0, 12
"c:\Users\MSI SWORD 15 A12V\source\repos\SoftWhatsAppCRMDash\SoftWhatsAppCRMDash\wwwroot\lib\highcharts\modules\series-on-point.min.js", "JavaScript", 0, 1, 0, 0, 0, 0, 0, 0, 0, 0, 1
"c:\Users\MSI SWORD 15 A12V\source\repos\SoftWhatsAppCRMDash\SoftWhatsAppCRMDash\wwwroot\lib\highcharts\modules\series-on-point.src.js", "JavaScript", 0, 343, 0, 0, 0, 0, 0, 0, 448, 35, 826
"c:\Users\MSI SWORD 15 A12V\source\repos\SoftWhatsAppCRMDash\SoftWhatsAppCRMDash\wwwroot\lib\highcharts\modules\series-on-point.src.min.js", "JavaScript", 0, 1, 0, 0, 0, 0, 0, 0, 0, 0, 1
"c:\Users\MSI SWORD 15 A12V\source\repos\SoftWhatsAppCRMDash\SoftWhatsAppCRMDash\wwwroot\lib\highcharts\modules\solid-gauge.js", "JavaScript", 0, 2, 0, 0, 0, 0, 0, 0, 10, 0, 12
"c:\Users\MSI SWORD 15 A12V\source\repos\SoftWhatsAppCRMDash\SoftWhatsAppCRMDash\wwwroot\lib\highcharts\modules\solid-gauge.min.js", "JavaScript", 0, 1, 0, 0, 0, 0, 0, 0, 0, 0, 1
"c:\Users\MSI SWORD 15 A12V\source\repos\SoftWhatsAppCRMDash\SoftWhatsAppCRMDash\wwwroot\lib\highcharts\modules\solid-gauge.src.js", "JavaScript", 0, 524, 0, 0, 0, 0, 0, 0, 499, 39, 1062
"c:\Users\MSI SWORD 15 A12V\source\repos\SoftWhatsAppCRMDash\SoftWhatsAppCRMDash\wwwroot\lib\highcharts\modules\solid-gauge.src.min.js", "JavaScript", 0, 1, 0, 0, 0, 0, 0, 0, 0, 0, 1
"c:\Users\MSI SWORD 15 A12V\source\repos\SoftWhatsAppCRMDash\SoftWhatsAppCRMDash\wwwroot\lib\highcharts\modules\sonification.js", "JavaScript", 0, 2, 0, 0, 0, 0, 0, 0, 10, 0, 12
"c:\Users\MSI SWORD 15 A12V\source\repos\SoftWhatsAppCRMDash\SoftWhatsAppCRMDash\wwwroot\lib\highcharts\modules\sonification.min.js", "JavaScript", 0, 1, 0, 0, 0, 0, 0, 0, 0, 0, 1
"c:\Users\MSI SWORD 15 A12V\source\repos\SoftWhatsAppCRMDash\SoftWhatsAppCRMDash\wwwroot\lib\highcharts\modules\sonification.src.js", "JavaScript", 0, 3273, 0, 0, 0, 0, 0, 0, 2278, 70, 5621
"c:\Users\MSI SWORD 15 A12V\source\repos\SoftWhatsAppCRMDash\SoftWhatsAppCRMDash\wwwroot\lib\highcharts\modules\sonification.src.min.js", "JavaScript", 0, 1, 0, 0, 0, 0, 0, 0, 0, 0, 1
"c:\Users\MSI SWORD 15 A12V\source\repos\SoftWhatsAppCRMDash\SoftWhatsAppCRMDash\wwwroot\lib\highcharts\modules\static-scale.js", "JavaScript", 0, 2, 0, 0, 0, 0, 0, 0, 9, 0, 11
"c:\Users\MSI SWORD 15 A12V\source\repos\SoftWhatsAppCRMDash\SoftWhatsAppCRMDash\wwwroot\lib\highcharts\modules\static-scale.min.js", "JavaScript", 0, 1, 0, 0, 0, 0, 0, 0, 0, 0, 1
"c:\Users\MSI SWORD 15 A12V\source\repos\SoftWhatsAppCRMDash\SoftWhatsAppCRMDash\wwwroot\lib\highcharts\modules\static-scale.src.js", "JavaScript", 0, 136, 0, 0, 0, 0, 0, 0, 69, 14, 219
"c:\Users\MSI SWORD 15 A12V\source\repos\SoftWhatsAppCRMDash\SoftWhatsAppCRMDash\wwwroot\lib\highcharts\modules\static-scale.src.min.js", "JavaScript", 0, 1, 0, 0, 0, 0, 0, 0, 0, 0, 1
"c:\Users\MSI SWORD 15 A12V\source\repos\SoftWhatsAppCRMDash\SoftWhatsAppCRMDash\wwwroot\lib\highcharts\modules\stock-tools.js", "JavaScript", 0, 2, 0, 0, 0, 0, 0, 0, 11, 0, 13
"c:\Users\MSI SWORD 15 A12V\source\repos\SoftWhatsAppCRMDash\SoftWhatsAppCRMDash\wwwroot\lib\highcharts\modules\stock-tools.min.js", "JavaScript", 0, 1, 0, 0, 0, 0, 0, 0, 0, 0, 1
"c:\Users\MSI SWORD 15 A12V\source\repos\SoftWhatsAppCRMDash\SoftWhatsAppCRMDash\wwwroot\lib\highcharts\modules\stock-tools.src.js", "JavaScript", 0, 3278, 0, 0, 0, 0, 0, 0, 2439, 73, 5790
"c:\Users\MSI SWORD 15 A12V\source\repos\SoftWhatsAppCRMDash\SoftWhatsAppCRMDash\wwwroot\lib\highcharts\modules\stock-tools.src.min.js", "JavaScript", 0, 1, 0, 0, 0, 0, 0, 0, 0, 0, 1
"c:\Users\MSI SWORD 15 A12V\source\repos\SoftWhatsAppCRMDash\SoftWhatsAppCRMDash\wwwroot\lib\highcharts\modules\stock.js", "JavaScript", 0, 4, 0, 0, 0, 0, 0, 0, 25, 0, 29
"c:\Users\MSI SWORD 15 A12V\source\repos\SoftWhatsAppCRMDash\SoftWhatsAppCRMDash\wwwroot\lib\highcharts\modules\stock.min.js", "JavaScript", 0, 1, 0, 0, 0, 0, 0, 0, 0, 0, 1
"c:\Users\MSI SWORD 15 A12V\source\repos\SoftWhatsAppCRMDash\SoftWhatsAppCRMDash\wwwroot\lib\highcharts\modules\stock.src.js", "JavaScript", 0, 7201, 0, 0, 0, 0, 0, 0, 6281, 269, 13751
"c:\Users\MSI SWORD 15 A12V\source\repos\SoftWhatsAppCRMDash\SoftWhatsAppCRMDash\wwwroot\lib\highcharts\modules\stock.src.min.js", "JavaScript", 0, 1, 0, 0, 0, 0, 0, 0, 0, 0, 1
"c:\Users\MSI SWORD 15 A12V\source\repos\SoftWhatsAppCRMDash\SoftWhatsAppCRMDash\wwwroot\lib\highcharts\modules\streamgraph.js", "JavaScript", 0, 2, 0, 0, 0, 0, 0, 0, 9, 0, 11
"c:\Users\MSI SWORD 15 A12V\source\repos\SoftWhatsAppCRMDash\SoftWhatsAppCRMDash\wwwroot\lib\highcharts\modules\streamgraph.min.js", "JavaScript", 0, 1, 0, 0, 0, 0, 0, 0, 0, 0, 1
"c:\Users\MSI SWORD 15 A12V\source\repos\SoftWhatsAppCRMDash\SoftWhatsAppCRMDash\wwwroot\lib\highcharts\modules\streamgraph.src.js", "JavaScript", 0, 115, 0, 0, 0, 0, 0, 0, 208, 21, 344
"c:\Users\MSI SWORD 15 A12V\source\repos\SoftWhatsAppCRMDash\SoftWhatsAppCRMDash\wwwroot\lib\highcharts\modules\streamgraph.src.min.js", "JavaScript", 0, 1, 0, 0, 0, 0, 0, 0, 0, 0, 1
"c:\Users\MSI SWORD 15 A12V\source\repos\SoftWhatsAppCRMDash\SoftWhatsAppCRMDash\wwwroot\lib\highcharts\modules\sunburst.js", "JavaScript", 0, 2, 0, 0, 0, 0, 0, 0, 8, 0, 10
"c:\Users\MSI SWORD 15 A12V\source\repos\SoftWhatsAppCRMDash\SoftWhatsAppCRMDash\wwwroot\lib\highcharts\modules\sunburst.min.js", "JavaScript", 0, 1, 0, 0, 0, 0, 0, 0, 0, 0, 1
"c:\Users\MSI SWORD 15 A12V\source\repos\SoftWhatsAppCRMDash\SoftWhatsAppCRMDash\wwwroot\lib\highcharts\modules\sunburst.src.js", "JavaScript", 0, 2598, 0, 0, 0, 0, 0, 0, 2490, 111, 5199
"c:\Users\MSI SWORD 15 A12V\source\repos\SoftWhatsAppCRMDash\SoftWhatsAppCRMDash\wwwroot\lib\highcharts\modules\sunburst.src.min.js", "JavaScript", 0, 1, 0, 0, 0, 0, 0, 0, 0, 0, 1
"c:\Users\MSI SWORD 15 A12V\source\repos\SoftWhatsAppCRMDash\SoftWhatsAppCRMDash\wwwroot\lib\highcharts\modules\textpath.js", "JavaScript", 0, 2, 0, 0, 0, 0, 0, 0, 7, 0, 9
"c:\Users\MSI SWORD 15 A12V\source\repos\SoftWhatsAppCRMDash\SoftWhatsAppCRMDash\wwwroot\lib\highcharts\modules\textpath.min.js", "JavaScript", 0, 1, 0, 0, 0, 0, 0, 0, 0, 0, 1
"c:\Users\MSI SWORD 15 A12V\source\repos\SoftWhatsAppCRMDash\SoftWhatsAppCRMDash\wwwroot\lib\highcharts\modules\textpath.src.js", "JavaScript", 0, 231, 0, 0, 0, 0, 0, 0, 95, 15, 341
"c:\Users\MSI SWORD 15 A12V\source\repos\SoftWhatsAppCRMDash\SoftWhatsAppCRMDash\wwwroot\lib\highcharts\modules\textpath.src.min.js", "JavaScript", 0, 1, 0, 0, 0, 0, 0, 0, 0, 0, 1
"c:\Users\MSI SWORD 15 A12V\source\repos\SoftWhatsAppCRMDash\SoftWhatsAppCRMDash\wwwroot\lib\highcharts\modules\tiledwebmap.js", "JavaScript", 0, 5, 0, 0, 0, 0, 0, 0, 7, 0, 12
"c:\Users\MSI SWORD 15 A12V\source\repos\SoftWhatsAppCRMDash\SoftWhatsAppCRMDash\wwwroot\lib\highcharts\modules\tiledwebmap.min.js", "JavaScript", 0, 4, 0, 0, 0, 0, 0, 0, 0, 0, 4
"c:\Users\MSI SWORD 15 A12V\source\repos\SoftWhatsAppCRMDash\SoftWhatsAppCRMDash\wwwroot\lib\highcharts\modules\tiledwebmap.src.js", "JavaScript", 0, 767, 0, 0, 0, 0, 0, 0, 371, 44, 1182
"c:\Users\MSI SWORD 15 A12V\source\repos\SoftWhatsAppCRMDash\SoftWhatsAppCRMDash\wwwroot\lib\highcharts\modules\tiledwebmap.src.min.js", "JavaScript", 0, 4, 0, 0, 0, 0, 0, 0, 0, 0, 4
"c:\Users\MSI SWORD 15 A12V\source\repos\SoftWhatsAppCRMDash\SoftWhatsAppCRMDash\wwwroot\lib\highcharts\modules\tilemap.js", "JavaScript", 0, 2, 0, 0, 0, 0, 0, 0, 10, 0, 12
"c:\Users\MSI SWORD 15 A12V\source\repos\SoftWhatsAppCRMDash\SoftWhatsAppCRMDash\wwwroot\lib\highcharts\modules\tilemap.min.js", "JavaScript", 0, 1, 0, 0, 0, 0, 0, 0, 0, 0, 1
"c:\Users\MSI SWORD 15 A12V\source\repos\SoftWhatsAppCRMDash\SoftWhatsAppCRMDash\wwwroot\lib\highcharts\modules\tilemap.src.js", "JavaScript", 0, 579, 0, 0, 0, 0, 0, 0, 534, 41, 1154
"c:\Users\MSI SWORD 15 A12V\source\repos\SoftWhatsAppCRMDash\SoftWhatsAppCRMDash\wwwroot\lib\highcharts\modules\tilemap.src.min.js", "JavaScript", 0, 1, 0, 0, 0, 0, 0, 0, 0, 0, 1
"c:\Users\MSI SWORD 15 A12V\source\repos\SoftWhatsAppCRMDash\SoftWhatsAppCRMDash\wwwroot\lib\highcharts\modules\timeline.js", "JavaScript", 0, 2, 0, 0, 0, 0, 0, 0, 10, 0, 12
"c:\Users\MSI SWORD 15 A12V\source\repos\SoftWhatsAppCRMDash\SoftWhatsAppCRMDash\wwwroot\lib\highcharts\modules\timeline.min.js", "JavaScript", 0, 1, 0, 0, 0, 0, 0, 0, 0, 0, 1
"c:\Users\MSI SWORD 15 A12V\source\repos\SoftWhatsAppCRMDash\SoftWhatsAppCRMDash\wwwroot\lib\highcharts\modules\timeline.src.js", "JavaScript", 0, 442, 0, 0, 0, 0, 0, 0, 326, 30, 798
"c:\Users\MSI SWORD 15 A12V\source\repos\SoftWhatsAppCRMDash\SoftWhatsAppCRMDash\wwwroot\lib\highcharts\modules\timeline.src.min.js", "JavaScript", 0, 1, 0, 0, 0, 0, 0, 0, 0, 0, 1
"c:\Users\MSI SWORD 15 A12V\source\repos\SoftWhatsAppCRMDash\SoftWhatsAppCRMDash\wwwroot\lib\highcharts\modules\treegraph.js", "JavaScript", 0, 2, 0, 0, 0, 0, 0, 0, 9, 0, 11
"c:\Users\MSI SWORD 15 A12V\source\repos\SoftWhatsAppCRMDash\SoftWhatsAppCRMDash\wwwroot\lib\highcharts\modules\treegraph.min.js", "JavaScript", 0, 1, 0, 0, 0, 0, 0, 0, 0, 0, 1
"c:\Users\MSI SWORD 15 A12V\source\repos\SoftWhatsAppCRMDash\SoftWhatsAppCRMDash\wwwroot\lib\highcharts\modules\treegraph.src.js", "JavaScript", 0, 1341, 0, 0, 0, 0, 0, 0, 952, 68, 2361
"c:\Users\MSI SWORD 15 A12V\source\repos\SoftWhatsAppCRMDash\SoftWhatsAppCRMDash\wwwroot\lib\highcharts\modules\treegraph.src.min.js", "JavaScript", 0, 1, 0, 0, 0, 0, 0, 0, 0, 0, 1
"c:\Users\MSI SWORD 15 A12V\source\repos\SoftWhatsAppCRMDash\SoftWhatsAppCRMDash\wwwroot\lib\highcharts\modules\treegrid.js", "JavaScript", 0, 2, 0, 0, 0, 0, 0, 0, 9, 0, 11
"c:\Users\MSI SWORD 15 A12V\source\repos\SoftWhatsAppCRMDash\SoftWhatsAppCRMDash\wwwroot\lib\highcharts\modules\treegrid.min.js", "JavaScript", 0, 1, 0, 0, 0, 0, 0, 0, 0, 0, 1
"c:\Users\MSI SWORD 15 A12V\source\repos\SoftWhatsAppCRMDash\SoftWhatsAppCRMDash\wwwroot\lib\highcharts\modules\treegrid.src.js", "JavaScript", 0, 1966, 0, 0, 0, 0, 0, 0, 1211, 47, 3224
"c:\Users\MSI SWORD 15 A12V\source\repos\SoftWhatsAppCRMDash\SoftWhatsAppCRMDash\wwwroot\lib\highcharts\modules\treegrid.src.min.js", "JavaScript", 0, 1, 0, 0, 0, 0, 0, 0, 0, 0, 1
"c:\Users\MSI SWORD 15 A12V\source\repos\SoftWhatsAppCRMDash\SoftWhatsAppCRMDash\wwwroot\lib\highcharts\modules\treemap.js", "JavaScript", 0, 2, 0, 0, 0, 0, 0, 0, 8, 0, 10
"c:\Users\MSI SWORD 15 A12V\source\repos\SoftWhatsAppCRMDash\SoftWhatsAppCRMDash\wwwroot\lib\highcharts\modules\treemap.min.js", "JavaScript", 0, 1, 0, 0, 0, 0, 0, 0, 0, 0, 1
"c:\Users\MSI SWORD 15 A12V\source\repos\SoftWhatsAppCRMDash\SoftWhatsAppCRMDash\wwwroot\lib\highcharts\modules\treemap.src.js", "JavaScript", 0, 1740, 0, 0, 0, 0, 0, 0, 1773, 72, 3585
"c:\Users\MSI SWORD 15 A12V\source\repos\SoftWhatsAppCRMDash\SoftWhatsAppCRMDash\wwwroot\lib\highcharts\modules\treemap.src.min.js", "JavaScript", 0, 1, 0, 0, 0, 0, 0, 0, 0, 0, 1
"c:\Users\MSI SWORD 15 A12V\source\repos\SoftWhatsAppCRMDash\SoftWhatsAppCRMDash\wwwroot\lib\highcharts\modules\variable-pie.js", "JavaScript", 0, 2, 0, 0, 0, 0, 0, 0, 9, 0, 11
"c:\Users\MSI SWORD 15 A12V\source\repos\SoftWhatsAppCRMDash\SoftWhatsAppCRMDash\wwwroot\lib\highcharts\modules\variable-pie.min.js", "JavaScript", 0, 1, 0, 0, 0, 0, 0, 0, 0, 0, 1
"c:\Users\MSI SWORD 15 A12V\source\repos\SoftWhatsAppCRMDash\SoftWhatsAppCRMDash\wwwroot\lib\highcharts\modules\variable-pie.src.js", "JavaScript", 0, 241, 0, 0, 0, 0, 0, 0, 296, 21, 558
"c:\Users\MSI SWORD 15 A12V\source\repos\SoftWhatsAppCRMDash\SoftWhatsAppCRMDash\wwwroot\lib\highcharts\modules\variable-pie.src.min.js", "JavaScript", 0, 1, 0, 0, 0, 0, 0, 0, 0, 0, 1
"c:\Users\MSI SWORD 15 A12V\source\repos\SoftWhatsAppCRMDash\SoftWhatsAppCRMDash\wwwroot\lib\highcharts\modules\variwide.js", "JavaScript", 0, 2, 0, 0, 0, 0, 0, 0, 9, 0, 11
"c:\Users\MSI SWORD 15 A12V\source\repos\SoftWhatsAppCRMDash\SoftWhatsAppCRMDash\wwwroot\lib\highcharts\modules\variwide.min.js", "JavaScript", 0, 1, 0, 0, 0, 0, 0, 0, 0, 0, 1
"c:\Users\MSI SWORD 15 A12V\source\repos\SoftWhatsAppCRMDash\SoftWhatsAppCRMDash\wwwroot\lib\highcharts\modules\variwide.src.js", "JavaScript", 0, 279, 0, 0, 0, 0, 0, 0, 289, 31, 599
"c:\Users\MSI SWORD 15 A12V\source\repos\SoftWhatsAppCRMDash\SoftWhatsAppCRMDash\wwwroot\lib\highcharts\modules\variwide.src.min.js", "JavaScript", 0, 1, 0, 0, 0, 0, 0, 0, 0, 0, 1
"c:\Users\MSI SWORD 15 A12V\source\repos\SoftWhatsAppCRMDash\SoftWhatsAppCRMDash\wwwroot\lib\highcharts\modules\vector.js", "JavaScript", 0, 2, 0, 0, 0, 0, 0, 0, 9, 0, 11
"c:\Users\MSI SWORD 15 A12V\source\repos\SoftWhatsAppCRMDash\SoftWhatsAppCRMDash\wwwroot\lib\highcharts\modules\vector.min.js", "JavaScript", 0, 1, 0, 0, 0, 0, 0, 0, 0, 0, 1
"c:\Users\MSI SWORD 15 A12V\source\repos\SoftWhatsAppCRMDash\SoftWhatsAppCRMDash\wwwroot\lib\highcharts\modules\vector.src.js", "JavaScript", 0, 193, 0, 0, 0, 0, 0, 0, 259, 23, 475
"c:\Users\MSI SWORD 15 A12V\source\repos\SoftWhatsAppCRMDash\SoftWhatsAppCRMDash\wwwroot\lib\highcharts\modules\vector.src.min.js", "JavaScript", 0, 1, 0, 0, 0, 0, 0, 0, 0, 0, 1
"c:\Users\MSI SWORD 15 A12V\source\repos\SoftWhatsAppCRMDash\SoftWhatsAppCRMDash\wwwroot\lib\highcharts\modules\venn.js", "JavaScript", 0, 2, 0, 0, 0, 0, 0, 0, 8, 0, 10
"c:\Users\MSI SWORD 15 A12V\source\repos\SoftWhatsAppCRMDash\SoftWhatsAppCRMDash\wwwroot\lib\highcharts\modules\venn.min.js", "JavaScript", 0, 1, 0, 0, 0, 0, 0, 0, 0, 0, 1
"c:\Users\MSI SWORD 15 A12V\source\repos\SoftWhatsAppCRMDash\SoftWhatsAppCRMDash\wwwroot\lib\highcharts\modules\venn.src.js", "JavaScript", 0, 1061, 0, 0, 0, 0, 0, 0, 939, 47, 2047
"c:\Users\MSI SWORD 15 A12V\source\repos\SoftWhatsAppCRMDash\SoftWhatsAppCRMDash\wwwroot\lib\highcharts\modules\venn.src.min.js", "JavaScript", 0, 1, 0, 0, 0, 0, 0, 0, 0, 0, 1
"c:\Users\MSI SWORD 15 A12V\source\repos\SoftWhatsAppCRMDash\SoftWhatsAppCRMDash\wwwroot\lib\highcharts\modules\windbarb.js", "JavaScript", 0, 2, 0, 0, 0, 0, 0, 0, 9, 0, 11
"c:\Users\MSI SWORD 15 A12V\source\repos\SoftWhatsAppCRMDash\SoftWhatsAppCRMDash\wwwroot\lib\highcharts\modules\windbarb.min.js", "JavaScript", 0, 1, 0, 0, 0, 0, 0, 0, 0, 0, 1
"c:\Users\MSI SWORD 15 A12V\source\repos\SoftWhatsAppCRMDash\SoftWhatsAppCRMDash\wwwroot\lib\highcharts\modules\windbarb.src.js", "JavaScript", 0, 457, 0, 0, 0, 0, 0, 0, 361, 44, 862
"c:\Users\MSI SWORD 15 A12V\source\repos\SoftWhatsAppCRMDash\SoftWhatsAppCRMDash\wwwroot\lib\highcharts\modules\windbarb.src.min.js", "JavaScript", 0, 1, 0, 0, 0, 0, 0, 0, 0, 0, 1
"c:\Users\MSI SWORD 15 A12V\source\repos\SoftWhatsAppCRMDash\SoftWhatsAppCRMDash\wwwroot\lib\highcharts\modules\wordcloud.js", "JavaScript", 0, 2, 0, 0, 0, 0, 0, 0, 8, 0, 10
"c:\Users\MSI SWORD 15 A12V\source\repos\SoftWhatsAppCRMDash\SoftWhatsAppCRMDash\wwwroot\lib\highcharts\modules\wordcloud.min.js", "JavaScript", 0, 1, 0, 0, 0, 0, 0, 0, 0, 0, 1
"c:\Users\MSI SWORD 15 A12V\source\repos\SoftWhatsAppCRMDash\SoftWhatsAppCRMDash\wwwroot\lib\highcharts\modules\wordcloud.src.js", "JavaScript", 0, 708, 0, 0, 0, 0, 0, 0, 709, 35, 1452
"c:\Users\MSI SWORD 15 A12V\source\repos\SoftWhatsAppCRMDash\SoftWhatsAppCRMDash\wwwroot\lib\highcharts\modules\wordcloud.src.min.js", "JavaScript", 0, 1, 0, 0, 0, 0, 0, 0, 0, 0, 1
"c:\Users\MSI SWORD 15 A12V\source\repos\SoftWhatsAppCRMDash\SoftWhatsAppCRMDash\wwwroot\lib\highcharts\modules\xrange.js", "JavaScript", 0, 2, 0, 0, 0, 0, 0, 0, 9, 0, 11
"c:\Users\MSI SWORD 15 A12V\source\repos\SoftWhatsAppCRMDash\SoftWhatsAppCRMDash\wwwroot\lib\highcharts\modules\xrange.min.js", "JavaScript", 0, 1, 0, 0, 0, 0, 0, 0, 0, 0, 1
"c:\Users\MSI SWORD 15 A12V\source\repos\SoftWhatsAppCRMDash\SoftWhatsAppCRMDash\wwwroot\lib\highcharts\modules\xrange.src.js", "JavaScript", 0, 466, 0, 0, 0, 0, 0, 0, 427, 32, 925
"c:\Users\MSI SWORD 15 A12V\source\repos\SoftWhatsAppCRMDash\SoftWhatsAppCRMDash\wwwroot\lib\highcharts\modules\xrange.src.min.js", "JavaScript", 0, 1, 0, 0, 0, 0, 0, 0, 0, 0, 1
"c:\Users\MSI SWORD 15 A12V\source\repos\SoftWhatsAppCRMDash\SoftWhatsAppCRMDash\wwwroot\lib\highcharts\standalone-navigator.js", "JavaScript", 0, 3, 0, 0, 0, 0, 0, 0, 6, 0, 9
"c:\Users\MSI SWORD 15 A12V\source\repos\SoftWhatsAppCRMDash\SoftWhatsAppCRMDash\wwwroot\lib\highcharts\standalone-navigator.min.js", "JavaScript", 0, 2, 0, 0, 0, 0, 0, 0, 0, 0, 2
"c:\Users\MSI SWORD 15 A12V\source\repos\SoftWhatsAppCRMDash\SoftWhatsAppCRMDash\wwwroot\lib\highcharts\standalone-navigator.src.js", "JavaScript", 0, 20788, 0, 0, 0, 0, 0, 0, 29548, 427, 50763
"c:\Users\MSI SWORD 15 A12V\source\repos\SoftWhatsAppCRMDash\SoftWhatsAppCRMDash\wwwroot\lib\highcharts\standalone-navigator.src.min.js", "JavaScript", 0, 2, 0, 0, 0, 0, 0, 0, 0, 0, 2
"c:\Users\MSI SWORD 15 A12V\source\repos\SoftWhatsAppCRMDash\SoftWhatsAppCRMDash\wwwroot\lib\highcharts\themes\avocado.js", "JavaScript", 0, 2, 0, 0, 0, 0, 0, 0, 7, 0, 9
"c:\Users\MSI SWORD 15 A12V\source\repos\SoftWhatsAppCRMDash\SoftWhatsAppCRMDash\wwwroot\lib\highcharts\themes\avocado.min.js", "JavaScript", 0, 1, 0, 0, 0, 0, 0, 0, 0, 0, 1
"c:\Users\MSI SWORD 15 A12V\source\repos\SoftWhatsAppCRMDash\SoftWhatsAppCRMDash\wwwroot\lib\highcharts\themes\avocado.src.js", "JavaScript", 0, 108, 0, 0, 0, 0, 0, 0, 58, 14, 180
"c:\Users\MSI SWORD 15 A12V\source\repos\SoftWhatsAppCRMDash\SoftWhatsAppCRMDash\wwwroot\lib\highcharts\themes\avocado.src.min.js", "JavaScript", 0, 1, 0, 0, 0, 0, 0, 0, 0, 0, 1
"c:\Users\MSI SWORD 15 A12V\source\repos\SoftWhatsAppCRMDash\SoftWhatsAppCRMDash\wwwroot\lib\highcharts\themes\brand-dark.js", "JavaScript", 0, 2, 0, 0, 0, 0, 0, 0, 7, 0, 9
"c:\Users\MSI SWORD 15 A12V\source\repos\SoftWhatsAppCRMDash\SoftWhatsAppCRMDash\wwwroot\lib\highcharts\themes\brand-dark.min.js", "JavaScript", 0, 1, 0, 0, 0, 0, 0, 0, 0, 0, 1
"c:\Users\MSI SWORD 15 A12V\source\repos\SoftWhatsAppCRMDash\SoftWhatsAppCRMDash\wwwroot\lib\highcharts\themes\brand-dark.src.js", "JavaScript", 0, 339, 0, 0, 0, 0, 0, 0, 60, 15, 414
"c:\Users\MSI SWORD 15 A12V\source\repos\SoftWhatsAppCRMDash\SoftWhatsAppCRMDash\wwwroot\lib\highcharts\themes\brand-dark.src.min.js", "JavaScript", 0, 1, 0, 0, 0, 0, 0, 0, 0, 0, 1
"c:\Users\MSI SWORD 15 A12V\source\repos\SoftWhatsAppCRMDash\SoftWhatsAppCRMDash\wwwroot\lib\highcharts\themes\brand-light.js", "JavaScript", 0, 2, 0, 0, 0, 0, 0, 0, 7, 0, 9
"c:\Users\MSI SWORD 15 A12V\source\repos\SoftWhatsAppCRMDash\SoftWhatsAppCRMDash\wwwroot\lib\highcharts\themes\brand-light.min.js", "JavaScript", 0, 1, 0, 0, 0, 0, 0, 0, 0, 0, 1
"c:\Users\MSI SWORD 15 A12V\source\repos\SoftWhatsAppCRMDash\SoftWhatsAppCRMDash\wwwroot\lib\highcharts\themes\brand-light.src.js", "JavaScript", 0, 294, 0, 0, 0, 0, 0, 0, 60, 15, 369
"c:\Users\MSI SWORD 15 A12V\source\repos\SoftWhatsAppCRMDash\SoftWhatsAppCRMDash\wwwroot\lib\highcharts\themes\brand-light.src.min.js", "JavaScript", 0, 1, 0, 0, 0, 0, 0, 0, 0, 0, 1
"c:\Users\MSI SWORD 15 A12V\source\repos\SoftWhatsAppCRMDash\SoftWhatsAppCRMDash\wwwroot\lib\highcharts\themes\dark-blue.js", "JavaScript", 0, 2, 0, 0, 0, 0, 0, 0, 7, 0, 9
"c:\Users\MSI SWORD 15 A12V\source\repos\SoftWhatsAppCRMDash\SoftWhatsAppCRMDash\wwwroot\lib\highcharts\themes\dark-blue.min.js", "JavaScript", 0, 1, 0, 0, 0, 0, 0, 0, 0, 0, 1
"c:\Users\MSI SWORD 15 A12V\source\repos\SoftWhatsAppCRMDash\SoftWhatsAppCRMDash\wwwroot\lib\highcharts\themes\dark-blue.src.js", "JavaScript", 0, 318, 0, 0, 0, 0, 0, 0, 56, 14, 388
"c:\Users\MSI SWORD 15 A12V\source\repos\SoftWhatsAppCRMDash\SoftWhatsAppCRMDash\wwwroot\lib\highcharts\themes\dark-blue.src.min.js", "JavaScript", 0, 1, 0, 0, 0, 0, 0, 0, 0, 0, 1
"c:\Users\MSI SWORD 15 A12V\source\repos\SoftWhatsAppCRMDash\SoftWhatsAppCRMDash\wwwroot\lib\highcharts\themes\dark-green.js", "JavaScript", 0, 2, 0, 0, 0, 0, 0, 0, 7, 0, 9
"c:\Users\MSI SWORD 15 A12V\source\repos\SoftWhatsAppCRMDash\SoftWhatsAppCRMDash\wwwroot\lib\highcharts\themes\dark-green.min.js", "JavaScript", 0, 1, 0, 0, 0, 0, 0, 0, 0, 0, 1
"c:\Users\MSI SWORD 15 A12V\source\repos\SoftWhatsAppCRMDash\SoftWhatsAppCRMDash\wwwroot\lib\highcharts\themes\dark-green.src.js", "JavaScript", 0, 318, 0, 0, 0, 0, 0, 0, 56, 14, 388
"c:\Users\MSI SWORD 15 A12V\source\repos\SoftWhatsAppCRMDash\SoftWhatsAppCRMDash\wwwroot\lib\highcharts\themes\dark-green.src.min.js", "JavaScript", 0, 1, 0, 0, 0, 0, 0, 0, 0, 0, 1
"c:\Users\MSI SWORD 15 A12V\source\repos\SoftWhatsAppCRMDash\SoftWhatsAppCRMDash\wwwroot\lib\highcharts\themes\dark-unica.js", "JavaScript", 0, 2, 0, 0, 0, 0, 0, 0, 7, 0, 9
"c:\Users\MSI SWORD 15 A12V\source\repos\SoftWhatsAppCRMDash\SoftWhatsAppCRMDash\wwwroot\lib\highcharts\themes\dark-unica.min.js", "JavaScript", 0, 1, 0, 0, 0, 0, 0, 0, 0, 0, 1
"c:\Users\MSI SWORD 15 A12V\source\repos\SoftWhatsAppCRMDash\SoftWhatsAppCRMDash\wwwroot\lib\highcharts\themes\dark-unica.src.js", "JavaScript", 0, 284, 0, 0, 0, 0, 0, 0, 58, 15, 357
"c:\Users\MSI SWORD 15 A12V\source\repos\SoftWhatsAppCRMDash\SoftWhatsAppCRMDash\wwwroot\lib\highcharts\themes\dark-unica.src.min.js", "JavaScript", 0, 1, 0, 0, 0, 0, 0, 0, 0, 0, 1
"c:\Users\MSI SWORD 15 A12V\source\repos\SoftWhatsAppCRMDash\SoftWhatsAppCRMDash\wwwroot\lib\highcharts\themes\gray.js", "JavaScript", 0, 2, 0, 0, 0, 0, 0, 0, 7, 0, 9
"c:\Users\MSI SWORD 15 A12V\source\repos\SoftWhatsAppCRMDash\SoftWhatsAppCRMDash\wwwroot\lib\highcharts\themes\gray.min.js", "JavaScript", 0, 1, 0, 0, 0, 0, 0, 0, 0, 0, 1
"c:\Users\MSI SWORD 15 A12V\source\repos\SoftWhatsAppCRMDash\SoftWhatsAppCRMDash\wwwroot\lib\highcharts\themes\gray.src.js", "JavaScript", 0, 327, 0, 0, 0, 0, 0, 0, 56, 14, 397
"c:\Users\MSI SWORD 15 A12V\source\repos\SoftWhatsAppCRMDash\SoftWhatsAppCRMDash\wwwroot\lib\highcharts\themes\gray.src.min.js", "JavaScript", 0, 1, 0, 0, 0, 0, 0, 0, 0, 0, 1
"c:\Users\MSI SWORD 15 A12V\source\repos\SoftWhatsAppCRMDash\SoftWhatsAppCRMDash\wwwroot\lib\highcharts\themes\grid-light.js", "JavaScript", 0, 2, 0, 0, 0, 0, 0, 0, 7, 0, 9
"c:\Users\MSI SWORD 15 A12V\source\repos\SoftWhatsAppCRMDash\SoftWhatsAppCRMDash\wwwroot\lib\highcharts\themes\grid-light.min.js", "JavaScript", 0, 1, 0, 0, 0, 0, 0, 0, 0, 0, 1
"c:\Users\MSI SWORD 15 A12V\source\repos\SoftWhatsAppCRMDash\SoftWhatsAppCRMDash\wwwroot\lib\highcharts\themes\grid-light.src.js", "JavaScript", 0, 152, 0, 0, 0, 0, 0, 0, 57, 15, 224
"c:\Users\MSI SWORD 15 A12V\source\repos\SoftWhatsAppCRMDash\SoftWhatsAppCRMDash\wwwroot\lib\highcharts\themes\grid-light.src.min.js", "JavaScript", 0, 1, 0, 0, 0, 0, 0, 0, 0, 0, 1
"c:\Users\MSI SWORD 15 A12V\source\repos\SoftWhatsAppCRMDash\SoftWhatsAppCRMDash\wwwroot\lib\highcharts\themes\grid.js", "JavaScript", 0, 2, 0, 0, 0, 0, 0, 0, 7, 0, 9
"c:\Users\MSI SWORD 15 A12V\source\repos\SoftWhatsAppCRMDash\SoftWhatsAppCRMDash\wwwroot\lib\highcharts\themes\grid.min.js", "JavaScript", 0, 1, 0, 0, 0, 0, 0, 0, 0, 0, 1
"c:\Users\MSI SWORD 15 A12V\source\repos\SoftWhatsAppCRMDash\SoftWhatsAppCRMDash\wwwroot\lib\highcharts\themes\grid.src.js", "JavaScript", 0, 179, 0, 0, 0, 0, 0, 0, 55, 14, 248
"c:\Users\MSI SWORD 15 A12V\source\repos\SoftWhatsAppCRMDash\SoftWhatsAppCRMDash\wwwroot\lib\highcharts\themes\grid.src.min.js", "JavaScript", 0, 1, 0, 0, 0, 0, 0, 0, 0, 0, 1
"c:\Users\MSI SWORD 15 A12V\source\repos\SoftWhatsAppCRMDash\SoftWhatsAppCRMDash\wwwroot\lib\highcharts\themes\high-contrast-dark.js", "JavaScript", 0, 2, 0, 0, 0, 0, 0, 0, 7, 0, 9
"c:\Users\MSI SWORD 15 A12V\source\repos\SoftWhatsAppCRMDash\SoftWhatsAppCRMDash\wwwroot\lib\highcharts\themes\high-contrast-dark.min.js", "JavaScript", 0, 1, 0, 0, 0, 0, 0, 0, 0, 0, 1
"c:\Users\MSI SWORD 15 A12V\source\repos\SoftWhatsAppCRMDash\SoftWhatsAppCRMDash\wwwroot\lib\highcharts\themes\high-contrast-dark.src.js", "JavaScript", 0, 274, 0, 0, 0, 0, 0, 0, 59, 14, 347
"c:\Users\MSI SWORD 15 A12V\source\repos\SoftWhatsAppCRMDash\SoftWhatsAppCRMDash\wwwroot\lib\highcharts\themes\high-contrast-dark.src.min.js", "JavaScript", 0, 1, 0, 0, 0, 0, 0, 0, 0, 0, 1
"c:\Users\MSI SWORD 15 A12V\source\repos\SoftWhatsAppCRMDash\SoftWhatsAppCRMDash\wwwroot\lib\highcharts\themes\high-contrast-light.js", "JavaScript", 0, 2, 0, 0, 0, 0, 0, 0, 7, 0, 9
"c:\Users\MSI SWORD 15 A12V\source\repos\SoftWhatsAppCRMDash\SoftWhatsAppCRMDash\wwwroot\lib\highcharts\themes\high-contrast-light.min.js", "JavaScript", 0, 1, 0, 0, 0, 0, 0, 0, 0, 0, 1
"c:\Users\MSI SWORD 15 A12V\source\repos\SoftWhatsAppCRMDash\SoftWhatsAppCRMDash\wwwroot\lib\highcharts\themes\high-contrast-light.src.js", "JavaScript", 0, 114, 0, 0, 0, 0, 0, 0, 59, 14, 187
"c:\Users\MSI SWORD 15 A12V\source\repos\SoftWhatsAppCRMDash\SoftWhatsAppCRMDash\wwwroot\lib\highcharts\themes\high-contrast-light.src.min.js", "JavaScript", 0, 1, 0, 0, 0, 0, 0, 0, 0, 0, 1
"c:\Users\MSI SWORD 15 A12V\source\repos\SoftWhatsAppCRMDash\SoftWhatsAppCRMDash\wwwroot\lib\highcharts\themes\sand-signika.js", "JavaScript", 0, 2, 0, 0, 0, 0, 0, 0, 7, 0, 9
"c:\Users\MSI SWORD 15 A12V\source\repos\SoftWhatsAppCRMDash\SoftWhatsAppCRMDash\wwwroot\lib\highcharts\themes\sand-signika.min.js", "JavaScript", 0, 1, 0, 0, 0, 0, 0, 0, 0, 0, 1
"c:\Users\MSI SWORD 15 A12V\source\repos\SoftWhatsAppCRMDash\SoftWhatsAppCRMDash\wwwroot\lib\highcharts\themes\sand-signika.src.js", "JavaScript", 0, 178, 0, 0, 0, 0, 0, 0, 60, 16, 254
"c:\Users\MSI SWORD 15 A12V\source\repos\SoftWhatsAppCRMDash\SoftWhatsAppCRMDash\wwwroot\lib\highcharts\themes\sand-signika.src.min.js", "JavaScript", 0, 1, 0, 0, 0, 0, 0, 0, 0, 0, 1
"c:\Users\MSI SWORD 15 A12V\source\repos\SoftWhatsAppCRMDash\SoftWhatsAppCRMDash\wwwroot\lib\highcharts\themes\skies.js", "JavaScript", 0, 2, 0, 0, 0, 0, 0, 0, 7, 0, 9
"c:\Users\MSI SWORD 15 A12V\source\repos\SoftWhatsAppCRMDash\SoftWhatsAppCRMDash\wwwroot\lib\highcharts\themes\skies.min.js", "JavaScript", 0, 1, 0, 0, 0, 0, 0, 0, 0, 0, 1
"c:\Users\MSI SWORD 15 A12V\source\repos\SoftWhatsAppCRMDash\SoftWhatsAppCRMDash\wwwroot\lib\highcharts\themes\skies.src.js", "JavaScript", 0, 172, 0, 0, 0, 0, 0, 0, 55, 14, 241
"c:\Users\MSI SWORD 15 A12V\source\repos\SoftWhatsAppCRMDash\SoftWhatsAppCRMDash\wwwroot\lib\highcharts\themes\skies.src.min.js", "JavaScript", 0, 1, 0, 0, 0, 0, 0, 0, 0, 0, 1
"c:\Users\MSI SWORD 15 A12V\source\repos\SoftWhatsAppCRMDash\SoftWhatsAppCRMDash\wwwroot\lib\highcharts\themes\sunset.js", "JavaScript", 0, 2, 0, 0, 0, 0, 0, 0, 7, 0, 9
"c:\Users\MSI SWORD 15 A12V\source\repos\SoftWhatsAppCRMDash\SoftWhatsAppCRMDash\wwwroot\lib\highcharts\themes\sunset.min.js", "JavaScript", 0, 1, 0, 0, 0, 0, 0, 0, 0, 0, 1
"c:\Users\MSI SWORD 15 A12V\source\repos\SoftWhatsAppCRMDash\SoftWhatsAppCRMDash\wwwroot\lib\highcharts\themes\sunset.src.js", "JavaScript", 0, 107, 0, 0, 0, 0, 0, 0, 58, 14, 179
"c:\Users\MSI SWORD 15 A12V\source\repos\SoftWhatsAppCRMDash\SoftWhatsAppCRMDash\wwwroot\lib\highcharts\themes\sunset.src.min.js", "JavaScript", 0, 1, 0, 0, 0, 0, 0, 0, 0, 0, 1
"c:\Users\MSI SWORD 15 A12V\source\repos\SoftWhatsAppCRMDash\SoftWhatsAppCRMDash\wwwroot\lib\jquery-validation-unobtrusive\jquery.validate.unobtrusive.js", "JavaScript", 0, 306, 0, 0, 0, 0, 0, 0, 76, 54, 436
"c:\Users\MSI SWORD 15 A12V\source\repos\SoftWhatsAppCRMDash\SoftWhatsAppCRMDash\wwwroot\lib\jquery-validation-unobtrusive\jquery.validate.unobtrusive.min.js", "JavaScript", 0, 1, 0, 0, 0, 0, 0, 0, 7, 0, 8
"c:\Users\MSI SWORD 15 A12V\source\repos\SoftWhatsAppCRMDash\SoftWhatsAppCRMDash\wwwroot\lib\jquery-validation\LICENSE.md", "Markdown", 0, 0, 18, 0, 0, 0, 0, 0, 0, 5, 23
"c:\Users\MSI SWORD 15 A12V\source\repos\SoftWhatsAppCRMDash\SoftWhatsAppCRMDash\wwwroot\lib\jquery-validation\dist\additional-methods.js", "JavaScript", 0, 867, 0, 0, 0, 0, 0, 0, 443, 202, 1512
"c:\Users\MSI SWORD 15 A12V\source\repos\SoftWhatsAppCRMDash\SoftWhatsAppCRMDash\wwwroot\lib\jquery-validation\dist\additional-methods.min.js", "JavaScript", 0, 1, 0, 0, 0, 0, 0, 0, 3, 0, 4
"c:\Users\MSI SWORD 15 A12V\source\repos\SoftWhatsAppCRMDash\SoftWhatsAppCRMDash\wwwroot\lib\jquery-validation\dist\jquery.validate.js", "JavaScript", 0, 1228, 0, 0, 0, 0, 0, 0, 189, 244, 1661
"c:\Users\MSI SWORD 15 A12V\source\repos\SoftWhatsAppCRMDash\SoftWhatsAppCRMDash\wwwroot\lib\jquery-validation\dist\jquery.validate.min.js", "JavaScript", 0, 1, 0, 0, 0, 0, 0, 0, 3, 0, 4
"c:\Users\MSI SWORD 15 A12V\source\repos\SoftWhatsAppCRMDash\SoftWhatsAppCRMDash\wwwroot\lib\jquery\dist\jquery.js", "JavaScript", 0, 6895, 0, 0, 0, 0, 0, 0, 1911, 2076, 10882
"c:\Users\MSI SWORD 15 A12V\source\repos\SoftWhatsAppCRMDash\SoftWhatsAppCRMDash\wwwroot\lib\jquery\dist\jquery.min.js", "JavaScript", 0, 1, 0, 0, 0, 0, 0, 0, 1, 1, 3
"Total", "-", 2869, 786390, 36, 25894, 146311, 69143, 2315, 158, 761171, 43436, 1837723